MAKE,MODEL,YEAR,MODEL_YEAR_US_SALES,SALES_SCOPE,SALES_PERIOD,SALES_SOURCE_TYPE,SALES_SOURCE,SOURCE_URL,SOURCE_CONFIDENCE,NOTES
Nissan,300ZX,1990,39290,US,FULL_YEAR,DATABASE,Wikipedia,https://en.wikipedia.org/wiki/Nissan_300ZX,HIGH,US sales only for Z32 generation; Z31 had 70000+ NA total
Nissan,300ZX,1991,17652,US,FULL_YEAR,DATABASE,Wikipedia,https://en.wikipedia.org/wiki/Nissan_300ZX,HIGH,US sales only for Z32 generation; Z31 had 70000+ NA total
Nissan,300ZX,1992,6708,US,FULL_YEAR,DATABASE,Wikipedia,https://en.wikipedia.org/wiki/Nissan_300ZX,HIGH,US sales only for Z32 generation; Z31 had 70000+ NA total
Nissan,300ZX,1993,11599,US,FULL_YEAR,DATABASE,Wikipedia,https://en.wikipedia.org/wiki/Nissan_300ZX,HIGH,US sales only for Z32 generation; Z31 had 70000+ NA total
Nissan,300ZX,1994,5320,US,FULL_YEAR,DATABASE,Wikipedia,https://en.wikipedia.org/wiki/Nissan_300ZX,HIGH,US sales only for Z32 generation; Z31 had 70000+ NA total
Nissan,300ZX,1995,3135,US,FULL_YEAR,DATABASE,Wikipedia,https://en.wikipedia.org/wiki/Nissan_300ZX,HIGH,US sales only for Z32 generation; Z31 had 70000+ NA total
Nissan,300ZX,1996,2929,US,FULL_YEAR,DATABASE,Wikipedia,https://en.wikipedia.org/wiki/Nissan_300ZX,HIGH,US sales only for Z32 generation; Z31 had 70000+ NA total
Nissan,350Z,2003,36728,US,FULL_YEAR,DATABASE,Wikipedia,https://en.wikipedia.org/wiki/Nissan_350Z,HIGH,
Nissan,350Z,2004,30690,US,FULL_YEAR,DATABASE,Wikipedia,https://en.wikipedia.org/wiki/Nissan_350Z,HIGH,
Nissan,350Z,2005,27278,US,FULL_YEAR,DATABASE,Wikipedia,https://en.wikipedia.org/wiki/Nissan_350Z,HIGH,
Nissan,350Z,2006,24635,US,FULL_YEAR,DATABASE,Wikipedia,https://en.wikipedia.org/wiki/Nissan_350Z,HIGH,
Nissan,350Z,2007,18957,US,FULL_YEAR,DATABASE,Wikipedia,https://en.wikipedia.org/wiki/Nissan_350Z,HIGH,
Nissan,350Z,2008,10337,US,FULL_YEAR,DATABASE,Wikipedia,https://en.wikipedia.org/wiki/Nissan_350Z,HIGH,
Nissan,350Z,2009,0,US,FULL_YEAR,DATABASE,Wikipedia,https://en.wikipedia.org/wiki/Nissan_350Z,HIGH,
Nissan,370Z,2009,13117,US,FULL_YEAR,DATABASE,Wikipedia,https://en.wikipedia.org/wiki/Nissan_370Z,HIGH,
Nissan,370Z,2010,10215,US,FULL_YEAR,DATABASE,Wikipedia,https://en.wikipedia.org/wiki/Nissan_370Z,HIGH,
Nissan,370Z,2011,7328,US,FULL_YEAR,DATABASE,Wikipedia,https://en.wikipedia.org/wiki/Nissan_370Z,HIGH,
Nissan,370Z,2012,7338,US,FULL_YEAR,DATABASE,Wikipedia,https://en.wikipedia.org/wiki/Nissan_370Z,HIGH,
Nissan,370Z,2013,6561,US,FULL_YEAR,DATABASE,Wikipedia,https://en.wikipedia.org/wiki/Nissan_370Z,HIGH,
Nissan,370Z,2014,7199,US,FULL_YEAR,DATABASE,Wikipedia,https://en.wikipedia.org/wiki/Nissan_370Z,HIGH,
Nissan,370Z,2015,7391,US,FULL_YEAR,DATABASE,Wikipedia,https://en.wikipedia.org/wiki/Nissan_370Z,HIGH,
Nissan,370Z,2016,5913,US,FULL_YEAR,DATABASE,Wikipedia,https://en.wikipedia.org/wiki/Nissan_370Z,HIGH,
Nissan,370Z,2017,4614,US,FULL_YEAR,DATABASE,Wikipedia,https://en.wikipedia.org/wiki/Nissan_370Z,HIGH,
Nissan,370Z,2018,3468,US,FULL_YEAR,DATABASE,Wikipedia,https://en.wikipedia.org/wiki/Nissan_370Z,HIGH,
Nissan,370Z,2019,2384,US,FULL_YEAR,DATABASE,Wikipedia,https://en.wikipedia.org/wiki/Nissan_370Z,HIGH,
Nissan,370Z,2020,1954,US,FULL_YEAR,DATABASE,Wikipedia,https://en.wikipedia.org/wiki/Nissan_370Z,HIGH,
Nissan,Altima,1993,134791,US,FULL_YEAR,DATABASE,Wikipedia,https://en.wikipedia.org/wiki/Nissan_Altima,HIGH,
Nissan,Altima,1994,163138,US,FULL_YEAR,DATABASE,Wikipedia,https://en.wikipedia.org/wiki/Nissan_Altima,HIGH,
Nissan,Altima,1995,148172,US,FULL_YEAR,DATABASE,Wikipedia,https://en.wikipedia.org/wiki/Nissan_Altima,HIGH,
Nissan,Altima,1996,147910,US,FULL_YEAR,DATABASE,Wikipedia,https://en.wikipedia.org/wiki/Nissan_Altima,HIGH,
Nissan,Altima,1997,160000,US,FULL_YEAR,DATABASE,Wikipedia,https://en.wikipedia.org/wiki/Nissan_Altima,HIGH,
Nissan,Altima,1998,144451,US,FULL_YEAR,DATABASE,Wikipedia,https://en.wikipedia.org/wiki/Nissan_Altima,HIGH,
Nissan,Altima,1999,153525,US,FULL_YEAR,DATABASE,Wikipedia,https://en.wikipedia.org/wiki/Nissan_Altima,HIGH,
Nissan,Altima,2000,136971,US,FULL_YEAR,DATABASE,Wikipedia,https://en.wikipedia.org/wiki/Nissan_Altima,HIGH,
Nissan,Altima,2001,148345,US,FULL_YEAR,DATABASE,Wikipedia,https://en.wikipedia.org/wiki/Nissan_Altima,HIGH,
Nissan,Altima,2002,201822,US,FULL_YEAR,DATABASE,Wikipedia,https://en.wikipedia.org/wiki/Nissan_Altima,HIGH,
Nissan,Altima,2003,201240,US,FULL_YEAR,DATABASE,Wikipedia,https://en.wikipedia.org/wiki/Nissan_Altima,HIGH,
Nissan,Altima,2004,235889,US,FULL_YEAR,DATABASE,Wikipedia,https://en.wikipedia.org/wiki/Nissan_Altima,HIGH,
Nissan,Altima,2005,270440,US,FULL_YEAR,DATABASE,Wikipedia,https://en.wikipedia.org/wiki/Nissan_Altima,HIGH,
Nissan,Altima,2006,246454,US,FULL_YEAR,DATABASE,Wikipedia,https://en.wikipedia.org/wiki/Nissan_Altima,HIGH,
Nissan,Altima,2007,301888,US,FULL_YEAR,DATABASE,Wikipedia,https://en.wikipedia.org/wiki/Nissan_Altima,HIGH,
Nissan,Altima,2008,286344,US,FULL_YEAR,DATABASE,Wikipedia,https://en.wikipedia.org/wiki/Nissan_Altima,HIGH,
Nissan,Altima,2009,217420,US,FULL_YEAR,DATABASE,Wikipedia,https://en.wikipedia.org/wiki/Nissan_Altima,HIGH,
Nissan,Altima,2010,242688,US,FULL_YEAR,DATABASE,Wikipedia,https://en.wikipedia.org/wiki/Nissan_Altima,HIGH,
Nissan,Altima,2011,281518,US,FULL_YEAR,DATABASE,Wikipedia,https://en.wikipedia.org/wiki/Nissan_Altima,HIGH,
Nissan,Altima,2012,315727,US,FULL_YEAR,DATABASE,Wikipedia,https://en.wikipedia.org/wiki/Nissan_Altima,HIGH,
Nissan,Altima,2013,320723,US,FULL_YEAR,DATABASE,Wikipedia,https://en.wikipedia.org/wiki/Nissan_Altima,HIGH,
Nissan,Altima,2014,335644,US,FULL_YEAR,DATABASE,Wikipedia,https://en.wikipedia.org/wiki/Nissan_Altima,HIGH,
Nissan,Altima,2015,333398,US,FULL_YEAR,DATABASE,Wikipedia,https://en.wikipedia.org/wiki/Nissan_Altima,HIGH,
Nissan,Altima,2016,307380,US,FULL_YEAR,DATABASE,Wikipedia,https://en.wikipedia.org/wiki/Nissan_Altima,HIGH,
Nissan,Altima,2017,254996,US,FULL_YEAR,DATABASE,Wikipedia,https://en.wikipedia.org/wiki/Nissan_Altima,HIGH,
Nissan,Altima,2018,209146,US,FULL_YEAR,DATABASE,Wikipedia,https://en.wikipedia.org/wiki/Nissan_Altima,HIGH,
Nissan,Altima,2019,209183,US,FULL_YEAR,DATABASE,Wikipedia,https://en.wikipedia.org/wiki/Nissan_Altima,HIGH,
Nissan,Altima,2020,137988,US,FULL_YEAR,DATABASE,Wikipedia,https://en.wikipedia.org/wiki/Nissan_Altima,HIGH,
Nissan,Altima,2021,103777,US,FULL_YEAR,DATABASE,Wikipedia,https://en.wikipedia.org/wiki/Nissan_Altima,HIGH,
Nissan,Altima,2022,139955,US,FULL_YEAR,DATABASE,Wikipedia,https://en.wikipedia.org/wiki/Nissan_Altima,HIGH,
Nissan,Altima,2023,128030,US,FULL_YEAR,DATABASE,Wikipedia,https://en.wikipedia.org/wiki/Nissan_Altima,HIGH,
Nissan,Altima,2024,113898,US,FULL_YEAR,DATABASE,Wikipedia,https://en.wikipedia.org/wiki/Nissan_Altima,HIGH,
Nissan,Altima,2025,93268,US,FULL_YEAR,DATABASE,Wikipedia,https://en.wikipedia.org/wiki/Nissan_Altima,HIGH,
Nissan,Ariya,2023,13464,US,FULL_YEAR,DATABASE,Wikipedia,https://en.wikipedia.org/wiki/Nissan_Ariya,HIGH,
Nissan,Ariya,2024,19798,US,FULL_YEAR,DATABASE,Wikipedia,https://en.wikipedia.org/wiki/Nissan_Ariya,HIGH,
Nissan,Ariya,2025,14906,US,FULL_YEAR,DATABASE,Wikipedia,https://en.wikipedia.org/wiki/Nissan_Ariya,HIGH,
Nissan,Armada,2004,37275,US,FULL_YEAR,DATABASE,Wikipedia,https://en.wikipedia.org/wiki/Nissan_Armada,HIGH,
Nissan,Armada,2005,39508,US,FULL_YEAR,DATABASE,Wikipedia,https://en.wikipedia.org/wiki/Nissan_Armada,HIGH,
Nissan,Armada,2006,32864,US,FULL_YEAR,DATABASE,Wikipedia,https://en.wikipedia.org/wiki/Nissan_Armada,HIGH,
Nissan,Armada,2007,31632,US,FULL_YEAR,DATABASE,Wikipedia,https://en.wikipedia.org/wiki/Nissan_Armada,HIGH,
Nissan,Armada,2008,15685,US,FULL_YEAR,DATABASE,Wikipedia,https://en.wikipedia.org/wiki/Nissan_Armada,HIGH,
Nissan,Armada,2009,9903,US,FULL_YEAR,DATABASE,Wikipedia,https://en.wikipedia.org/wiki/Nissan_Armada,HIGH,
Nissan,Armada,2010,19344,US,FULL_YEAR,DATABASE,Wikipedia,https://en.wikipedia.org/wiki/Nissan_Armada,HIGH,
Nissan,Armada,2011,18311,US,FULL_YEAR,DATABASE,Wikipedia,https://en.wikipedia.org/wiki/Nissan_Armada,HIGH,
Nissan,Armada,2012,18072,US,FULL_YEAR,DATABASE,Wikipedia,https://en.wikipedia.org/wiki/Nissan_Armada,HIGH,
Nissan,Armada,2013,14383,US,FULL_YEAR,DATABASE,Wikipedia,https://en.wikipedia.org/wiki/Nissan_Armada,HIGH,
Nissan,Armada,2014,12593,US,FULL_YEAR,DATABASE,Wikipedia,https://en.wikipedia.org/wiki/Nissan_Armada,HIGH,
Nissan,Armada,2015,12737,US,FULL_YEAR,DATABASE,Wikipedia,https://en.wikipedia.org/wiki/Nissan_Armada,HIGH,
Nissan,Armada,2017,35667,US,FULL_YEAR,DATABASE,Wikipedia,https://en.wikipedia.org/wiki/Nissan_Armada,HIGH,
Nissan,Armada,2018,32650,US,FULL_YEAR,DATABASE,Wikipedia,https://en.wikipedia.org/wiki/Nissan_Armada,HIGH,
Nissan,Armada,2019,32044,US,FULL_YEAR,DATABASE,Wikipedia,https://en.wikipedia.org/wiki/Nissan_Armada,HIGH,
Nissan,Armada,2020,19640,US,FULL_YEAR,DATABASE,Wikipedia,https://en.wikipedia.org/wiki/Nissan_Armada,HIGH,
Nissan,Armada,2021,22814,US,FULL_YEAR,DATABASE,Wikipedia,https://en.wikipedia.org/wiki/Nissan_Armada,HIGH,
Nissan,Armada,2022,11923,US,FULL_YEAR,DATABASE,Wikipedia,https://en.wikipedia.org/wiki/Nissan_Armada,HIGH,
Nissan,Armada,2023,21184,US,FULL_YEAR,DATABASE,Wikipedia,https://en.wikipedia.org/wiki/Nissan_Armada,HIGH,
Nissan,Armada,2024,15267,US,FULL_YEAR,DATABASE,Wikipedia,https://en.wikipedia.org/wiki/Nissan_Armada,HIGH,
Nissan,Armada,2025,17465,US,FULL_YEAR,DATABASE,Wikipedia,https://en.wikipedia.org/wiki/Nissan_Armada,HIGH,
Nissan,Cube,2009,21471,US,FULL_YEAR,DATABASE,Wikipedia,https://en.wikipedia.org/wiki/Nissan_Cube,HIGH,
Nissan,Cube,2010,22968,US,FULL_YEAR,DATABASE,Wikipedia,https://en.wikipedia.org/wiki/Nissan_Cube,HIGH,
Nissan,Cube,2011,14459,US,FULL_YEAR,DATABASE,Wikipedia,https://en.wikipedia.org/wiki/Nissan_Cube,HIGH,
Nissan,Cube,2012,8354,US,FULL_YEAR,DATABASE,Wikipedia,https://en.wikipedia.org/wiki/Nissan_Cube,HIGH,
Nissan,Cube,2013,5461,US,FULL_YEAR,DATABASE,Wikipedia,https://en.wikipedia.org/wiki/Nissan_Cube,HIGH,
Nissan,Cube,2014,3784,US,FULL_YEAR,DATABASE,Wikipedia,https://en.wikipedia.org/wiki/Nissan_Cube,HIGH,
Nissan,GT-R,2009,3158,US,FULL_YEAR,DATABASE,Wikipedia,https://en.wikipedia.org/wiki/Nissan_GT-R,HIGH,North America sales figures
Nissan,GT-R,2010,1576,US,FULL_YEAR,DATABASE,Wikipedia,https://en.wikipedia.org/wiki/Nissan_GT-R,HIGH,North America sales figures
Nissan,GT-R,2011,368,US,FULL_YEAR,DATABASE,Wikipedia,https://en.wikipedia.org/wiki/Nissan_GT-R,HIGH,North America sales figures
Nissan,GT-R,2012,1379,US,FULL_YEAR,DATABASE,Wikipedia,https://en.wikipedia.org/wiki/Nissan_GT-R,HIGH,North America sales figures
Nissan,GT-R,2013,1566,US,FULL_YEAR,DATABASE,Wikipedia,https://en.wikipedia.org/wiki/Nissan_GT-R,HIGH,North America sales figures
Nissan,GT-R,2014,1736,US,FULL_YEAR,DATABASE,Wikipedia,https://en.wikipedia.org/wiki/Nissan_GT-R,HIGH,North America sales figures
Nissan,GT-R,2015,1816,US,FULL_YEAR,DATABASE,Wikipedia,https://en.wikipedia.org/wiki/Nissan_GT-R,HIGH,North America sales figures
Nissan,GT-R,2016,984,US,FULL_YEAR,DATABASE,Wikipedia,https://en.wikipedia.org/wiki/Nissan_GT-R,HIGH,North America sales figures
Nissan,GT-R,2017,1318,US,FULL_YEAR,DATABASE,Wikipedia,https://en.wikipedia.org/wiki/Nissan_GT-R,HIGH,North America sales figures
Nissan,GT-R,2018,458,US,FULL_YEAR,DATABASE,Wikipedia,https://en.wikipedia.org/wiki/Nissan_GT-R,HIGH,North America sales figures
Nissan,GT-R,2019,245,US,FULL_YEAR,DATABASE,Wikipedia,https://en.wikipedia.org/wiki/Nissan_GT-R,HIGH,North America sales figures
Nissan,GT-R,2020,453,US,FULL_YEAR,DATABASE,Wikipedia,https://en.wikipedia.org/wiki/Nissan_GT-R,HIGH,North America sales figures
Nissan,GT-R,2021,384,US,FULL_YEAR,DATABASE,Wikipedia,https://en.wikipedia.org/wiki/Nissan_GT-R,HIGH,North America sales figures
Nissan,GT-R,2023,270,US,FULL_YEAR,DATABASE,Wikipedia,https://en.wikipedia.org/wiki/Nissan_GT-R,HIGH,North America sales figures
Nissan,Juke,2011,35886,US,FULL_YEAR,DATABASE,Wikipedia,https://en.wikipedia.org/wiki/Nissan_Juke,HIGH,
Nissan,Juke,2012,36358,US,FULL_YEAR,DATABASE,Wikipedia,https://en.wikipedia.org/wiki/Nissan_Juke,HIGH,
Nissan,Juke,2013,38157,US,FULL_YEAR,DATABASE,Wikipedia,https://en.wikipedia.org/wiki/Nissan_Juke,HIGH,
Nissan,Juke,2014,38184,US,FULL_YEAR,DATABASE,Wikipedia,https://en.wikipedia.org/wiki/Nissan_Juke,HIGH,
Nissan,Juke,2015,27121,US,FULL_YEAR,DATABASE,Wikipedia,https://en.wikipedia.org/wiki/Nissan_Juke,HIGH,
Nissan,Juke,2016,19577,US,FULL_YEAR,DATABASE,Wikipedia,https://en.wikipedia.org/wiki/Nissan_Juke,HIGH,
Nissan,Juke,2017,10157,US,FULL_YEAR,DATABASE,Wikipedia,https://en.wikipedia.org/wiki/Nissan_Juke,HIGH,
Nissan,Kicks,2018,35864,US,FULL_YEAR,DATABASE,Wikipedia,https://en.wikipedia.org/wiki/Nissan_Kicks,HIGH,
Nissan,Kicks,2019,47785,US,FULL_YEAR,DATABASE,Wikipedia,https://en.wikipedia.org/wiki/Nissan_Kicks,HIGH,
Nissan,Kicks,2020,26373,US,FULL_YEAR,DATABASE,Wikipedia,https://en.wikipedia.org/wiki/Nissan_Kicks,HIGH,
Nissan,Kicks,2021,82960,US,FULL_YEAR,DATABASE,Wikipedia,https://en.wikipedia.org/wiki/Nissan_Kicks,HIGH,
Nissan,Kicks,2022,54879,US,FULL_YEAR,DATABASE,Wikipedia,https://en.wikipedia.org/wiki/Nissan_Kicks,HIGH,
Nissan,Kicks,2023,66820,US,FULL_YEAR,DATABASE,Wikipedia,https://en.wikipedia.org/wiki/Nissan_Kicks,HIGH,
Nissan,Kicks,2024,77356,US,FULL_YEAR,DATABASE,Wikipedia,https://en.wikipedia.org/wiki/Nissan_Kicks,HIGH,
Nissan,Kicks,2025,103575,US,FULL_YEAR,DATABASE,Wikipedia,https://en.wikipedia.org/wiki/Nissan_Kicks,HIGH,
Nissan,Leaf,2011,9674,US,FULL_YEAR,DATABASE,Wikipedia,https://en.wikipedia.org/wiki/Nissan_Leaf,HIGH,
Nissan,Leaf,2012,9819,US,FULL_YEAR,DATABASE,Wikipedia,https://en.wikipedia.org/wiki/Nissan_Leaf,HIGH,
Nissan,Leaf,2013,22610,US,FULL_YEAR,DATABASE,Wikipedia,https://en.wikipedia.org/wiki/Nissan_Leaf,HIGH,
Nissan,Leaf,2014,30200,US,FULL_YEAR,DATABASE,Wikipedia,https://en.wikipedia.org/wiki/Nissan_Leaf,HIGH,
Nissan,Leaf,2015,17269,US,FULL_YEAR,DATABASE,Wikipedia,https://en.wikipedia.org/wiki/Nissan_Leaf,HIGH,
Nissan,Leaf,2016,14006,US,FULL_YEAR,DATABASE,Wikipedia,https://en.wikipedia.org/wiki/Nissan_Leaf,HIGH,
Nissan,Leaf,2017,11230,US,FULL_YEAR,DATABASE,Wikipedia,https://en.wikipedia.org/wiki/Nissan_Leaf,HIGH,
Nissan,Leaf,2018,14715,US,FULL_YEAR,DATABASE,Wikipedia,https://en.wikipedia.org/wiki/Nissan_Leaf,HIGH,
Nissan,Leaf,2019,12365,US,FULL_YEAR,DATABASE,Wikipedia,https://en.wikipedia.org/wiki/Nissan_Leaf,HIGH,
Nissan,Leaf,2020,9559,US,FULL_YEAR,DATABASE,Wikipedia,https://en.wikipedia.org/wiki/Nissan_Leaf,HIGH,
Nissan,Leaf,2021,14237,US,FULL_YEAR,DATABASE,Wikipedia,https://en.wikipedia.org/wiki/Nissan_Leaf,HIGH,
Nissan,Leaf,2022,12026,US,FULL_YEAR,DATABASE,Wikipedia,https://en.wikipedia.org/wiki/Nissan_Leaf,HIGH,
Nissan,Leaf,2023,7152,US,FULL_YEAR,DATABASE,Wikipedia,https://en.wikipedia.org/wiki/Nissan_Leaf,HIGH,
Nissan,Leaf,2024,11226,US,FULL_YEAR,DATABASE,Wikipedia,https://en.wikipedia.org/wiki/Nissan_Leaf,HIGH,
Nissan,Maxima,1982,54187,US,FULL_YEAR,DATABASE,Wikipedia,https://en.wikipedia.org/wiki/Nissan_Maxima,HIGH,
Nissan,Maxima,1983,76209,US,FULL_YEAR,DATABASE,Wikipedia,https://en.wikipedia.org/wiki/Nissan_Maxima,HIGH,
Nissan,Maxima,1984,68209,US,FULL_YEAR,DATABASE,Wikipedia,https://en.wikipedia.org/wiki/Nissan_Maxima,HIGH,
Nissan,Maxima,1985,99051,US,FULL_YEAR,DATABASE,Wikipedia,https://en.wikipedia.org/wiki/Nissan_Maxima,HIGH,
Nissan,Maxima,1986,112755,US,FULL_YEAR,DATABASE,Wikipedia,https://en.wikipedia.org/wiki/Nissan_Maxima,HIGH,
Nissan,Maxima,1987,93269,US,FULL_YEAR,DATABASE,Wikipedia,https://en.wikipedia.org/wiki/Nissan_Maxima,HIGH,
Nissan,Maxima,1988,74451,US,FULL_YEAR,DATABASE,Wikipedia,https://en.wikipedia.org/wiki/Nissan_Maxima,HIGH,
Nissan,Maxima,1989,109429,US,FULL_YEAR,DATABASE,Wikipedia,https://en.wikipedia.org/wiki/Nissan_Maxima,HIGH,
Nissan,Maxima,1990,100067,US,FULL_YEAR,DATABASE,Wikipedia,https://en.wikipedia.org/wiki/Nissan_Maxima,HIGH,
Nissan,Maxima,1991,99026,US,FULL_YEAR,DATABASE,Wikipedia,https://en.wikipedia.org/wiki/Nissan_Maxima,HIGH,
Nissan,Maxima,1992,84593,US,FULL_YEAR,DATABASE,Wikipedia,https://en.wikipedia.org/wiki/Nissan_Maxima,HIGH,
Nissan,Maxima,1993,87602,US,FULL_YEAR,DATABASE,Wikipedia,https://en.wikipedia.org/wiki/Nissan_Maxima,HIGH,
Nissan,Maxima,1994,163138,US,FULL_YEAR,DATABASE,Wikipedia,https://en.wikipedia.org/wiki/Nissan_Maxima,HIGH,
Nissan,Maxima,1995,128599,US,FULL_YEAR,DATABASE,Wikipedia,https://en.wikipedia.org/wiki/Nissan_Maxima,HIGH,
Nissan,Maxima,1996,128395,US,FULL_YEAR,DATABASE,Wikipedia,https://en.wikipedia.org/wiki/Nissan_Maxima,HIGH,
Nissan,Maxima,1997,123215,US,FULL_YEAR,DATABASE,Wikipedia,https://en.wikipedia.org/wiki/Nissan_Maxima,HIGH,
Nissan,Maxima,1998,113843,US,FULL_YEAR,DATABASE,Wikipedia,https://en.wikipedia.org/wiki/Nissan_Maxima,HIGH,
Nissan,Maxima,1999,131182,US,FULL_YEAR,DATABASE,Wikipedia,https://en.wikipedia.org/wiki/Nissan_Maxima,HIGH,
Nissan,Maxima,2000,129235,US,FULL_YEAR,DATABASE,Wikipedia,https://en.wikipedia.org/wiki/Nissan_Maxima,HIGH,
Nissan,Maxima,2001,102535,US,FULL_YEAR,DATABASE,Wikipedia,https://en.wikipedia.org/wiki/Nissan_Maxima,HIGH,
Nissan,Maxima,2002,98502,US,FULL_YEAR,DATABASE,Wikipedia,https://en.wikipedia.org/wiki/Nissan_Maxima,HIGH,
Nissan,Maxima,2003,86758,US,FULL_YEAR,DATABASE,Wikipedia,https://en.wikipedia.org/wiki/Nissan_Maxima,HIGH,
Nissan,Maxima,2004,76367,US,FULL_YEAR,DATABASE,Wikipedia,https://en.wikipedia.org/wiki/Nissan_Maxima,HIGH,
Nissan,Maxima,2005,75425,US,FULL_YEAR,DATABASE,Wikipedia,https://en.wikipedia.org/wiki/Nissan_Maxima,HIGH,
Nissan,Maxima,2006,69763,US,FULL_YEAR,DATABASE,Wikipedia,https://en.wikipedia.org/wiki/Nissan_Maxima,HIGH,
Nissan,Maxima,2007,52574,US,FULL_YEAR,DATABASE,Wikipedia,https://en.wikipedia.org/wiki/Nissan_Maxima,HIGH,
Nissan,Maxima,2008,47072,US,FULL_YEAR,DATABASE,Wikipedia,https://en.wikipedia.org/wiki/Nissan_Maxima,HIGH,
Nissan,Maxima,2009,53351,US,FULL_YEAR,DATABASE,Wikipedia,https://en.wikipedia.org/wiki/Nissan_Maxima,HIGH,
Nissan,Maxima,2010,60569,US,FULL_YEAR,DATABASE,Wikipedia,https://en.wikipedia.org/wiki/Nissan_Maxima,HIGH,
Nissan,Maxima,2011,58737,US,FULL_YEAR,DATABASE,Wikipedia,https://en.wikipedia.org/wiki/Nissan_Maxima,HIGH,
Nissan,Maxima,2012,59349,US,FULL_YEAR,DATABASE,Wikipedia,https://en.wikipedia.org/wiki/Nissan_Maxima,HIGH,
Nissan,Maxima,2013,53896,US,FULL_YEAR,DATABASE,Wikipedia,https://en.wikipedia.org/wiki/Nissan_Maxima,HIGH,
Nissan,Maxima,2014,50401,US,FULL_YEAR,DATABASE,Wikipedia,https://en.wikipedia.org/wiki/Nissan_Maxima,HIGH,
Nissan,Maxima,2016,62670,US,FULL_YEAR,DATABASE,Wikipedia,https://en.wikipedia.org/wiki/Nissan_Maxima,HIGH,
Nissan,Maxima,2017,67627,US,FULL_YEAR,DATABASE,Wikipedia,https://en.wikipedia.org/wiki/Nissan_Maxima,HIGH,
Nissan,Maxima,2018,42337,US,FULL_YEAR,DATABASE,Wikipedia,https://en.wikipedia.org/wiki/Nissan_Maxima,HIGH,
Nissan,Maxima,2019,35076,US,FULL_YEAR,DATABASE,Wikipedia,https://en.wikipedia.org/wiki/Nissan_Maxima,HIGH,
Nissan,Maxima,2020,18062,US,FULL_YEAR,DATABASE,Wikipedia,https://en.wikipedia.org/wiki/Nissan_Maxima,HIGH,
Nissan,Maxima,2021,16386,US,FULL_YEAR,DATABASE,Wikipedia,https://en.wikipedia.org/wiki/Nissan_Maxima,HIGH,
Nissan,Maxima,2022,7110,US,FULL_YEAR,DATABASE,Wikipedia,https://en.wikipedia.org/wiki/Nissan_Maxima,HIGH,
Nissan,Maxima,2023,9653,US,FULL_YEAR,DATABASE,Wikipedia,https://en.wikipedia.org/wiki/Nissan_Maxima,HIGH,
Nissan,Murano,2003,56075,US,FULL_YEAR,DATABASE,Wikipedia,https://en.wikipedia.org/wiki/Nissan_Murano,HIGH,
Nissan,Murano,2004,62057,US,FULL_YEAR,DATABASE,Wikipedia,https://en.wikipedia.org/wiki/Nissan_Murano,HIGH,
Nissan,Murano,2005,74454,US,FULL_YEAR,DATABASE,Wikipedia,https://en.wikipedia.org/wiki/Nissan_Murano,HIGH,
Nissan,Murano,2006,81362,US,FULL_YEAR,DATABASE,Wikipedia,https://en.wikipedia.org/wiki/Nissan_Murano,HIGH,
Nissan,Murano,2007,76358,US,FULL_YEAR,DATABASE,Wikipedia,https://en.wikipedia.org/wiki/Nissan_Murano,HIGH,
Nissan,Murano,2008,71401,US,FULL_YEAR,DATABASE,Wikipedia,https://en.wikipedia.org/wiki/Nissan_Murano,HIGH,
Nissan,Murano,2009,52546,US,FULL_YEAR,DATABASE,Wikipedia,https://en.wikipedia.org/wiki/Nissan_Murano,HIGH,
Nissan,Murano,2010,53999,US,FULL_YEAR,DATABASE,Wikipedia,https://en.wikipedia.org/wiki/Nissan_Murano,HIGH,
Nissan,Murano,2011,53626,US,FULL_YEAR,DATABASE,Wikipedia,https://en.wikipedia.org/wiki/Nissan_Murano,HIGH,
Nissan,Murano,2012,51675,US,FULL_YEAR,DATABASE,Wikipedia,https://en.wikipedia.org/wiki/Nissan_Murano,HIGH,
Nissan,Murano,2013,44684,US,FULL_YEAR,DATABASE,Wikipedia,https://en.wikipedia.org/wiki/Nissan_Murano,HIGH,
Nissan,Murano,2014,47301,US,FULL_YEAR,DATABASE,Wikipedia,https://en.wikipedia.org/wiki/Nissan_Murano,HIGH,
Nissan,Murano,2015,62907,US,FULL_YEAR,DATABASE,Wikipedia,https://en.wikipedia.org/wiki/Nissan_Murano,HIGH,
Nissan,Murano,2016,86953,US,FULL_YEAR,DATABASE,Wikipedia,https://en.wikipedia.org/wiki/Nissan_Murano,HIGH,
Nissan,Murano,2017,76732,US,FULL_YEAR,DATABASE,Wikipedia,https://en.wikipedia.org/wiki/Nissan_Murano,HIGH,
Nissan,Murano,2018,83547,US,FULL_YEAR,DATABASE,Wikipedia,https://en.wikipedia.org/wiki/Nissan_Murano,HIGH,
Nissan,Murano,2019,68361,US,FULL_YEAR,DATABASE,Wikipedia,https://en.wikipedia.org/wiki/Nissan_Murano,HIGH,
Nissan,Murano,2020,58255,US,FULL_YEAR,DATABASE,Wikipedia,https://en.wikipedia.org/wiki/Nissan_Murano,HIGH,
Nissan,Murano,2021,46117,US,FULL_YEAR,DATABASE,Wikipedia,https://en.wikipedia.org/wiki/Nissan_Murano,HIGH,
Nissan,Murano,2022,30074,US,FULL_YEAR,DATABASE,Wikipedia,https://en.wikipedia.org/wiki/Nissan_Murano,HIGH,
Nissan,Murano,2023,31137,US,FULL_YEAR,DATABASE,Wikipedia,https://en.wikipedia.org/wiki/Nissan_Murano,HIGH,
Nissan,Murano,2024,19316,US,FULL_YEAR,DATABASE,Wikipedia,https://en.wikipedia.org/wiki/Nissan_Murano,HIGH,
Nissan,Murano,2025,42747,US,FULL_YEAR,DATABASE,Wikipedia,https://en.wikipedia.org/wiki/Nissan_Murano,HIGH,
Nissan,Pathfinder,2005,76149,US,FULL_YEAR,DATABASE,Wikipedia,https://en.wikipedia.org/wiki/Nissan_Pathfinder,HIGH,
Nissan,Pathfinder,2006,73124,US,FULL_YEAR,DATABASE,Wikipedia,https://en.wikipedia.org/wiki/Nissan_Pathfinder,HIGH,
Nissan,Pathfinder,2007,63056,US,FULL_YEAR,DATABASE,Wikipedia,https://en.wikipedia.org/wiki/Nissan_Pathfinder,HIGH,
Nissan,Pathfinder,2008,33555,US,FULL_YEAR,DATABASE,Wikipedia,https://en.wikipedia.org/wiki/Nissan_Pathfinder,HIGH,
Nissan,Pathfinder,2009,18341,US,FULL_YEAR,DATABASE,Wikipedia,https://en.wikipedia.org/wiki/Nissan_Pathfinder,HIGH,
Nissan,Pathfinder,2010,21438,US,FULL_YEAR,DATABASE,Wikipedia,https://en.wikipedia.org/wiki/Nissan_Pathfinder,HIGH,
Nissan,Pathfinder,2011,25935,US,FULL_YEAR,DATABASE,Wikipedia,https://en.wikipedia.org/wiki/Nissan_Pathfinder,HIGH,
Nissan,Pathfinder,2012,42621,US,FULL_YEAR,DATABASE,Wikipedia,https://en.wikipedia.org/wiki/Nissan_Pathfinder,HIGH,
Nissan,Pathfinder,2013,88632,US,FULL_YEAR,DATABASE,Wikipedia,https://en.wikipedia.org/wiki/Nissan_Pathfinder,HIGH,
Nissan,Pathfinder,2014,79111,US,FULL_YEAR,DATABASE,Wikipedia,https://en.wikipedia.org/wiki/Nissan_Pathfinder,HIGH,
Nissan,Pathfinder,2015,82041,US,FULL_YEAR,DATABASE,Wikipedia,https://en.wikipedia.org/wiki/Nissan_Pathfinder,HIGH,
Nissan,Pathfinder,2016,81701,US,FULL_YEAR,DATABASE,Wikipedia,https://en.wikipedia.org/wiki/Nissan_Pathfinder,HIGH,
Nissan,Pathfinder,2017,81065,US,FULL_YEAR,DATABASE,Wikipedia,https://en.wikipedia.org/wiki/Nissan_Pathfinder,HIGH,
Nissan,Pathfinder,2018,67550,US,FULL_YEAR,DATABASE,Wikipedia,https://en.wikipedia.org/wiki/Nissan_Pathfinder,HIGH,
Nissan,Pathfinder,2019,65691,US,FULL_YEAR,DATABASE,Wikipedia,https://en.wikipedia.org/wiki/Nissan_Pathfinder,HIGH,
Nissan,Pathfinder,2020,48579,US,FULL_YEAR,DATABASE,Wikipedia,https://en.wikipedia.org/wiki/Nissan_Pathfinder,HIGH,
Nissan,Pathfinder,2022,57862,US,FULL_YEAR,DATABASE,Wikipedia,https://en.wikipedia.org/wiki/Nissan_Pathfinder,HIGH,
Nissan,Pathfinder,2023,71710,US,FULL_YEAR,DATABASE,Wikipedia,https://en.wikipedia.org/wiki/Nissan_Pathfinder,HIGH,
Nissan,Pathfinder,2024,80915,US,FULL_YEAR,DATABASE,Wikipedia,https://en.wikipedia.org/wiki/Nissan_Pathfinder,HIGH,
Nissan,Pathfinder,2025,101598,US,FULL_YEAR,DATABASE,Wikipedia,https://en.wikipedia.org/wiki/Nissan_Pathfinder,HIGH,
Nissan,Rogue,2008,75053,US,FULL_YEAR,DATABASE,Wikipedia,https://en.wikipedia.org/wiki/Nissan_Rogue,HIGH,
Nissan,Rogue,2009,77222,US,FULL_YEAR,DATABASE,Wikipedia,https://en.wikipedia.org/wiki/Nissan_Rogue,HIGH,
Nissan,Rogue,2010,99515,US,FULL_YEAR,DATABASE,Wikipedia,https://en.wikipedia.org/wiki/Nissan_Rogue,HIGH,
Nissan,Rogue,2011,124543,US,FULL_YEAR,DATABASE,Wikipedia,https://en.wikipedia.org/wiki/Nissan_Rogue,HIGH,
Nissan,Rogue,2012,142349,US,FULL_YEAR,DATABASE,Wikipedia,https://en.wikipedia.org/wiki/Nissan_Rogue,HIGH,
Nissan,Rogue,2013,162751,US,FULL_YEAR,DATABASE,Wikipedia,https://en.wikipedia.org/wiki/Nissan_Rogue,HIGH,
Nissan,Rogue,2014,199199,US,FULL_YEAR,DATABASE,Wikipedia,https://en.wikipedia.org/wiki/Nissan_Rogue,HIGH,
Nissan,Rogue,2015,287190,US,FULL_YEAR,DATABASE,Wikipedia,https://en.wikipedia.org/wiki/Nissan_Rogue,HIGH,
Nissan,Rogue,2016,329904,US,FULL_YEAR,DATABASE,Wikipedia,https://en.wikipedia.org/wiki/Nissan_Rogue,HIGH,
Nissan,Rogue,2017,403465,US,FULL_YEAR,DATABASE,Wikipedia,https://en.wikipedia.org/wiki/Nissan_Rogue,HIGH,
Nissan,Rogue,2018,412110,US,FULL_YEAR,DATABASE,Wikipedia,https://en.wikipedia.org/wiki/Nissan_Rogue,HIGH,
Nissan,Rogue,2019,350447,US,FULL_YEAR,DATABASE,Wikipedia,https://en.wikipedia.org/wiki/Nissan_Rogue,HIGH,
Nissan,Rogue,2020,227935,US,FULL_YEAR,DATABASE,Wikipedia,https://en.wikipedia.org/wiki/Nissan_Rogue,HIGH,
Nissan,Rogue,2021,285602,US,FULL_YEAR,DATABASE,Wikipedia,https://en.wikipedia.org/wiki/Nissan_Rogue,HIGH,
Nissan,Rogue,2022,186480,US,FULL_YEAR,DATABASE,Wikipedia,https://en.wikipedia.org/wiki/Nissan_Rogue,HIGH,
Nissan,Rogue,2023,271458,US,FULL_YEAR,DATABASE,Wikipedia,https://en.wikipedia.org/wiki/Nissan_Rogue,HIGH,
Nissan,Rogue,2024,245724,US,FULL_YEAR,DATABASE,Wikipedia,https://en.wikipedia.org/wiki/Nissan_Rogue,HIGH,
Nissan,Rogue,2025,217896,US,FULL_YEAR,DATABASE,Wikipedia,https://en.wikipedia.org/wiki/Nissan_Rogue,HIGH,
Nissan,Versa,2007,79443,US,FULL_YEAR,DATABASE,Wikipedia,https://en.wikipedia.org/wiki/Nissan_Versa,HIGH,
Nissan,Versa,2008,85182,US,FULL_YEAR,DATABASE,Wikipedia,https://en.wikipedia.org/wiki/Nissan_Versa,HIGH,
Nissan,Versa,2009,82906,US,FULL_YEAR,DATABASE,Wikipedia,https://en.wikipedia.org/wiki/Nissan_Versa,HIGH,
Nissan,Versa,2010,99705,US,FULL_YEAR,DATABASE,Wikipedia,https://en.wikipedia.org/wiki/Nissan_Versa,HIGH,
Nissan,Versa,2011,99730,US,FULL_YEAR,DATABASE,Wikipedia,https://en.wikipedia.org/wiki/Nissan_Versa,HIGH,
Nissan,Versa,2012,113327,US,FULL_YEAR,DATABASE,Wikipedia,https://en.wikipedia.org/wiki/Nissan_Versa,HIGH,
Nissan,Versa,2013,117352,US,FULL_YEAR,DATABASE,Wikipedia,https://en.wikipedia.org/wiki/Nissan_Versa,HIGH,
Nissan,Versa,2014,139781,US,FULL_YEAR,DATABASE,Wikipedia,https://en.wikipedia.org/wiki/Nissan_Versa,HIGH,
Nissan,Versa,2015,144528,US,FULL_YEAR,DATABASE,Wikipedia,https://en.wikipedia.org/wiki/Nissan_Versa,HIGH,
Nissan,Versa,2016,132214,US,FULL_YEAR,DATABASE,Wikipedia,https://en.wikipedia.org/wiki/Nissan_Versa,HIGH,
Nissan,Versa,2017,106772,US,FULL_YEAR,DATABASE,Wikipedia,https://en.wikipedia.org/wiki/Nissan_Versa,HIGH,
Nissan,Versa,2018,75809,US,FULL_YEAR,DATABASE,Wikipedia,https://en.wikipedia.org/wiki/Nissan_Versa,HIGH,
Nissan,Versa,2019,66596,US,FULL_YEAR,DATABASE,Wikipedia,https://en.wikipedia.org/wiki/Nissan_Versa,HIGH,
Nissan,Versa,2020,48273,US,FULL_YEAR,DATABASE,Wikipedia,https://en.wikipedia.org/wiki/Nissan_Versa,HIGH,
Nissan,Versa,2021,60913,US,FULL_YEAR,DATABASE,Wikipedia,https://en.wikipedia.org/wiki/Nissan_Versa,HIGH,
Nissan,Versa,2022,13396,US,FULL_YEAR,DATABASE,Wikipedia,https://en.wikipedia.org/wiki/Nissan_Versa,HIGH,
Nissan,Versa,2023,24807,US,FULL_YEAR,DATABASE,Wikipedia,https://en.wikipedia.org/wiki/Nissan_Versa,HIGH,
Nissan,Versa,2024,42589,US,FULL_YEAR,DATABASE,Wikipedia,https://en.wikipedia.org/wiki/Nissan_Versa,HIGH,
Nissan,Versa,2025,51310,US,FULL_YEAR,DATABASE,Wikipedia,https://en.wikipedia.org/wiki/Nissan_Versa,HIGH,
Nissan,Xterra,2002,79779,US,FULL_YEAR,DATABASE,Wikipedia,https://en.wikipedia.org/wiki/Nissan_Xterra,HIGH,
Nissan,Xterra,2003,67799,US,FULL_YEAR,DATABASE,Wikipedia,https://en.wikipedia.org/wiki/Nissan_Xterra,HIGH,
Nissan,Xterra,2004,66690,US,FULL_YEAR,DATABASE,Wikipedia,https://en.wikipedia.org/wiki/Nissan_Xterra,HIGH,
Nissan,Xterra,2005,72447,US,FULL_YEAR,DATABASE,Wikipedia,https://en.wikipedia.org/wiki/Nissan_Xterra,HIGH,
Nissan,Xterra,2006,62325,US,FULL_YEAR,DATABASE,Wikipedia,https://en.wikipedia.org/wiki/Nissan_Xterra,HIGH,
Nissan,Xterra,2007,51355,US,FULL_YEAR,DATABASE,Wikipedia,https://en.wikipedia.org/wiki/Nissan_Xterra,HIGH,
Nissan,Xterra,2008,33579,US,FULL_YEAR,DATABASE,Wikipedia,https://en.wikipedia.org/wiki/Nissan_Xterra,HIGH,
Nissan,Xterra,2009,16455,US,FULL_YEAR,DATABASE,Wikipedia,https://en.wikipedia.org/wiki/Nissan_Xterra,HIGH,
Nissan,Xterra,2010,20523,US,FULL_YEAR,DATABASE,Wikipedia,https://en.wikipedia.org/wiki/Nissan_Xterra,HIGH,
Nissan,Xterra,2011,18221,US,FULL_YEAR,DATABASE,Wikipedia,https://en.wikipedia.org/wiki/Nissan_Xterra,HIGH,
Nissan,Xterra,2012,18679,US,FULL_YEAR,DATABASE,Wikipedia,https://en.wikipedia.org/wiki/Nissan_Xterra,HIGH,
Nissan,Xterra,2013,17766,US,FULL_YEAR,DATABASE,Wikipedia,https://en.wikipedia.org/wiki/Nissan_Xterra,HIGH,
Nissan,Xterra,2014,16505,US,FULL_YEAR,DATABASE,Wikipedia,https://en.wikipedia.org/wiki/Nissan_Xterra,HIGH,
Nissan,Xterra,2015,10672,US,FULL_YEAR,DATABASE,Wikipedia,https://en.wikipedia.org/wiki/Nissan_Xterra,HIGH,
Oldsmobile,Alero,1999,142242,US,FULL_YEAR,DATABASE,Wikipedia,https://en.wikipedia.org/wiki/Oldsmobile_Alero,HIGH,
Oldsmobile,Alero,2000,137140,US,FULL_YEAR,DATABASE,Wikipedia,https://en.wikipedia.org/wiki/Oldsmobile_Alero,HIGH,
Oldsmobile,Alero,2001,129726,US,FULL_YEAR,DATABASE,Wikipedia,https://en.wikipedia.org/wiki/Oldsmobile_Alero,HIGH,
Oldsmobile,Alero,2002,98979,US,FULL_YEAR,DATABASE,Wikipedia,https://en.wikipedia.org/wiki/Oldsmobile_Alero,HIGH,
Oldsmobile,Alero,2003,109773,US,FULL_YEAR,DATABASE,Wikipedia,https://en.wikipedia.org/wiki/Oldsmobile_Alero,HIGH,
Oldsmobile,Alero,2004,79796,US,FULL_YEAR,DATABASE,Wikipedia,https://en.wikipedia.org/wiki/Oldsmobile_Alero,HIGH,
Oldsmobile,Aurora,1995,47831,US,FULL_YEAR,DATABASE,Wikipedia,https://en.wikipedia.org/wiki/Oldsmobile_Aurora,HIGH,Production figures (US-market vehicle)
Oldsmobile,Aurora,1996,24133,US,FULL_YEAR,DATABASE,Wikipedia,https://en.wikipedia.org/wiki/Oldsmobile_Aurora,HIGH,Production figures (US-market vehicle)
Oldsmobile,Aurora,1997,27927,US,FULL_YEAR,DATABASE,Wikipedia,https://en.wikipedia.org/wiki/Oldsmobile_Aurora,HIGH,Production figures (US-market vehicle)
Oldsmobile,Aurora,1998,25721,US,FULL_YEAR,DATABASE,Wikipedia,https://en.wikipedia.org/wiki/Oldsmobile_Aurora,HIGH,Production figures (US-market vehicle)
Oldsmobile,Aurora,1999,19635,US,FULL_YEAR,DATABASE,Wikipedia,https://en.wikipedia.org/wiki/Oldsmobile_Aurora,HIGH,Production figures (US-market vehicle)
Oldsmobile,Aurora,2001,53640,US,FULL_YEAR,DATABASE,Wikipedia,https://en.wikipedia.org/wiki/Oldsmobile_Aurora,HIGH,Production figures (US-market vehicle)
Oldsmobile,Aurora,2002,10865,US,FULL_YEAR,DATABASE,Wikipedia,https://en.wikipedia.org/wiki/Oldsmobile_Aurora,HIGH,Production figures (US-market vehicle)
Oldsmobile,Aurora,2003,4047,US,FULL_YEAR,DATABASE,Wikipedia,https://en.wikipedia.org/wiki/Oldsmobile_Aurora,HIGH,Production figures (US-market vehicle)
Oldsmobile,Bravada,1996,15471,US,FULL_YEAR,DATABASE,Wikipedia,https://en.wikipedia.org/wiki/Oldsmobile_Bravada,HIGH,
Oldsmobile,Bravada,1997,28481,US,FULL_YEAR,DATABASE,Wikipedia,https://en.wikipedia.org/wiki/Oldsmobile_Bravada,HIGH,
Oldsmobile,Bravada,1998,30202,US,FULL_YEAR,DATABASE,Wikipedia,https://en.wikipedia.org/wiki/Oldsmobile_Bravada,HIGH,
Oldsmobile,Bravada,1999,29258,US,FULL_YEAR,DATABASE,Wikipedia,https://en.wikipedia.org/wiki/Oldsmobile_Bravada,HIGH,
Oldsmobile,Bravada,2000,31194,US,FULL_YEAR,DATABASE,Wikipedia,https://en.wikipedia.org/wiki/Oldsmobile_Bravada,HIGH,
Oldsmobile,Bravada,2001,23867,US,FULL_YEAR,DATABASE,Wikipedia,https://en.wikipedia.org/wiki/Oldsmobile_Bravada,HIGH,
Oldsmobile,Bravada,2002,14337,US,FULL_YEAR,DATABASE,Wikipedia,https://en.wikipedia.org/wiki/Oldsmobile_Bravada,HIGH,
Oldsmobile,Bravada,2003,8052,US,FULL_YEAR,DATABASE,Wikipedia,https://en.wikipedia.org/wiki/Oldsmobile_Bravada,HIGH,
Oldsmobile,Bravada,2004,1973,US,FULL_YEAR,DATABASE,Wikipedia,https://en.wikipedia.org/wiki/Oldsmobile_Bravada,HIGH,
Oldsmobile,Custom Cruiser,1976,22316,US,FULL_YEAR,DATABASE,Wikipedia,https://en.wikipedia.org/wiki/Oldsmobile_Custom_Cruiser,HIGH,Production figures (US-market vehicle)
Oldsmobile,Cutlass,1961,80347,US,FULL_YEAR,DATABASE,Wikipedia,https://en.wikipedia.org/wiki/Oldsmobile_Cutlass,HIGH,Production figures (US-market vehicle)
Oldsmobile,Cutlass,1962,97382,US,FULL_YEAR,DATABASE,Wikipedia,https://en.wikipedia.org/wiki/Oldsmobile_Cutlass,HIGH,Production figures (US-market vehicle)
Oldsmobile,Cutlass,1963,121639,US,FULL_YEAR,DATABASE,Wikipedia,https://en.wikipedia.org/wiki/Oldsmobile_Cutlass,HIGH,Production figures (US-market vehicle)
Oldsmobile,Cutlass,1964,167002,US,FULL_YEAR,DATABASE,Wikipedia,https://en.wikipedia.org/wiki/Oldsmobile_Cutlass,HIGH,Production figures (US-market vehicle)
Oldsmobile,Cutlass,1965,187097,US,FULL_YEAR,DATABASE,Wikipedia,https://en.wikipedia.org/wiki/Oldsmobile_Cutlass,HIGH,Production figures (US-market vehicle)
Oldsmobile,Cutlass,1977,632742,US,FULL_YEAR,DATABASE,Wikipedia,https://en.wikipedia.org/wiki/Oldsmobile_Cutlass,HIGH,Production figures (US-market vehicle)
Oldsmobile,Intrigue,1998,90563,US,FULL_YEAR,DATABASE,Wikipedia,https://en.wikipedia.org/wiki/Oldsmobile_Intrigue,HIGH,
Oldsmobile,Intrigue,1999,90057,US,FULL_YEAR,DATABASE,Wikipedia,https://en.wikipedia.org/wiki/Oldsmobile_Intrigue,HIGH,
Oldsmobile,Intrigue,2000,64109,US,FULL_YEAR,DATABASE,Wikipedia,https://en.wikipedia.org/wiki/Oldsmobile_Intrigue,HIGH,
Oldsmobile,Intrigue,2001,39395,US,FULL_YEAR,DATABASE,Wikipedia,https://en.wikipedia.org/wiki/Oldsmobile_Intrigue,HIGH,
Oldsmobile,Intrigue,2002,15015,US,FULL_YEAR,DATABASE,Wikipedia,https://en.wikipedia.org/wiki/Oldsmobile_Intrigue,HIGH,
Plymouth,Barracuda,1964,23443,US,FULL_YEAR,DATABASE,Wikipedia,https://en.wikipedia.org/wiki/Plymouth_Barracuda,HIGH,Production figures (US-market vehicle)
Plymouth,Barracuda,1970,48867,US,FULL_YEAR,DATABASE,Wikipedia,https://en.wikipedia.org/wiki/Plymouth_Barracuda,HIGH,Production figures (US-market vehicle)
Plymouth,Barracuda,1971,16492,US,FULL_YEAR,DATABASE,Wikipedia,https://en.wikipedia.org/wiki/Plymouth_Barracuda,HIGH,Production figures (US-market vehicle)
Plymouth,Barracuda,1972,18490,US,FULL_YEAR,DATABASE,Wikipedia,https://en.wikipedia.org/wiki/Plymouth_Barracuda,HIGH,Production figures (US-market vehicle)
Plymouth,Barracuda,1973,19281,US,FULL_YEAR,DATABASE,Wikipedia,https://en.wikipedia.org/wiki/Plymouth_Barracuda,HIGH,Production figures (US-market vehicle)
Plymouth,Barracuda,1974,11734,US,FULL_YEAR,DATABASE,Wikipedia,https://en.wikipedia.org/wiki/Plymouth_Barracuda,HIGH,Production figures (US-market vehicle)
Plymouth,Breeze,1996,46355,US,FULL_YEAR,DATABASE,Wikipedia,https://en.wikipedia.org/wiki/Plymouth_Breeze,HIGH,
Plymouth,Breeze,1997,70549,US,FULL_YEAR,DATABASE,Wikipedia,https://en.wikipedia.org/wiki/Plymouth_Breeze,HIGH,
Plymouth,Breeze,1998,66620,US,FULL_YEAR,DATABASE,Wikipedia,https://en.wikipedia.org/wiki/Plymouth_Breeze,HIGH,
Plymouth,Breeze,1999,47911,US,FULL_YEAR,DATABASE,Wikipedia,https://en.wikipedia.org/wiki/Plymouth_Breeze,HIGH,
Plymouth,Breeze,2000,2030,US,FULL_YEAR,DATABASE,Wikipedia,https://en.wikipedia.org/wiki/Plymouth_Breeze,HIGH,
Plymouth,Laser,1990,42105,US,FULL_YEAR,DATABASE,Wikipedia,https://en.wikipedia.org/wiki/Plymouth_Laser,HIGH,Production figures (US-market vehicle)
Plymouth,Laser,1991,30198,US,FULL_YEAR,DATABASE,Wikipedia,https://en.wikipedia.org/wiki/Plymouth_Laser,HIGH,Production figures (US-market vehicle)
Plymouth,Laser,1992,24094,US,FULL_YEAR,DATABASE,Wikipedia,https://en.wikipedia.org/wiki/Plymouth_Laser,HIGH,Production figures (US-market vehicle)
Plymouth,Laser,1993,14300,US,FULL_YEAR,DATABASE,Wikipedia,https://en.wikipedia.org/wiki/Plymouth_Laser,HIGH,Production figures (US-market vehicle)
Plymouth,Laser,1994,5284,US,FULL_YEAR,DATABASE,Wikipedia,https://en.wikipedia.org/wiki/Plymouth_Laser,HIGH,Production figures (US-market vehicle)
Plymouth,Neon,1995,240189,US,FULL_YEAR,DATABASE,Wikipedia,https://en.wikipedia.org/wiki/Plymouth_Neon,HIGH,
Plymouth,Neon,1996,245303,US,FULL_YEAR,DATABASE,Wikipedia,https://en.wikipedia.org/wiki/Plymouth_Neon,HIGH,
Plymouth,Neon,1997,208652,US,FULL_YEAR,DATABASE,Wikipedia,https://en.wikipedia.org/wiki/Plymouth_Neon,HIGH,
Plymouth,Neon,1998,196497,US,FULL_YEAR,DATABASE,Wikipedia,https://en.wikipedia.org/wiki/Plymouth_Neon,HIGH,
Plymouth,Neon,1999,183797,US,FULL_YEAR,DATABASE,Wikipedia,https://en.wikipedia.org/wiki/Plymouth_Neon,HIGH,
Plymouth,Neon,2000,163332,US,FULL_YEAR,DATABASE,Wikipedia,https://en.wikipedia.org/wiki/Plymouth_Neon,HIGH,
Plymouth,Neon,2001,137353,US,FULL_YEAR,DATABASE,Wikipedia,https://en.wikipedia.org/wiki/Plymouth_Neon,HIGH,
Plymouth,Road Runner,1968,45000,US,FULL_YEAR,DATABASE,Wikipedia,https://en.wikipedia.org/wiki/Plymouth_Road_Runner,HIGH,Approximate figures from text
Plymouth,Road Runner,1969,81125,US,FULL_YEAR,DATABASE,Wikipedia,https://en.wikipedia.org/wiki/Plymouth_Road_Runner,HIGH,Approximate figures from text
Plymouth,Road Runner,1970,41000,US,FULL_YEAR,DATABASE,Wikipedia,https://en.wikipedia.org/wiki/Plymouth_Road_Runner,HIGH,Approximate figures from text
Plymouth,Road Runner,1975,7183,US,FULL_YEAR,DATABASE,Wikipedia,https://en.wikipedia.org/wiki/Plymouth_Road_Runner,HIGH,Approximate figures from text
Plymouth,Sundance,1992,65554,US,FULL_YEAR,DATABASE,Wikipedia,https://en.wikipedia.org/wiki/Plymouth_Sundance,HIGH,Production figures (US-market vehicle)
Plymouth,Sundance,1993,74305,US,FULL_YEAR,DATABASE,Wikipedia,https://en.wikipedia.org/wiki/Plymouth_Sundance,HIGH,Production figures (US-market vehicle)
Plymouth,Valiant,1963,225056,US,FULL_YEAR,DATABASE,Wikipedia,https://en.wikipedia.org/wiki/Plymouth_Valiant,HIGH,Only select years available
Plymouth,Valiant,1971,256930,US,FULL_YEAR,DATABASE,Wikipedia,https://en.wikipedia.org/wiki/Plymouth_Valiant,HIGH,Only select years available
Plymouth,Valiant,1972,330373,US,FULL_YEAR,DATABASE,Wikipedia,https://en.wikipedia.org/wiki/Plymouth_Valiant,HIGH,Only select years available
Polestar,2,2022,6729,US,FULL_YEAR,DATABASE,Wikipedia,https://en.wikipedia.org/wiki/Polestar_2,HIGH,
Polestar,2,2023,10350,US,FULL_YEAR,DATABASE,Wikipedia,https://en.wikipedia.org/wiki/Polestar_2,HIGH,
Polestar,2,2024,12903,US,FULL_YEAR,DATABASE,Wikipedia,https://en.wikipedia.org/wiki/Polestar_2,HIGH,
Pontiac,Astre,1975,64601,US,FULL_YEAR,DATABASE,Wikipedia,https://en.wikipedia.org/wiki/Pontiac_Astre,HIGH,Production figures (US-market vehicle)
Pontiac,Astre,1976,50384,US,FULL_YEAR,DATABASE,Wikipedia,https://en.wikipedia.org/wiki/Pontiac_Astre,HIGH,Production figures (US-market vehicle)
Pontiac,Astre,1977,32788,US,FULL_YEAR,DATABASE,Wikipedia,https://en.wikipedia.org/wiki/Pontiac_Astre,HIGH,Production figures (US-market vehicle)
Pontiac,Aztec,2001,27322,US,FULL_YEAR,DATABASE,Wikipedia,https://en.wikipedia.org/wiki/Pontiac_Aztec,HIGH,
Pontiac,Aztec,2002,27793,US,FULL_YEAR,DATABASE,Wikipedia,https://en.wikipedia.org/wiki/Pontiac_Aztec,HIGH,
Pontiac,Aztec,2003,27354,US,FULL_YEAR,DATABASE,Wikipedia,https://en.wikipedia.org/wiki/Pontiac_Aztec,HIGH,
Pontiac,Aztec,2004,20588,US,FULL_YEAR,DATABASE,Wikipedia,https://en.wikipedia.org/wiki/Pontiac_Aztec,HIGH,
Pontiac,Aztec,2005,5020,US,FULL_YEAR,DATABASE,Wikipedia,https://en.wikipedia.org/wiki/Pontiac_Aztec,HIGH,
Pontiac,Bonneville,1987,123816,US,FULL_YEAR,DATABASE,Wikipedia,https://en.wikipedia.org/wiki/Pontiac_Bonneville,HIGH,Production figures (US-market vehicle)
Pontiac,Bonneville,1988,108563,US,FULL_YEAR,DATABASE,Wikipedia,https://en.wikipedia.org/wiki/Pontiac_Bonneville,HIGH,Production figures (US-market vehicle)
Pontiac,Bonneville,1989,95636,US,FULL_YEAR,DATABASE,Wikipedia,https://en.wikipedia.org/wiki/Pontiac_Bonneville,HIGH,Production figures (US-market vehicle)
Pontiac,Bonneville,1990,85844,US,FULL_YEAR,DATABASE,Wikipedia,https://en.wikipedia.org/wiki/Pontiac_Bonneville,HIGH,Production figures (US-market vehicle)
Pontiac,Bonneville,1991,42804,US,FULL_YEAR,DATABASE,Wikipedia,https://en.wikipedia.org/wiki/Pontiac_Bonneville,HIGH,Production figures (US-market vehicle)
Pontiac,Bonneville,1992,116002,US,FULL_YEAR,DATABASE,Wikipedia,https://en.wikipedia.org/wiki/Pontiac_Bonneville,HIGH,Production figures (US-market vehicle)
Pontiac,Bonneville,1993,98724,US,FULL_YEAR,DATABASE,Wikipedia,https://en.wikipedia.org/wiki/Pontiac_Bonneville,HIGH,Production figures (US-market vehicle)
Pontiac,Bonneville,1994,80157,US,FULL_YEAR,DATABASE,Wikipedia,https://en.wikipedia.org/wiki/Pontiac_Bonneville,HIGH,Production figures (US-market vehicle)
Pontiac,Bonneville,1995,91842,US,FULL_YEAR,DATABASE,Wikipedia,https://en.wikipedia.org/wiki/Pontiac_Bonneville,HIGH,Production figures (US-market vehicle)
Pontiac,Bonneville,1996,69461,US,FULL_YEAR,DATABASE,Wikipedia,https://en.wikipedia.org/wiki/Pontiac_Bonneville,HIGH,Production figures (US-market vehicle)
Pontiac,Bonneville,1997,74015,US,FULL_YEAR,DATABASE,Wikipedia,https://en.wikipedia.org/wiki/Pontiac_Bonneville,HIGH,Production figures (US-market vehicle)
Pontiac,Bonneville,1998,65465,US,FULL_YEAR,DATABASE,Wikipedia,https://en.wikipedia.org/wiki/Pontiac_Bonneville,HIGH,Production figures (US-market vehicle)
Pontiac,Firebird,1967,82560,US,FULL_YEAR,DATABASE,Wikipedia,https://en.wikipedia.org/wiki/Pontiac_Firebird,HIGH,Production figures (US-market vehicle)
Pontiac,Firebird,1968,107112,US,FULL_YEAR,DATABASE,Wikipedia,https://en.wikipedia.org/wiki/Pontiac_Firebird,HIGH,Production figures (US-market vehicle)
Pontiac,Firebird,1969,87708,US,FULL_YEAR,DATABASE,Wikipedia,https://en.wikipedia.org/wiki/Pontiac_Firebird,HIGH,Production figures (US-market vehicle)
Pontiac,Firebird,1970,48739,US,FULL_YEAR,DATABASE,Wikipedia,https://en.wikipedia.org/wiki/Pontiac_Firebird,HIGH,Production figures (US-market vehicle)
Pontiac,Firebird,1971,53125,US,FULL_YEAR,DATABASE,Wikipedia,https://en.wikipedia.org/wiki/Pontiac_Firebird,HIGH,Production figures (US-market vehicle)
Pontiac,Firebird,1972,29951,US,FULL_YEAR,DATABASE,Wikipedia,https://en.wikipedia.org/wiki/Pontiac_Firebird,HIGH,Production figures (US-market vehicle)
Pontiac,Firebird,1973,46313,US,FULL_YEAR,DATABASE,Wikipedia,https://en.wikipedia.org/wiki/Pontiac_Firebird,HIGH,Production figures (US-market vehicle)
Pontiac,Firebird,1974,73729,US,FULL_YEAR,DATABASE,Wikipedia,https://en.wikipedia.org/wiki/Pontiac_Firebird,HIGH,Production figures (US-market vehicle)
Pontiac,Firebird,1975,84063,US,FULL_YEAR,DATABASE,Wikipedia,https://en.wikipedia.org/wiki/Pontiac_Firebird,HIGH,Production figures (US-market vehicle)
Pontiac,Firebird,1976,110775,US,FULL_YEAR,DATABASE,Wikipedia,https://en.wikipedia.org/wiki/Pontiac_Firebird,HIGH,Production figures (US-market vehicle)
Pontiac,Firebird,1977,155735,US,FULL_YEAR,DATABASE,Wikipedia,https://en.wikipedia.org/wiki/Pontiac_Firebird,HIGH,Production figures (US-market vehicle)
Pontiac,Firebird,1978,187294,US,FULL_YEAR,DATABASE,Wikipedia,https://en.wikipedia.org/wiki/Pontiac_Firebird,HIGH,Production figures (US-market vehicle)
Pontiac,Firebird,1979,211453,US,FULL_YEAR,DATABASE,Wikipedia,https://en.wikipedia.org/wiki/Pontiac_Firebird,HIGH,Production figures (US-market vehicle)
Pontiac,Firebird,1980,107340,US,FULL_YEAR,DATABASE,Wikipedia,https://en.wikipedia.org/wiki/Pontiac_Firebird,HIGH,Production figures (US-market vehicle)
Pontiac,Firebird,1981,70899,US,FULL_YEAR,DATABASE,Wikipedia,https://en.wikipedia.org/wiki/Pontiac_Firebird,HIGH,Production figures (US-market vehicle)
Pontiac,G6,2005,124844,US,FULL_YEAR,DATABASE,Wikipedia,https://en.wikipedia.org/wiki/Pontiac_G6,HIGH,
Pontiac,G6,2006,157644,US,FULL_YEAR,DATABASE,Wikipedia,https://en.wikipedia.org/wiki/Pontiac_G6,HIGH,
Pontiac,G6,2007,150001,US,FULL_YEAR,DATABASE,Wikipedia,https://en.wikipedia.org/wiki/Pontiac_G6,HIGH,
Pontiac,G6,2008,140240,US,FULL_YEAR,DATABASE,Wikipedia,https://en.wikipedia.org/wiki/Pontiac_G6,HIGH,
Pontiac,G6,2009,87171,US,FULL_YEAR,DATABASE,Wikipedia,https://en.wikipedia.org/wiki/Pontiac_G6,HIGH,
Pontiac,G6,2010,479,US,FULL_YEAR,DATABASE,Wikipedia,https://en.wikipedia.org/wiki/Pontiac_G6,HIGH,
Pontiac,G8,2008,15002,US,FULL_YEAR,DATABASE,Wikipedia,https://en.wikipedia.org/wiki/Pontiac_G8,HIGH,
Pontiac,G8,2009,23157,US,FULL_YEAR,DATABASE,Wikipedia,https://en.wikipedia.org/wiki/Pontiac_G8,HIGH,
Pontiac,GTO,1964,32450,US,FULL_YEAR,DATABASE,Wikipedia,https://en.wikipedia.org/wiki/Pontiac_GTO,HIGH,
Pontiac,GTO,1965,75342,US,FULL_YEAR,DATABASE,Wikipedia,https://en.wikipedia.org/wiki/Pontiac_GTO,HIGH,
Pontiac,GTO,1966,96946,US,FULL_YEAR,DATABASE,Wikipedia,https://en.wikipedia.org/wiki/Pontiac_GTO,HIGH,
Pontiac,GTO,1967,81722,US,FULL_YEAR,DATABASE,Wikipedia,https://en.wikipedia.org/wiki/Pontiac_GTO,HIGH,
Pontiac,GTO,1968,87684,US,FULL_YEAR,DATABASE,Wikipedia,https://en.wikipedia.org/wiki/Pontiac_GTO,HIGH,
Pontiac,GTO,1969,72287,US,FULL_YEAR,DATABASE,Wikipedia,https://en.wikipedia.org/wiki/Pontiac_GTO,HIGH,
Pontiac,GTO,1970,40149,US,FULL_YEAR,DATABASE,Wikipedia,https://en.wikipedia.org/wiki/Pontiac_GTO,HIGH,
Pontiac,GTO,1971,10532,US,FULL_YEAR,DATABASE,Wikipedia,https://en.wikipedia.org/wiki/Pontiac_GTO,HIGH,
Pontiac,GTO,1972,5811,US,FULL_YEAR,DATABASE,Wikipedia,https://en.wikipedia.org/wiki/Pontiac_GTO,HIGH,
Pontiac,GTO,1974,7058,US,FULL_YEAR,DATABASE,Wikipedia,https://en.wikipedia.org/wiki/Pontiac_GTO,HIGH,
Pontiac,GTO,2004,13569,US,FULL_YEAR,DATABASE,Wikipedia,https://en.wikipedia.org/wiki/Pontiac_GTO,HIGH,
Pontiac,GTO,2005,11069,US,FULL_YEAR,DATABASE,Wikipedia,https://en.wikipedia.org/wiki/Pontiac_GTO,HIGH,
Pontiac,GTO,2006,13948,US,FULL_YEAR,DATABASE,Wikipedia,https://en.wikipedia.org/wiki/Pontiac_GTO,HIGH,
Pontiac,Grand Am,1992,279230,US,FULL_YEAR,DATABASE,Wikipedia,https://en.wikipedia.org/wiki/Pontiac_Grand_Am,HIGH,
Pontiac,Grand Am,1993,242856,US,FULL_YEAR,DATABASE,Wikipedia,https://en.wikipedia.org/wiki/Pontiac_Grand_Am,HIGH,
Pontiac,Grand Am,1994,262310,US,FULL_YEAR,DATABASE,Wikipedia,https://en.wikipedia.org/wiki/Pontiac_Grand_Am,HIGH,
Pontiac,Grand Am,1995,234226,US,FULL_YEAR,DATABASE,Wikipedia,https://en.wikipedia.org/wiki/Pontiac_Grand_Am,HIGH,
Pontiac,Grand Am,1996,222477,US,FULL_YEAR,DATABASE,Wikipedia,https://en.wikipedia.org/wiki/Pontiac_Grand_Am,HIGH,
Pontiac,Grand Am,1997,204078,US,FULL_YEAR,DATABASE,Wikipedia,https://en.wikipedia.org/wiki/Pontiac_Grand_Am,HIGH,
Pontiac,Grand Am,1998,180428,US,FULL_YEAR,DATABASE,Wikipedia,https://en.wikipedia.org/wiki/Pontiac_Grand_Am,HIGH,
Pontiac,Grand Am,1999,234936,US,FULL_YEAR,DATABASE,Wikipedia,https://en.wikipedia.org/wiki/Pontiac_Grand_Am,HIGH,
Pontiac,Grand Am,2000,214923,US,FULL_YEAR,DATABASE,Wikipedia,https://en.wikipedia.org/wiki/Pontiac_Grand_Am,HIGH,
Pontiac,Grand Am,2001,182046,US,FULL_YEAR,DATABASE,Wikipedia,https://en.wikipedia.org/wiki/Pontiac_Grand_Am,HIGH,
Pontiac,Grand Am,2002,150818,US,FULL_YEAR,DATABASE,Wikipedia,https://en.wikipedia.org/wiki/Pontiac_Grand_Am,HIGH,
Pontiac,Grand Am,2003,156466,US,FULL_YEAR,DATABASE,Wikipedia,https://en.wikipedia.org/wiki/Pontiac_Grand_Am,HIGH,
Pontiac,Grand Am,2004,133707,US,FULL_YEAR,DATABASE,Wikipedia,https://en.wikipedia.org/wiki/Pontiac_Grand_Am,HIGH,
Pontiac,Grand Am,2005,31613,US,FULL_YEAR,DATABASE,Wikipedia,https://en.wikipedia.org/wiki/Pontiac_Grand_Am,HIGH,
Pontiac,Grand Prix,1963,72959,US,FULL_YEAR,DATABASE,Wikipedia,https://en.wikipedia.org/wiki/Pontiac_Grand_Prix,HIGH,Production figures (US-market vehicle)
Pontiac,Grand Prix,1964,63810,US,FULL_YEAR,DATABASE,Wikipedia,https://en.wikipedia.org/wiki/Pontiac_Grand_Prix,HIGH,Production figures (US-market vehicle)
Pontiac,Grand Prix,1965,57881,US,FULL_YEAR,DATABASE,Wikipedia,https://en.wikipedia.org/wiki/Pontiac_Grand_Prix,HIGH,Production figures (US-market vehicle)
Pontiac,Grand Prix,1966,36757,US,FULL_YEAR,DATABASE,Wikipedia,https://en.wikipedia.org/wiki/Pontiac_Grand_Prix,HIGH,Production figures (US-market vehicle)
Pontiac,Grand Prix,1967,42981,US,FULL_YEAR,DATABASE,Wikipedia,https://en.wikipedia.org/wiki/Pontiac_Grand_Prix,HIGH,Production figures (US-market vehicle)
Pontiac,Grand Prix,1968,31177,US,FULL_YEAR,DATABASE,Wikipedia,https://en.wikipedia.org/wiki/Pontiac_Grand_Prix,HIGH,Production figures (US-market vehicle)
Pontiac,Grand Prix,1969,112486,US,FULL_YEAR,DATABASE,Wikipedia,https://en.wikipedia.org/wiki/Pontiac_Grand_Prix,HIGH,Production figures (US-market vehicle)
Pontiac,Grand Prix,1970,65750,US,FULL_YEAR,DATABASE,Wikipedia,https://en.wikipedia.org/wiki/Pontiac_Grand_Prix,HIGH,Production figures (US-market vehicle)
Pontiac,Grand Prix,1971,58325,US,FULL_YEAR,DATABASE,Wikipedia,https://en.wikipedia.org/wiki/Pontiac_Grand_Prix,HIGH,Production figures (US-market vehicle)
Pontiac,Grand Prix,1972,91961,US,FULL_YEAR,DATABASE,Wikipedia,https://en.wikipedia.org/wiki/Pontiac_Grand_Prix,HIGH,Production figures (US-market vehicle)
Pontiac,Grand Prix,1974,99817,US,FULL_YEAR,DATABASE,Wikipedia,https://en.wikipedia.org/wiki/Pontiac_Grand_Prix,HIGH,Production figures (US-market vehicle)
Pontiac,Grand Prix,1975,86582,US,FULL_YEAR,DATABASE,Wikipedia,https://en.wikipedia.org/wiki/Pontiac_Grand_Prix,HIGH,Production figures (US-market vehicle)
Pontiac,Grand Prix,1976,228091,US,FULL_YEAR,DATABASE,Wikipedia,https://en.wikipedia.org/wiki/Pontiac_Grand_Prix,HIGH,Production figures (US-market vehicle)
Pontiac,Grand Prix,1977,288430,US,FULL_YEAR,DATABASE,Wikipedia,https://en.wikipedia.org/wiki/Pontiac_Grand_Prix,HIGH,Production figures (US-market vehicle)
Pontiac,Grand Prix,1978,228444,US,FULL_YEAR,DATABASE,Wikipedia,https://en.wikipedia.org/wiki/Pontiac_Grand_Prix,HIGH,Production figures (US-market vehicle)
Pontiac,Grand Prix,1979,210050,US,FULL_YEAR,DATABASE,Wikipedia,https://en.wikipedia.org/wiki/Pontiac_Grand_Prix,HIGH,Production figures (US-market vehicle)
Pontiac,Grand Prix,1980,114714,US,FULL_YEAR,DATABASE,Wikipedia,https://en.wikipedia.org/wiki/Pontiac_Grand_Prix,HIGH,Production figures (US-market vehicle)
Pontiac,Grand Prix,1981,147711,US,FULL_YEAR,DATABASE,Wikipedia,https://en.wikipedia.org/wiki/Pontiac_Grand_Prix,HIGH,Production figures (US-market vehicle)
Pontiac,Grand Prix,1982,80367,US,FULL_YEAR,DATABASE,Wikipedia,https://en.wikipedia.org/wiki/Pontiac_Grand_Prix,HIGH,Production figures (US-market vehicle)
Pontiac,Grand Prix,1983,85798,US,FULL_YEAR,DATABASE,Wikipedia,https://en.wikipedia.org/wiki/Pontiac_Grand_Prix,HIGH,Production figures (US-market vehicle)
Pontiac,Grand Prix,1984,77444,US,FULL_YEAR,DATABASE,Wikipedia,https://en.wikipedia.org/wiki/Pontiac_Grand_Prix,HIGH,Production figures (US-market vehicle)
Pontiac,Grand Prix,1985,59783,US,FULL_YEAR,DATABASE,Wikipedia,https://en.wikipedia.org/wiki/Pontiac_Grand_Prix,HIGH,Production figures (US-market vehicle)
Pontiac,Grand Prix,1986,40584,US,FULL_YEAR,DATABASE,Wikipedia,https://en.wikipedia.org/wiki/Pontiac_Grand_Prix,HIGH,Production figures (US-market vehicle)
Pontiac,Grand Prix,1987,16542,US,FULL_YEAR,DATABASE,Wikipedia,https://en.wikipedia.org/wiki/Pontiac_Grand_Prix,HIGH,Production figures (US-market vehicle)
Pontiac,Solstice,2006,19710,US,FULL_YEAR,DATABASE,Wikipedia,https://en.wikipedia.org/wiki/Pontiac_Solstice,HIGH,
Pontiac,Solstice,2007,16782,US,FULL_YEAR,DATABASE,Wikipedia,https://en.wikipedia.org/wiki/Pontiac_Solstice,HIGH,
Pontiac,Solstice,2008,10739,US,FULL_YEAR,DATABASE,Wikipedia,https://en.wikipedia.org/wiki/Pontiac_Solstice,HIGH,
Pontiac,Solstice,2009,5642,US,FULL_YEAR,DATABASE,Wikipedia,https://en.wikipedia.org/wiki/Pontiac_Solstice,HIGH,
Pontiac,Torrent,2006,43174,US,FULL_YEAR,DATABASE,Wikipedia,https://en.wikipedia.org/wiki/Pontiac_Torrent,HIGH,
Pontiac,Torrent,2007,32644,US,FULL_YEAR,DATABASE,Wikipedia,https://en.wikipedia.org/wiki/Pontiac_Torrent,HIGH,
Pontiac,Torrent,2008,20625,US,FULL_YEAR,DATABASE,Wikipedia,https://en.wikipedia.org/wiki/Pontiac_Torrent,HIGH,
Pontiac,Torrent,2009,9638,US,FULL_YEAR,DATABASE,Wikipedia,https://en.wikipedia.org/wiki/Pontiac_Torrent,HIGH,
Pontiac,Vibe,2003,56922,US,FULL_YEAR,DATABASE,Wikipedia,https://en.wikipedia.org/wiki/Pontiac_Vibe,HIGH,
Pontiac,Vibe,2004,58894,US,FULL_YEAR,DATABASE,Wikipedia,https://en.wikipedia.org/wiki/Pontiac_Vibe,HIGH,
Pontiac,Vibe,2005,64271,US,FULL_YEAR,DATABASE,Wikipedia,https://en.wikipedia.org/wiki/Pontiac_Vibe,HIGH,
Pontiac,Vibe,2006,45221,US,FULL_YEAR,DATABASE,Wikipedia,https://en.wikipedia.org/wiki/Pontiac_Vibe,HIGH,
Pontiac,Vibe,2007,37170,US,FULL_YEAR,DATABASE,Wikipedia,https://en.wikipedia.org/wiki/Pontiac_Vibe,HIGH,
Pontiac,Vibe,2008,46551,US,FULL_YEAR,DATABASE,Wikipedia,https://en.wikipedia.org/wiki/Pontiac_Vibe,HIGH,
Pontiac,Vibe,2009,33842,US,FULL_YEAR,DATABASE,Wikipedia,https://en.wikipedia.org/wiki/Pontiac_Vibe,HIGH,
Pontiac,Vibe,2010,97,US,FULL_YEAR,DATABASE,Wikipedia,https://en.wikipedia.org/wiki/Pontiac_Vibe,HIGH,
Porsche,Macan,2015,13533,US,FULL_YEAR,DATABASE,Wikipedia,https://en.wikipedia.org/wiki/Porsche_Macan,HIGH,
Porsche,Macan,2016,19332,US,FULL_YEAR,DATABASE,Wikipedia,https://en.wikipedia.org/wiki/Porsche_Macan,HIGH,
Porsche,Macan,2017,21429,US,FULL_YEAR,DATABASE,Wikipedia,https://en.wikipedia.org/wiki/Porsche_Macan,HIGH,
Porsche,Macan,2018,23504,US,FULL_YEAR,DATABASE,Wikipedia,https://en.wikipedia.org/wiki/Porsche_Macan,HIGH,
Porsche,Macan,2019,22667,US,FULL_YEAR,DATABASE,Wikipedia,https://en.wikipedia.org/wiki/Porsche_Macan,HIGH,
Porsche,Macan,2020,18631,US,FULL_YEAR,DATABASE,Wikipedia,https://en.wikipedia.org/wiki/Porsche_Macan,HIGH,
Porsche,Macan,2021,24716,US,FULL_YEAR,DATABASE,Wikipedia,https://en.wikipedia.org/wiki/Porsche_Macan,HIGH,
Porsche,Macan,2023,17577,US,FULL_YEAR,DATABASE,Wikipedia,https://en.wikipedia.org/wiki/Porsche_Macan,HIGH,
Ram,1500,1994,232092,US,FULL_YEAR,DATABASE,Wikipedia,https://en.wikipedia.org/wiki/Ram_Truck,HIGH,Only select years available from Wikipedia; combined Ram pickup figures
Ram,1500,1995,410000,US,FULL_YEAR,DATABASE,Wikipedia,https://en.wikipedia.org/wiki/Ram_Truck,HIGH,Only select years available from Wikipedia; combined Ram pickup figures
Ram,1500,1996,411000,US,FULL_YEAR,DATABASE,Wikipedia,https://en.wikipedia.org/wiki/Ram_Truck,HIGH,Only select years available from Wikipedia; combined Ram pickup figures
Ram,1500,2004,400543,US,FULL_YEAR,DATABASE,Wikipedia,https://en.wikipedia.org/wiki/Ram_Truck,HIGH,Only select years available from Wikipedia; combined Ram pickup figures
Rivian,R1S,2022,800,US,FULL_YEAR,DATABASE,Wikipedia,https://en.wikipedia.org/wiki/Rivian_R1S,HIGH,
Rivian,R1S,2023,23437,US,FULL_YEAR,DATABASE,Wikipedia,https://en.wikipedia.org/wiki/Rivian_R1S,HIGH,
Rivian,R1S,2024,19712,US,FULL_YEAR,DATABASE,Wikipedia,https://en.wikipedia.org/wiki/Rivian_R1S,HIGH,
Rivian,R1S,2025,23991,US,FULL_YEAR,DATABASE,Wikipedia,https://en.wikipedia.org/wiki/Rivian_R1S,HIGH,
Rivian,R1T,2022,9900,US,FULL_YEAR,DATABASE,Wikipedia,https://en.wikipedia.org/wiki/Rivian_R1T,HIGH,
Rivian,R1T,2023,19410,US,FULL_YEAR,DATABASE,Wikipedia,https://en.wikipedia.org/wiki/Rivian_R1T,HIGH,
Rivian,R1T,2024,15799,US,FULL_YEAR,DATABASE,Wikipedia,https://en.wikipedia.org/wiki/Rivian_R1T,HIGH,
Saturn,Astra,2008,11968,US,FULL_YEAR,DATABASE,Wikipedia,https://en.wikipedia.org/wiki/Saturn_Astra,HIGH,
Saturn,Astra,2009,6298,US,FULL_YEAR,DATABASE,Wikipedia,https://en.wikipedia.org/wiki/Saturn_Astra,HIGH,
Saturn,Aura,2007,59964,US,FULL_YEAR,DATABASE,Wikipedia,https://en.wikipedia.org/wiki/Saturn_Aura,HIGH,
Saturn,Aura,2008,59380,US,FULL_YEAR,DATABASE,Wikipedia,https://en.wikipedia.org/wiki/Saturn_Aura,HIGH,
Saturn,Aura,2009,21395,US,FULL_YEAR,DATABASE,Wikipedia,https://en.wikipedia.org/wiki/Saturn_Aura,HIGH,
Saturn,Outlook,2007,34748,US,FULL_YEAR,DATABASE,Wikipedia,https://en.wikipedia.org/wiki/Saturn_Outlook,HIGH,
Saturn,Outlook,2008,25340,US,FULL_YEAR,DATABASE,Wikipedia,https://en.wikipedia.org/wiki/Saturn_Outlook,HIGH,
Saturn,Outlook,2009,13115,US,FULL_YEAR,DATABASE,Wikipedia,https://en.wikipedia.org/wiki/Saturn_Outlook,HIGH,
Saturn,Outlook,2010,3637,US,FULL_YEAR,DATABASE,Wikipedia,https://en.wikipedia.org/wiki/Saturn_Outlook,HIGH,
Saturn,Sky,2007,11263,US,FULL_YEAR,DATABASE,Wikipedia,https://en.wikipedia.org/wiki/Saturn_Sky,HIGH,
Saturn,Sky,2008,9162,US,FULL_YEAR,DATABASE,Wikipedia,https://en.wikipedia.org/wiki/Saturn_Sky,HIGH,
Saturn,Sky,2009,3399,US,FULL_YEAR,DATABASE,Wikipedia,https://en.wikipedia.org/wiki/Saturn_Sky,HIGH,
Saturn,Sky,2010,179,US,FULL_YEAR,DATABASE,Wikipedia,https://en.wikipedia.org/wiki/Saturn_Sky,HIGH,
Saturn,Vue,2002,75478,US,FULL_YEAR,DATABASE,Wikipedia,https://en.wikipedia.org/wiki/Saturn_Vue,HIGH,
Saturn,Vue,2003,81924,US,FULL_YEAR,DATABASE,Wikipedia,https://en.wikipedia.org/wiki/Saturn_Vue,HIGH,
Saturn,Vue,2004,86957,US,FULL_YEAR,DATABASE,Wikipedia,https://en.wikipedia.org/wiki/Saturn_Vue,HIGH,
Saturn,Vue,2005,91972,US,FULL_YEAR,DATABASE,Wikipedia,https://en.wikipedia.org/wiki/Saturn_Vue,HIGH,
Saturn,Vue,2006,88581,US,FULL_YEAR,DATABASE,Wikipedia,https://en.wikipedia.org/wiki/Saturn_Vue,HIGH,
Saturn,Vue,2007,81676,US,FULL_YEAR,DATABASE,Wikipedia,https://en.wikipedia.org/wiki/Saturn_Vue,HIGH,
Saturn,Vue,2008,84767,US,FULL_YEAR,DATABASE,Wikipedia,https://en.wikipedia.org/wiki/Saturn_Vue,HIGH,
Saturn,Vue,2009,28429,US,FULL_YEAR,DATABASE,Wikipedia,https://en.wikipedia.org/wiki/Saturn_Vue,HIGH,
Saturn,Vue,2010,3201,US,FULL_YEAR,DATABASE,Wikipedia,https://en.wikipedia.org/wiki/Saturn_Vue,HIGH,
