MAKE,MODEL
Acura,ADX
Acura,CL
Acura,ILX
Acura,Integra
Acura,Legend
Acura,MDX
Acura,NSX
Acura,RDX
Acura,RL
Acura,RLX
Acura,RSX
Acura,SLX
Acura,TL
Acura,TLX
Acura,TSX
Acura,ZDX
Alfa Romeo,4C
Alfa Romeo,GIULIA
Alfa Romeo,Stelvio
Alfa Romeo,Tonale
Audi,90
Audi,A3
Audi,A3 e-tron
Audi,A3/S3
Audi,A3/S3/RS3
Audi,A4
Audi,A4 allroad quattro
Audi,A4/S4
Audi,A4/S4/RS4
Audi,A5/S5
Audi,A5/S5/RS5
Audi,A6
Audi,A6 allroad quattro
Audi,A6 e-tron/S6 e-tron
Audi,A6/S6
Audi,A6/S6/RS6
Audi,A7/S7/RS7
Audi,A8/S8
Audi,Cabriolet
Audi,e-tron GT/RS e-tron GT
Audi,e-tron GT/S e-tron GT/RS e-tron GT
Audi,e-tron/S e-tron
Audi,Q3
Audi,Q4 e-tron
Audi,Q5
Audi,Q5/SQ5
Audi,Q6/SQ6 e-tron
Audi,Q7
Audi,Q7/SQ7
Audi,Q8
Audi,Q8 e-tron/SQ8 e-tron
Audi,Q8/SQ8/RS Q8
Audi,R8/R8 GT
Audi,RS6
Audi,RS7
Audi,TT/TTS/TT RS
BMW,1 Series
BMW,2 Series
BMW,3 Series
BMW,4 Series
BMW,5 Series
BMW,6 Series
BMW,7 Series
BMW,8 Series
BMW,i3
BMW,i4
BMW,i5
BMW,i7
BMW,i8
BMW,iX
BMW,X1
BMW,X2
BMW,X3
BMW,X4
BMW,X5
BMW,X6
BMW,X7
BMW,XM
BMW,Z3
BMW,Z4
Buick,Cascada
Buick,Century
Buick,Enclave
Buick,Encore
Buick,Encore GX
Buick,Envision
Buick,Envista
Buick,LaCrosse
Buick,LeSabre
Buick,Lucerne
Buick,Park Avenue
Buick,Rainier
Buick,Reatta
Buick,Regal
Buick,Rendezvous
Buick,Riviera
Buick,Roadmaster
Buick,Skylark
Buick,Verano
Cadillac,ATS
Cadillac,Catera
Cadillac,CT4
Cadillac,CT5
Cadillac,CT6
Cadillac,CTS
Cadillac,DeVille
Cadillac,DTS
Cadillac,DTS-L
Cadillac,Eldorado
Cadillac,ELR
Cadillac,Escalade
Cadillac,Escalade EXT
Cadillac,Lyriq
Cadillac,Optiq
Cadillac,Seville
Cadillac,SRX
Cadillac,STS
Cadillac,Vistiq
Cadillac,XLR
Cadillac,XT4
Cadillac,XT5
Cadillac,XT6
Cadillac,XTS
Chevrolet,Astro
Chevrolet,Avalanche
Chevrolet,Aveo
Chevrolet,Bel Air
Chevrolet,Beretta
Chevrolet,Blazer
Chevrolet,Blazer EV
Chevrolet,Bolt
Chevrolet,Bolt EUV
Chevrolet,C/K
Chevrolet,Camaro
Chevrolet,Caprice
Chevrolet,Captiva
Chevrolet,Cavalier
Chevrolet,Chevelle
Chevrolet,Chevy Van
Chevrolet,City Express
Chevrolet,Cobalt
Chevrolet,Colorado
Chevrolet,Corsica
Chevrolet,Corvette
Chevrolet,Cruze
Chevrolet,El Camino
Chevrolet,Equinox
Chevrolet,Equinox EV
Chevrolet,Express
Chevrolet,HHR
Chevrolet,Impala
Chevrolet,K5 Blazer
Chevrolet,Lumina
Chevrolet,Lumina APV
Chevrolet,Malibu
Chevrolet,Metro
Chevrolet,Monte Carlo
Chevrolet,Nova
Chevrolet,Prizm
Chevrolet,S10
Chevrolet,S-10 Blazer
Chevrolet,Silverado 1500
Chevrolet,Silverado 1500HD
Chevrolet,Silverado 2500HD/3500HD
Chevrolet,Silverado EV
Chevrolet,Sonic
Chevrolet,Spark
Chevrolet,SS
Chevrolet,SSR
Chevrolet,Suburban
Chevrolet,Tahoe
Chevrolet,Tracker
Chevrolet,Trailblazer
Chevrolet,Traverse
Chevrolet,Trax
Chevrolet,Uplander
Chevrolet,Venture
Chevrolet,Volt
Chrysler,200
Chrysler,200 Series
Chrysler,300
Chrysler,300 series
Chrysler,300M
Chrysler,Aspen
Chrysler,Cirrus
Chrysler,Concorde
Chrysler,Crossfire
Chrysler,LHS
Chrysler,Pacifica
Chrysler,PT Cruiser
Chrysler,Sebring
Chrysler,Town & Country
Chrysler,Voyager
Dodge,Avenger
Dodge,Caliber
Dodge,Caravan
Dodge,Challenger
Dodge,Charger
Dodge,Dakota
Dodge,Dart
Dodge,Daytona
Dodge,Durango
Dodge,Hornet
Dodge,Intrepid
Dodge,Journey
Dodge,Magnum
Dodge,Neon
Dodge,Nitro
Dodge,Ramcharger
Dodge,Stealth
Dodge,Stratus
Dodge,Viper
Fiat,124 Spider
Fiat,500
FIAT,500L
Fiat,500X
Ford,Bronco
Ford,Bronco Sport
Ford,C-MAX
Ford,Crown Victoria
Ford,EcoSport
Ford,Edge
Ford,Escape
Ford,Escort
Ford,Excursion
Ford,Expedition
Ford,Explorer
Ford,F-100
Ford,F-150
Ford,F-250/F-350 Super Duty
Ford,F-350 Super Duty
Ford,Fiesta
Ford,Five Hundred
Ford,Flex
Ford,Focus
Ford,Freestyle
Ford,Fusion
Ford,GT
Ford,Maverick
Ford,Mustang
Ford,Mustang Mach-E
Ford,Ranger
Ford,Taurus
Ford,Thunderbird
Genesis,EQ900
Genesis,G70
Genesis,G80
Genesis,G90
Genesis,GV60
Genesis,GV70
Genesis,GV80
GMC,Acadia
GMC,Canyon
GMC,Envoy
GMC,Hummer SUV
GMC,Jimmy
GMC,Sierra 1500
GMC,Sierra 2500HD/3500HD
GMC,Sierra EV
GMC,Terrain
GMC,Yukon
GMC,Yukon XL
Honda,Accord
Honda,Civic
Honda,Clarity
Honda,Clarity Plug In
Honda,Crosstour
Honda,CR-V
Honda,CR-Z
Honda,Element
Honda,Fit
Honda,HR-V
Honda,Insight
Honda,Odyssey
Honda,Passport
Honda,Pilot
Honda,Prelude
Honda,Prologue
Honda,Ridgeline
Honda,S2000
Hyundai,Accent
Hyundai,Azera
Hyundai,Elantra
Hyundai,Elantra GT
Hyundai,Elantra Tour
Hyundai,Equus
Hyundai,Genesis
Hyundai,Ioniq
Hyundai,IONIQ 5
Hyundai,IONIQ 6
Hyundai,Ioniq 9
Hyundai,Kona
Hyundai,Nexo
Hyundai,Palisade
Hyundai,Santa Cruz
Hyundai,Santa Fe
Hyundai,Sonata
Hyundai,Tiburon
Hyundai,Tucson
Hyundai,Veloster
Hyundai,Venue
Hyundai,Veracruz
Hyundai,XG
Ineos Automotive,Grenadier
Infiniti,EX
Infiniti,FX
Infiniti,G
Infiniti,I
Infiniti,JX
Infiniti,M
Infiniti,Q40
Infiniti,Q45
Infiniti,Q50
Infiniti,Q60
Infiniti,Q70
Infiniti,Q70L
Infiniti,QX30
Infiniti,QX4
Infiniti,QX50
Infiniti,QX55
Infiniti,QX56
Infiniti,QX60
Infiniti,QX70
Infiniti,QX80
Jaguar,E-Pace
Jaguar,F-Pace
Jaguar,F-Type
Jaguar,I-Pace
Jaguar,S-Type
Jaguar,XE
Jaguar,XF
Jaguar,XJ
Jaguar,XJS
Jaguar,XK
Jaguar,X-Type
Jeep,Cherokee
Jeep,Commander
Jeep,Compass
Jeep,Gladiator
Jeep,Grand Cherokee
Jeep,Grand Wagoneer
Jeep,Liberty
Jeep,Patriot
Jeep,Renegade
Jeep,Wagoneer
Jeep,Wagoneer S
Jeep,Wrangler
Karma Automotive,GS-6
Karma Automotive,Revero
Kia,Amanti
Kia,Borrego
Kia,Cadenza
Kia,Carnival
Kia,EV6
Kia,EV9
Kia,Forte
Kia,K5
Kia,K900
Kia,NIRO
Kia,Optima
Kia,Rio
Kia,Rondo
Kia,SELTOS
Kia,Sephia
Kia,Sorento
Kia,Soul
Kia,Spectra
Kia,Sportage
Kia,Stinger
Kia,Telluride
Land Rover,Defender
Land Rover,Discovery
Land Rover,Discovery Sport
Land Rover,Evoque
Land Rover,Freelander
Land Rover,LR2
Land Rover,LR3
Land Rover,LR4
Land Rover,Range Rover
Land Rover,Range Rover Evoque
Land Rover,Range Rover Sport
Land Rover,Range Rover Velar
Lexus,CT
Lexus,ES
Lexus,GS
Lexus,GX
Lexus,HS
Lexus,IS
Lexus,LC
Lexus,LFA
Lexus,LS
Lexus,LX
Lexus,NX
Lexus,RC
Lexus,RX
Lexus,RZ
Lexus,SC
Lexus,TX
Lexus,UX
Lincoln,Aviator
Lincoln,Continental
Lincoln,Corsair
Lincoln,LS
Lincoln,Mark VII
Lincoln,Mark VIII
Lincoln,MKC
Lincoln,MKS
Lincoln,MKT
Lincoln,MKX
Lincoln,MKZ
Lincoln,Nautilus
Lincoln,Navigator
Lincoln,Town Car
Lincoln,Zephyr
Lucid Motors,Air
Lucid Motors,Gravity
Maserati,Ghibli
Maserati,GranTurismo
Maserati,Grecale
Maserati,Levante
Maserati,MC20
Maserati,Quattroporte
Mazda,2
Mazda,3
Mazda,5
Mazda,6
Mazda,CX-3
Mazda,CX-30
Mazda,CX-5
Mazda,CX-50
Mazda,CX-7
Mazda,CX-70
Mazda,CX-9
Mazda,CX-90
Mazda,Miata
Mazda,Millenia
Mazda,MX-30
Mazda,MX-5
Mazda,MX-6
Mazda,Protege
Mazda,RX-7
Mazda,RX-8
Mazda,Speed3
Mazda,Tribute
Mercedes-Benz,190
Mercedes-Benz,A-Class
Mercedes-Benz,B-Class
Mercedes-Benz,C-Class
Mercedes-Benz,CLA-Class
Mercedes-Benz,CL-Class
Mercedes-Benz,CLK-Class
Mercedes-Benz,CLS-Class
Mercedes-Benz,E-Class
Mercedes-Benz,EQB
Mercedes-Benz,G-Class
Mercedes-Benz,GLA-Class
Mercedes-Benz,GLB-Class
Mercedes-Benz,GLC-Class
Mercedes-Benz,GL-Class
Mercedes-Benz,GLE-Class
Mercedes-Benz,GLK-Class
Mercedes-Benz,GLS-Class
Mercedes-Benz,M-Class
Mercedes-Benz,ML-Class
Mercedes-Benz,S-Class
Mercedes-Benz,SLC-Class
Mercedes-Benz,SL-Class
Mercedes-Benz,SLK-Class
Mercury,Cougar
Mercury,Grand Marquis
Mercury,Marauder
Mercury,Mariner
Mercury,Marquis
Mercury,Milan
Mercury,Monterey
Mercury,Mountaineer
Mercury,Sable
Mercury,Tracer
MINI,Clubman
MINI,Convertible
MINI,Cooper
MINI,Cooper SE
MINI,Countryman
MINI,Coupe
MINI,Hardtop
MINI,Hatchback
MINI,Paceman
MINI,Roadster
Mitsubishi,3000GT
Mitsubishi,Diamante
Mitsubishi,Eclipse
Mitsubishi,Eclipse Cross
Mitsubishi,Endeavor
Mitsubishi,Galant
Mitsubishi,i-MiEV
Mitsubishi,Lancer
Mitsubishi,Mirage
Mitsubishi,Montero
Mitsubishi,Montero Sport
Mitsubishi,Outlander
Mitsubishi,Outlander Sport
Nissan,240SX
Nissan,300ZX
Nissan,350Z
Nissan,370Z
Nissan,Altima
Nissan,Ariya
Nissan,Armada
Nissan,Cube
Nissan,Frontier
Nissan,GT-R
Nissan,Juke
Nissan,Kicks
Nissan,Leaf
Nissan,Maxima
Nissan,Murano
Nissan,Pathfinder
Nissan,Rogue
Nissan,Rogue Sport
Nissan,Sentra
Nissan,Versa
Nissan,Versa Note
Nissan,Xterra
Nissan,Z
Oldsmobile,88
Oldsmobile,Achieva
Oldsmobile,Alero
Oldsmobile,Aurora
Oldsmobile,Bravada
Oldsmobile,Custom Cruiser
Oldsmobile,Cutlass
Oldsmobile,Intrigue
Plymouth,Acclaim
Plymouth,Barracuda
Plymouth,Breeze
Plymouth,Fury
Plymouth,Laser
Plymouth,Neon
Plymouth,Road Runner
Plymouth,Sundance
Plymouth,Valiant
Polestar,1
Polestar,2
Polestar,3
Polestar,4
Pontiac,Astre
Pontiac,Aztec
Pontiac,Bonneville
Pontiac,Firebird
Pontiac,G3
Pontiac,G5
Pontiac,G6
Pontiac,G8
Pontiac,Grand Am
Pontiac,Grand Prix
Pontiac,Grand Safari
Pontiac,GTO
Pontiac,LeMans
Pontiac,Solstice
Pontiac,Sunfire
Pontiac,Torrent
Pontiac,Vibe
Porsche,911
Porsche,912
Porsche,Boxster
Porsche,Cayenne
Porsche,Cayman
Porsche,Macan
Porsche,Panamera
Porsche,Taycan
Ram,1500
Ram,1500 Classic
Ram,2500/3500
Rivian,R1S
Rivian,R1T
Saab,900
Saab,9-3
Saab,9-5
Saturn,Astra
Saturn,Aura
Saturn,Ion
Saturn,L-Series
Saturn,Outlook
Saturn,Sky
Saturn,S-Series
Saturn,Vue
Scion,FR-S
Scion,iA
Scion,iM
Scion,iQ
Scion,tC
Scion,XA
Scion,xB
Scion,xD
Subaru,Ascent
Subaru,BRZ
Subaru,Crosstrek
Subaru,Forester
Subaru,Impreza
Subaru,Legacy
Subaru,Outback
Subaru,Outback Sport
Subaru,Solterra
Subaru,Tribeca
Subaru,WRX
Suzuki,Aerio
Suzuki,Forenza
Suzuki,Grand Vitara
Suzuki,Sidekick
Suzuki,SX4
Suzuki,XL7
Tesla,Model 3
Tesla,Model S
Tesla,Model X
Tesla,Model Y
Tesla,Model Y L
Toyota,4Runner
Toyota,86
Toyota,Avalon
Toyota,bZ
Toyota,bZ4X
Toyota,Camry
Toyota,Celica
Toyota,C-HR
Toyota,Corolla
Toyota,Corolla Cross
Toyota,Corolla GR
Toyota,Corolla iM
Toyota,Crown
Toyota,Crown Signia
Toyota,Echo
Toyota,FJ Cruiser
Toyota,Grand Highlander
Toyota,Highlander
Toyota,Land Cruiser
Toyota,Matrix
Toyota,MIRAI
Toyota,MR2
Toyota,Prius
Toyota,Prius C
Toyota,Prius Plug-in Hybrid
Toyota,Prius Prime
Toyota,Prius V
Toyota,RAV4
Toyota,Sequoia
Toyota,Sienna
Toyota,Solara
Toyota,Supra
Toyota,Tacoma
Toyota,Tercel
Toyota,Tundra
Toyota,Venza
Toyota,Yaris
Toyota,Yaris iA
VinFast,VF8
Volkswagen,Arteon
Volkswagen,Atlas
Volkswagen,Atlas Cross
Volkswagen,Beetle
Volkswagen,Dasher
Volkswagen,Eos
Volkswagen,Golf
Volkswagen,ID.4
Volkswagen,Jetta
Volkswagen,Passat
Volkswagen,Passat CC
Volkswagen,Phaeton
Volkswagen,Rabbit
Volkswagen,Taos
Volkswagen,Tiguan
Volkswagen,Touareg
Volvo,C30
Volvo,C40
Volvo,C40 Recharge
Volvo,C70
Volvo,EC40
Volvo,EX30
Volvo,EX40
Volvo,EX90
Volvo,S40
Volvo,S60
Volvo,S70
Volvo,S80
Volvo,S90
Volvo,V40
Volvo,V50
Volvo,V60
Volvo,V70
Volvo,V90
Volvo,XC40
Volvo,XC60
Volvo,XC70
Volvo,XC90
