DIMENSION-ID,MAKE,MODEL,代际,YEAR,原分类,结构,原车形,车形,是否变更,核定方式,置信度,判断依据,source_url,证据说明,历史source_url,历史判断,限制
Acura ZDX SUV 2024-2025,Acura,ZDX,gen2,2024-2025,越野车,SUV,SU0,SU1,是,代际拆分复核（本轮官方资料）,中,第一代低宽收束上舱保留 SU0；2024 年起为不同电动车身，前部和长座舱更饱满，采用 SU1；禁止跨代沿用旧 Coupe 结论。,https://www.acurainfocenter.com/2024/ZDX/Feature-Guide/Exterior-Features/Progressive-Aggressive-Styling/,本轮官方设计说明；长轴距、长机舱的新电动外壳,https://www.acura.com/news-and-press/press-release-detail?article=5962-en,reference.csv 等价语义复核；ZDX 为明显 coupe-like、后顶下降的 SUV；两代均属 Fastback SUV,定性版型分类；未测量俯视宽度比、前挡角度或验证尺寸系数。
Audi Q4 e-tron Sportback SUV 2022-2026,Audi,Q4 e-tron,gen1,2022-2026,越野车,SUV,SU0,SU1,是,新边界定向复核（本轮官方资料）,中,前部与常规 Q4 保持饱满 SUV 轮廓；Sportback 后顶不单独触发 SU0。,https://media.audiusa.com/releases/468%26lang%3Den,本轮官方发布摘要；SUV/Sportback 前部均为饱满 SUV 比例,https://media.audiusa.com/releases/612%26quot,reference.csv 等价语义复核；Q4 Sportback e-tron 为溜背 SUV,定性版型分类；未测量俯视宽度比、前挡角度或验证尺寸系数。
Audi Q5/SQ5 Sportback SUV 2021-2024,Audi,Q5/SQ5,gen2,2021-2024,越野车,SUV,SU0,SU1,是,新边界定向复核,中,按既有代际资料复核：前部与座舱属于常规 SUV 收窄，Sportback 仅后段变化不足以使用 SU0。,https://media.audiusa.com/models/q5-sportback,复用缓存来源；本轮未重新逐页验证,https://media.audiusa.com/models/q5-sportback,reference.csv 等价语义复核；Q5/SQ5 Sportback 为溜背 SUV,定性版型分类；未测量俯视宽度比、前挡角度或验证尺寸系数。
Audi Q5/SQ5 Sportback SUV 2026,Audi,Q5/SQ5,gen3,2026,越野车,SUV,SU0,SU1,是,新边界定向复核,中,按既有代际资料复核：前部与座舱属于常规 SUV 收窄，Sportback 仅后段变化不足以使用 SU0。,https://media.audiusa.com/models/q5-sportback,复用缓存来源；本轮未重新逐页验证,https://media.audiusa.com/models/q5-sportback,reference.csv 等价语义复核；Q5/SQ5 Sportback 为溜背 SUV,定性版型分类；未测量俯视宽度比、前挡角度或验证尺寸系数。
Audi Q6/SQ6 e-tron Sportback SUV 2025,Audi,Q6/SQ6 e-tron,gen1,2025,越野车,SUV,SU0,SU1,是,新边界定向复核,中,按既有代际资料复核：保留饱满 SUV 前部，不能以 Sportback 后顶代替前部收窄证据。,https://media.audiusa.com/models/q6-e-tron,复用缓存来源；本轮未重新逐页验证,https://media.audiusa.com/models/q6-e-tron,reference.csv 等价语义复核；Q6/SQ6 Sportback e-tron 为溜背 SUV,定性版型分类；未测量俯视宽度比、前挡角度或验证尺寸系数。
Audi Q8 SUV 2019,Audi,Q8,gen1,2019,越野车,SUV,SU0,SU1,是,新边界定向复核（本轮官方资料）,中,宽厚前部配合常规内收座舱；下倾 D 柱不能证明前部具有 SU0 的明显收窄。,https://press.audi.co.uk/releases/82,本轮官方设计资料；直立前脸与下倾后顶并存,,reference.csv 等价语义复核；SOP 典型车型,定性版型分类；未测量俯视宽度比、前挡角度或验证尺寸系数。
Audi Q8 e-tron/SQ8 e-tron Sportback SUV 2024-2025,Audi,Q8 e-tron/SQ8 e-tron,gen1,2024-2025,越野车,SUV,SU0,SU1,是,新边界定向复核,中,按既有车型资料复核：SUV 与 Sportback 前部均为常规 SUV；电动命名不改变判断。,https://media.audiusa.com/models/q8-e-tron,复用缓存来源；本轮未重新逐页验证,https://media.audiusa.com/models/q8-e-tron,reference.csv 等价语义复核；Q8/SQ8 Sportback e-tron 为溜背 SUV,定性版型分类；未测量俯视宽度比、前挡角度或验证尺寸系数。
Audi Q8/SQ8/RS Q8 SUV 2020-2024,Audi,Q8/SQ8/RS Q8,gen1,2020-2024,越野车,SUV,SU0,SU1,是,新边界定向复核（本轮官方资料）,中,Q8 系列前部饱满，运动后顶与宽前部并存，采用常规 SUV 类。,https://press.audi.co.uk/releases/82,本轮官方设计资料；直立前脸与下倾后顶并存,https://media.audiusa.com/models/q8,reference.csv 等价语义复核；Audi 官方称 Q8 融合 SUV 功能与 coupe 动态设计，后顶明显下降,定性版型分类；未测量俯视宽度比、前挡角度或验证尺寸系数。
Audi Q8/SQ8/RS Q8 SUV 2025-2026,Audi,Q8/SQ8/RS Q8,gen1,2025-2026,越野车,SUV,SU0,SU1,是,新边界定向复核（本轮官方资料）,中,Q8 系列前部饱满，运动后顶与宽前部并存，采用常规 SUV 类。,https://press.audi.co.uk/releases/82,本轮官方设计资料；直立前脸与下倾后顶并存,https://media.audiusa.com/models/q8,reference.csv 等价语义复核；Audi 官方称 Q8 融合 SUV 功能与 coupe 动态设计，后顶明显下降,定性版型分类；未测量俯视宽度比、前挡角度或验证尺寸系数。
Audi e-tron/S e-tron Sportback SUV 2020-2023,Audi,e-tron/S e-tron,gen1,2020-2023,越野车,SUV,SU0,SU1,是,新边界定向复核,中,按既有代际资料复核：常规前部与 Sportback 下倾后顶分开判断，统一采用 SU1。,https://media.audiusa.com/releases/406,复用缓存来源；本轮未重新逐页验证,https://media.audiusa.com/releases/406,reference.csv 等价语义复核；Audi 官方明确 Sportback 为 coupe SUV 且车顶向后陡降,定性版型分类；未测量俯视宽度比、前挡角度或验证尺寸系数。
BMW X2 SUV 2018-2023,BMW,X2,gen1,2018-2023,越野车,SUV,SU0,SU1,是,新边界定向复核,中,按既有代际资料复核：两代均保留饱满前部，后顶样式变化不构成 SU0 的充分条件。,https://www.bmwusa.com/vehicles/x-models/suv.html,复用缓存来源；本轮未重新逐页验证,https://www.bmwusa.com/vehicles/x-models/suv.html,reference.csv 等价语义复核；BMW 官方将 X2 归为 Coupe SUV，溜背车顶,定性版型分类；未测量俯视宽度比、前挡角度或验证尺寸系数。
BMW X2 SUV 2024-2026,BMW,X2,gen2,2024-2026,越野车,SUV,SU0,SU1,是,新边界定向复核,中,按既有代际资料复核：两代均保留饱满前部，后顶样式变化不构成 SU0 的充分条件。,https://www.bmwusa.com/vehicles/x-models/suv.html,复用缓存来源；本轮未重新逐页验证,https://www.bmwusa.com/vehicles/x-models/suv.html,reference.csv 等价语义复核；BMW 官方将 X2 归为 Coupe SUV，溜背车顶,定性版型分类；未测量俯视宽度比、前挡角度或验证尺寸系数。
BMW X2 M35i Crossover 2024-2025,BMW,X2,gen2,2024-2025,越野车,Crossover,SU0,SU1,是,新边界定向复核,中,按既有代际资料复核：两代均保留饱满前部，后顶样式变化不构成 SU0 的充分条件。,https://www.bmwusa.com/vehicles/x-models/suv.html,复用缓存来源；本轮未重新逐页验证,https://www.bmwusa.com/vehicles/x-models/suv.html,reference.csv 等价语义复核；BMW 官方将 X2 归为 Coupe SUV，溜背车顶,定性版型分类；未测量俯视宽度比、前挡角度或验证尺寸系数。
BMW X2 M35i Crossover 2026,BMW,X2,gen2,2026,越野车,Crossover,SU0,SU1,是,新边界定向复核,中,按既有代际资料复核：两代均保留饱满前部，后顶样式变化不构成 SU0 的充分条件。,https://www.bmwusa.com/vehicles/x-models/suv.html,复用缓存来源；本轮未重新逐页验证,https://www.bmwusa.com/vehicles/x-models/suv.html,reference.csv 等价语义复核；BMW 官方将 X2 归为 Coupe SUV，溜背车顶,定性版型分类；未测量俯视宽度比、前挡角度或验证尺寸系数。
BMW X4 SUV 2015-2018,BMW,X4,gen1,2015-2018,越野车,SUV,SU0,SU1,是,新边界定向复核,中,按既有代际资料复核：SUV 前部饱满，不能因轿跑后半车身降低整组宽度参数。,https://www.bmwusa.com/vehicles/x-models/suv.html,复用缓存来源；本轮未重新逐页验证,https://www.bmwusa.com/vehicles/x-models/suv.html,reference.csv 等价语义复核；BMW 官方将 X4 归为 Coupe SUV，溜背车顶,定性版型分类；未测量俯视宽度比、前挡角度或验证尺寸系数。
BMW X4 SUV 2019-2025,BMW,X4,gen2,2019-2025,越野车,SUV,SU0,SU1,是,新边界定向复核,中,按既有代际资料复核：SUV 前部饱满，不能因轿跑后半车身降低整组宽度参数。,https://www.bmwusa.com/vehicles/x-models/suv.html,复用缓存来源；本轮未重新逐页验证,https://www.bmwusa.com/vehicles/x-models/suv.html,reference.csv 等价语义复核；BMW 官方将 X4 归为 Coupe SUV，溜背车顶,定性版型分类；未测量俯视宽度比、前挡角度或验证尺寸系数。
BMW X6 SUV 2008-2014,BMW,X6,gen1,2008-2014,越野车,SUV,SU0,SU1,是,新边界定向复核（本轮官方资料）,中,各代运动后顶不替代前部判断；前部保留常规 SUV 体量，归 SU1。,https://www.press.bmwgroup.com/canada/article/detail/T0408519EN/the-new-2024-bmw-x5-and-x6?language=en,本轮官方设计资料；前后部特征分开判断,,reference.csv 等价语义复核；SOP 典型车型,定性版型分类；未测量俯视宽度比、前挡角度或验证尺寸系数。
BMW X6 SUV 2015-2019,BMW,X6,gen2,2015-2019,越野车,SUV,SU0,SU1,是,新边界定向复核（本轮官方资料）,中,各代运动后顶不替代前部判断；前部保留常规 SUV 体量，归 SU1。,https://www.press.bmwgroup.com/canada/article/detail/T0408519EN/the-new-2024-bmw-x5-and-x6?language=en,本轮官方设计资料；前后部特征分开判断,,reference.csv 等价语义复核；SOP 典型车型,定性版型分类；未测量俯视宽度比、前挡角度或验证尺寸系数。
BMW X6 SUV 2020-2026,BMW,X6,gen3,2020-2026,越野车,SUV,SU0,SU1,是,新边界定向复核（本轮官方资料）,中,各代运动后顶不替代前部判断；前部保留常规 SUV 体量，归 SU1。,https://www.press.bmwgroup.com/canada/article/detail/T0408519EN/the-new-2024-bmw-x5-and-x6?language=en,本轮官方设计资料；前后部特征分开判断,,reference.csv 等价语义复核；SOP 典型车型,定性版型分类；未测量俯视宽度比、前挡角度或验证尺寸系数。
BMW XM SUV 2023-2026,BMW,XM,gen1,2023-2026,越野车,SUV,SU0,SU1,是,新边界定向复核（本轮官方资料）,中,前部高而饱满，座舱向上有常规收窄；既非流线收窄锚点，也不凭格栅大小判为方盒。,https://www.bmw-m.com/en/topics/magazine-article-pool/bmw-xm-design.html,本轮官方设计资料；大块面前部与运动座舱,,reference.csv 等价语义复核；SOP 典型车型,定性版型分类；未测量俯视宽度比、前挡角度或验证尺寸系数。
Cadillac Lyriq SUV 2023-2025,Cadillac,Lyriq,gen1,2023-2025,越野车,SUV,SU0,SU1,是,新边界定向复核,中,按既有车型资料复核：长机舱与饱满前部，后顶流线不能单独证明前部和颈部明显收窄。,https://www.cadillac.com/electric/lyriq,复用缓存来源；本轮未重新逐页验证,https://www.cadillac.com/electric/lyriq,reference.csv 等价语义复核；Cadillac 官方定义 LYRIQ 为电动 SUV；其明显后倾车顶与流线尾部符合 Fastback SUV,定性版型分类；未测量俯视宽度比、前挡角度或验证尺寸系数。
Cadillac Lyriq SUV 2026,Cadillac,Lyriq,gen1,2026,越野车,SUV,SU0,SU1,是,新边界定向复核,中,按既有车型资料复核：长机舱与饱满前部，后顶流线不能单独证明前部和颈部明显收窄。,https://www.cadillac.com/electric/lyriq,复用缓存来源；本轮未重新逐页验证,https://www.cadillac.com/electric/lyriq,reference.csv 等价语义复核；Cadillac 官方定义 LYRIQ 为电动 SUV；其明显后倾车顶与流线尾部符合 Fastback SUV,定性版型分类；未测量俯视宽度比、前挡角度或验证尺寸系数。
Cadillac Lyriq Lyriq-V SUV 2026,Cadillac,Lyriq,gen1,2026,越野车,SUV,SU0,SU1,是,新边界定向复核,中,按既有车型资料复核：长机舱与饱满前部，后顶流线不能单独证明前部和颈部明显收窄。,https://www.cadillac.com/electric/lyriq,复用缓存来源；本轮未重新逐页验证,https://www.cadillac.com/electric/lyriq,reference.csv 等价语义复核；Cadillac 官方定义 LYRIQ 为电动 SUV；其明显后倾车顶与流线尾部符合 Fastback SUV,定性版型分类；未测量俯视宽度比、前挡角度或验证尺寸系数。
Chevrolet Blazer SUV 2019-2022,Chevrolet,Blazer,gen2,2019-2022,越野车,SUV,SU0,SU1,是,代际拆分复核,中,现代燃油 Blazer 保留饱满机舱，后顶运动化不足以证明 SU0 所需的前部明显收窄；历史方正 Blazer 不受此规则影响。,https://news.chevrolet.com/newsroom.detail.html/Pages/news/us/en/2022/jul/0718-blazerev.html,复用缓存来源；本轮未重新逐页验证,https://news.chevrolet.com/newsroom.detail.html/Pages/news/us/en/2022/jul/0718-blazerev.html,reference.csv 等价语义复核；Chevrolet 官方设计说明称燃油 Blazer 奠定运动化设计并以性能车为灵感；实车为宽肩、收窄上舱、明显下降后车顶和倾斜后风挡，归 Fastback SUV 42。,定性版型分类；未测量俯视宽度比、前挡角度或验证尺寸系数。
Chevrolet Blazer SUV 2023-2026,Chevrolet,Blazer,gen2,2023-2026,越野车,SUV,SU0,SU1,是,代际拆分复核,中,现代燃油 Blazer 保留饱满机舱，后顶运动化不足以证明 SU0 所需的前部明显收窄；历史方正 Blazer 不受此规则影响。,https://news.chevrolet.com/newsroom.detail.html/Pages/news/us/en/2022/jul/0718-blazerev.html,复用缓存来源；本轮未重新逐页验证,https://news.chevrolet.com/newsroom.detail.html/Pages/news/us/en/2022/jul/0718-blazerev.html,reference.csv 等价语义复核；Chevrolet 官方设计说明称燃油 Blazer 奠定运动化设计并以性能车为灵感；实车为宽肩、收窄上舱、明显下降后车顶和倾斜后风挡，归 Fastback SUV 42。,定性版型分类；未测量俯视宽度比、前挡角度或验证尺寸系数。
Genesis GV60 SUV 2023-2025,Genesis,GV60,gen1,2023-2025,越野车,SUV,SU1,SU0,是,新边界定向复核（本轮官方资料）,中,圆滑低伏前部与低宽、上部收束的座舱共同支持 SU0，不以是否称为 Coupe 判定。,https://newsroom.genesis.com/genesis-previews-the-images-of-gv60/,本轮官方设计资料；圆滑前部、低宽比例与收束座舱,https://www.genesis.com/us/en/home,reference.csv 等价语义复核；GV60 为 Conventional 紧凑 SUV,定性版型分类；未测量俯视宽度比、前挡角度或验证尺寸系数。
Genesis GV60 SUV 2026,Genesis,GV60,gen1,2026,越野车,SUV,SU1,SU0,是,新边界定向复核（本轮官方资料）,中,圆滑低伏前部与低宽、上部收束的座舱共同支持 SU0，不以是否称为 Coupe 判定。,https://newsroom.genesis.com/genesis-previews-the-images-of-gv60/,本轮官方设计资料；圆滑前部、低宽比例与收束座舱,https://www.genesis.com/us/en/home,reference.csv 等价语义复核；GV60 为 Conventional 紧凑 SUV,定性版型分类；未测量俯视宽度比、前挡角度或验证尺寸系数。
Hyundai Ioniq 9 SUV 2026,Hyundai,Ioniq 9,gen1,2026,越野车,SUV,SU0,SU1,是,新边界定向复核（本轮官方资料）,中,流线长车顶服务三排空间，前部及座舱仍饱满，不能凭低风阻或后顶下降归 SU0。,https://www.hyundainews.com/releases/4305?lang=en_US,本轮官方发布摘要；流线车顶与三排饱满座舱分别判断,https://www.hyundainews.com/releases/4305?lang=en_US,reference.csv 等价语义复核；2026-08-13：Hyundai 官方明确 IONIQ 9 为三排 SUV，并突出 streamlined roof 与空气动力造型；官方侧面显示后段车顶持续下压、后风挡倾斜且上舱明显收束，符合 Fastback SUV，归 42。,定性版型分类；未测量俯视宽度比、前挡角度或验证尺寸系数。
Infiniti EX EX35/EX37 SUV 2008-2013,Infiniti,EX,gen1,2008-2013,越野车,SUV,SU1,SU0,是,新边界定向复核（本轮官方资料）,中,EX 与早期 QX50 属同一车身谱系，圆顺机舱及收窄上舱一致，统一 SU0。,https://canada.infinitinews.com/fr-CA/releases/ca-2014-infiniti-qx50-press-kit,本轮官方资料；EX 更名 QX50，结合历史代际轮廓证据,https://www.infiniti.com/infiniti-brand/history.html,reference.csv 等价语义复核；EX是紧凑型跨界SUV，车顶与尾部圆顺，非方盒或明显溜背轿跑SUV。,定性版型分类；未测量俯视宽度比、前挡角度或验证尺寸系数。
Infiniti QX55 SUV 2022-2025,Infiniti,QX55,gen1,2022-2025,越野车,SUV,SU0,SU1,是,新边界定向复核,中,按既有资料复核：常规 SUV 前部配运动后顶；不再以跨界轿跑营销名作为 SU0 依据。,https://www.infinitiusa.com/vehicles/crossovers/qx55-22.html,复用缓存来源；本轮未重新逐页验证,https://www.infinitiusa.com/vehicles/crossovers/qx55-22.html,reference.csv 等价语义复核；厂家明确称其为跨界轿跑，车顶后段明显下溜，归为轿跑SUV。,定性版型分类；未测量俯视宽度比、前挡角度或验证尺寸系数。
Jeep Wagoneer S SUV 2025-2026,Jeep,Wagoneer S,gen1,2025-2026,越野车,SUV,SU0,SU1,是,新边界定向复核（本轮官方资料）,中,量产车保留饱满 SUV 前部，尾翼与空气动力后顶不是 SU0 判定条件。,https://blog.stellantisnorthamerica.com/2024/05/30/introducing-the-all-new-all-electric-2024-jeep-wagoneer-s-jeep-brands-first-global-battery-electric-suv/,本轮官方量产发布资料；空气动力后顶不等于前部明显收窄,https://www.jeep.com/wagoneer/wagoneer-s/design.html,reference.csv 等价语义复核；Wagoneer S官方强调向后下溜的空气动力学车顶并连接悬臂式尾翼，属于快背/轿跑SUV。,定性版型分类；未测量俯视宽度比、前挡角度或验证尺寸系数。
Land Rover Evoque Coupe 2012-2018,Land Rover,Evoque,gen1,2012-2018,跑车,Coupe,SU0,SU1,是,新边界定向复核,中,按既有代际资料复核：前部仍饱满，低车顶与上扬腰线不等同于车头俯视明显收窄。,https://media.landrover.com/news/2010/11/introducing-all-new-range-rover-evoque-five-door,复用缓存来源；本轮未重新逐页验证,https://media.landrover.com/news/2010/11/introducing-all-new-range-rover-evoque-five-door,reference.csv FASTBACK_SUV_REVIEW SUV 前部配合后半车顶明确下倾，符合 Fastback SUV。 历史证据：按新版 AGENT 代际复用：该记录实际为 Fastback SUV/Coupe SUV，结构名称不改变 SUV 主体。 结论由实际轮廓得出，不以 STRUCTURE 字段直接映射。,定性版型分类；未测量俯视宽度比、前挡角度或验证尺寸系数。
Land Rover Evoque SUV 2020-2026,Land Rover,Evoque,gen2,2020-2026,越野车,SUV,SU0,SU1,是,新边界定向复核,中,按既有代际资料复核：前部仍饱满，低车顶与上扬腰线不等同于车头俯视明显收窄。,https://media.landrover.com/news/2010/11/introducing-all-new-range-rover-evoque-five-door,复用缓存来源；本轮未重新逐页验证,https://media.landrover.com/news/2010/11/introducing-all-new-range-rover-evoque-five-door,reference.csv SEMANTIC_EQUIVALENT_REVIEW 已按 reference.csv 复核轮廓；旧 41 与新 SU0 定义等价。 历史证据：Evoque Coupe及五门版均采用明显上扬腰线和收窄快背式车顶，属轿跑SUV。,定性版型分类；未测量俯视宽度比、前挡角度或验证尺寸系数。
Land Rover Range Rover Evoque Coupe 2012-2016,Land Rover,Range Rover Evoque,gen1,2012-2016,跑车,Coupe,SU0,SU1,是,新边界定向复核,中,按既有代际资料复核：固定顶、双门和敞篷分支保留常规 SUV 前部；后顶不单独决定类别。,https://media.landrover.com/news/2023/06/range-rover-evoque-new-design-and-sophisticated-technologies-amplify-true-modern,复用缓存来源；本轮未重新逐页验证,https://media.landrover.com/news/2023/06/range-rover-evoque-new-design-and-sophisticated-technologies-amplify-true-modern,reference.csv FASTBACK_SUV_REVIEW SUV 前部配合后半车顶明确下倾，符合 Fastback SUV。 历史证据：按新版 AGENT 代际复用：该记录实际为 Fastback SUV/Coupe SUV，结构名称不改变 SUV 主体。 结论由实际轮廓得出，不以 STRUCTURE 字段直接映射。,定性版型分类；未测量俯视宽度比、前挡角度或验证尺寸系数。
Land Rover Range Rover Evoque SUV 2020-2026,Land Rover,Range Rover Evoque,gen2,2020-2026,越野车,SUV,SU0,SU1,是,新边界定向复核,中,按既有代际资料复核：固定顶、双门和敞篷分支保留常规 SUV 前部；后顶不单独决定类别。,https://media.landrover.com/news/2023/06/range-rover-evoque-new-design-and-sophisticated-technologies-amplify-true-modern,复用缓存来源；本轮未重新逐页验证,https://media.landrover.com/news/2023/06/range-rover-evoque-new-design-and-sophisticated-technologies-amplify-true-modern,reference.csv SEMANTIC_EQUIVALENT_REVIEW 已按 reference.csv 复核轮廓；旧 41 与新 SU0 定义等价。 历史证据：Range Rover Evoque固定顶采用官方所称coupé-like快背轮廓；敞篷版亦保留同一低矮轿跑式比例。,定性版型分类；未测量俯视宽度比、前挡角度或验证尺寸系数。
Land Rover Range Rover Sport SUV 2006-2008,Land Rover,Range Rover Sport,gen1,2006-2008,越野车,SUV,SU0,SU2,是,代际拆分复核,中,第一代 L320 为宽方机舱与较平直侧边，归 SU2；第二、三代圆角和上舱收窄增加，归 SU1；各代均不凭 Sport 名称或后顶归 SU0。,,复用缓存来源；本轮未重新逐页验证,,reference.csv 等价语义复核；SOP 典型车型,定性版型分类；未测量俯视宽度比、前挡角度或验证尺寸系数。
Land Rover Range Rover Sport SUV 2009,Land Rover,Range Rover Sport,gen1,2009,越野车,SUV,SU0,SU2,是,代际拆分复核,中,第一代 L320 为宽方机舱与较平直侧边，归 SU2；第二、三代圆角和上舱收窄增加，归 SU1；各代均不凭 Sport 名称或后顶归 SU0。,,复用缓存来源；本轮未重新逐页验证,,reference.csv 等价语义复核；SOP 典型车型,定性版型分类；未测量俯视宽度比、前挡角度或验证尺寸系数。
Land Rover Range Rover Sport SUV 2010,Land Rover,Range Rover Sport,gen1,2010,越野车,SUV,SU0,SU2,是,代际拆分复核,中,第一代 L320 为宽方机舱与较平直侧边，归 SU2；第二、三代圆角和上舱收窄增加，归 SU1；各代均不凭 Sport 名称或后顶归 SU0。,,复用缓存来源；本轮未重新逐页验证,,reference.csv 等价语义复核；SOP 典型车型,定性版型分类；未测量俯视宽度比、前挡角度或验证尺寸系数。
Land Rover Range Rover Sport SUV 2011-2013,Land Rover,Range Rover Sport,gen1,2011-2013,越野车,SUV,SU0,SU2,是,代际拆分复核,中,第一代 L320 为宽方机舱与较平直侧边，归 SU2；第二、三代圆角和上舱收窄增加，归 SU1；各代均不凭 Sport 名称或后顶归 SU0。,,复用缓存来源；本轮未重新逐页验证,,reference.csv 等价语义复核；SOP 典型车型,定性版型分类；未测量俯视宽度比、前挡角度或验证尺寸系数。
Land Rover Range Rover Sport SUV 2014,Land Rover,Range Rover Sport,gen2,2014,越野车,SUV,SU0,SU1,是,代际拆分复核,中,第一代 L320 为宽方机舱与较平直侧边，归 SU2；第二、三代圆角和上舱收窄增加，归 SU1；各代均不凭 Sport 名称或后顶归 SU0。,,复用缓存来源；本轮未重新逐页验证,,reference.csv 等价语义复核；SOP 典型车型,定性版型分类；未测量俯视宽度比、前挡角度或验证尺寸系数。
Land Rover Range Rover Sport SUV 2015-2016,Land Rover,Range Rover Sport,gen2,2015-2016,越野车,SUV,SU0,SU1,是,代际拆分复核,中,第一代 L320 为宽方机舱与较平直侧边，归 SU2；第二、三代圆角和上舱收窄增加，归 SU1；各代均不凭 Sport 名称或后顶归 SU0。,,复用缓存来源；本轮未重新逐页验证,,reference.csv 等价语义复核；SOP 典型车型,定性版型分类；未测量俯视宽度比、前挡角度或验证尺寸系数。
Land Rover Range Rover Sport SUV 2017,Land Rover,Range Rover Sport,gen2,2017,越野车,SUV,SU0,SU1,是,代际拆分复核,中,第一代 L320 为宽方机舱与较平直侧边，归 SU2；第二、三代圆角和上舱收窄增加，归 SU1；各代均不凭 Sport 名称或后顶归 SU0。,,复用缓存来源；本轮未重新逐页验证,,reference.csv 等价语义复核；SOP 典型车型,定性版型分类；未测量俯视宽度比、前挡角度或验证尺寸系数。
Land Rover Range Rover Sport SUV 2018-2022,Land Rover,Range Rover Sport,gen2,2018-2022,越野车,SUV,SU0,SU1,是,代际拆分复核,中,第一代 L320 为宽方机舱与较平直侧边，归 SU2；第二、三代圆角和上舱收窄增加，归 SU1；各代均不凭 Sport 名称或后顶归 SU0。,,复用缓存来源；本轮未重新逐页验证,,reference.csv 等价语义复核；SOP 典型车型,定性版型分类；未测量俯视宽度比、前挡角度或验证尺寸系数。
Land Rover Range Rover Sport SUV 2023,Land Rover,Range Rover Sport,gen3,2023,越野车,SUV,SU0,SU1,是,代际拆分复核,中,第一代 L320 为宽方机舱与较平直侧边，归 SU2；第二、三代圆角和上舱收窄增加，归 SU1；各代均不凭 Sport 名称或后顶归 SU0。,,复用缓存来源；本轮未重新逐页验证,,reference.csv 等价语义复核；SOP 典型车型,定性版型分类；未测量俯视宽度比、前挡角度或验证尺寸系数。
Land Rover Range Rover Sport SUV 2024,Land Rover,Range Rover Sport,gen3,2024,越野车,SUV,SU0,SU1,是,代际拆分复核,中,第一代 L320 为宽方机舱与较平直侧边，归 SU2；第二、三代圆角和上舱收窄增加，归 SU1；各代均不凭 Sport 名称或后顶归 SU0。,,复用缓存来源；本轮未重新逐页验证,,reference.csv 等价语义复核；SOP 典型车型,定性版型分类；未测量俯视宽度比、前挡角度或验证尺寸系数。
Land Rover Range Rover Sport SUV 2025,Land Rover,Range Rover Sport,gen3,2025,越野车,SUV,SU0,SU1,是,代际拆分复核,中,第一代 L320 为宽方机舱与较平直侧边，归 SU2；第二、三代圆角和上舱收窄增加，归 SU1；各代均不凭 Sport 名称或后顶归 SU0。,,复用缓存来源；本轮未重新逐页验证,,reference.csv 等价语义复核；SOP 典型车型,定性版型分类；未测量俯视宽度比、前挡角度或验证尺寸系数。
Land Rover Range Rover Sport SUV 2026,Land Rover,Range Rover Sport,gen3,2026,越野车,SUV,SU0,SU1,是,代际拆分复核,中,第一代 L320 为宽方机舱与较平直侧边，归 SU2；第二、三代圆角和上舱收窄增加，归 SU1；各代均不凭 Sport 名称或后顶归 SU0。,,复用缓存来源；本轮未重新逐页验证,,reference.csv 等价语义复核；SOP 典型车型,定性版型分类；未测量俯视宽度比、前挡角度或验证尺寸系数。
Land Rover Range Rover Velar SUV 2018-2026,Land Rover,Range Rover Velar,gen1,2018-2026,越野车,SUV,SU0,SU1,是,新边界定向复核（本轮官方资料）,中,直立饱满前部与较斜前挡并存；前挡平躺本身不能推导 SU0 的横向收窄。,https://jlrnewsroom.media/wp-content/uploads/2020/09/Range-Rover-Velar-21MY_Press_Kit_PDF_Interactive_International_230920.pdf,本轮官方新闻包检索摘要；全文超过浏览器大小限制,,reference.csv 等价语义复核；SOP 典型车型,定性版型分类；未测量俯视宽度比、前挡角度或验证尺寸系数。
Lincoln MKT Crossover 2010-2019,Lincoln,MKT,gen1,2010-2019,越野车,Crossover,SU0,SU1,是,新边界定向复核,中,按既有代际资料复核：长车顶及收束尾部不足以证明前部同步强收窄，保留饱满三排 SUV 类。,https://media.lincoln.com/content/dam/lincolnmedia/lna/us/2015/04/17/2015_Lincoln_MKT_Product_Card_HR.pdf,复用缓存来源；本轮未重新逐页验证,https://media.lincoln.com/content/dam/lincolnmedia/lna/us/2015/04/17/2015_Lincoln_MKT_Product_Card_HR.pdf,reference.csv CROSS_CLASS_REVIEW 实际为后半车顶持续下倾的 Fastback SUV/Crossover。 历史证据：MKT虽为跨界车，但工厂车身呈低顶长车尾的三排旅行车/掀背轮廓。,定性版型分类；未测量俯视宽度比、前挡角度或验证尺寸系数。
MINI Paceman SUV 2013-2015,MINI,Paceman,gen1,2013-2015,越野车,SUV,SU0,SU1,是,新边界定向复核（本轮官方资料）,中,前部偏直立且饱满，座舱有收窄；双门及下压后顶不再触发 SU0。,https://www.press.bmwgroup.com/usa/article/detail/T0134695EN_US/the-mini-paceman?language=en_US,本轮官方设计资料；直立前部，不因双门下倾车顶使用 SU0,https://www.press.bmwgroup.com/global/article/detail/T0131303EN/the-mini-paceman,reference.csv 等价语义复核；官方称 Sports Activity Coupé，两门、大尾门和下压式运动车顶构成轿跑 SUV 轮廓。,定性版型分类；未测量俯视宽度比、前挡角度或验证尺寸系数。
MINI Paceman JCW ALL4 Crossover 2016,MINI,Paceman,gen1,2016,越野车,Crossover,SU0,SU1,是,新边界定向复核（本轮官方资料）,中,前部偏直立且饱满，座舱有收窄；双门及下压后顶不再触发 SU0。,https://www.press.bmwgroup.com/usa/article/detail/T0134695EN_US/the-mini-paceman?language=en_US,本轮官方设计资料；直立前部，不因双门下倾车顶使用 SU0,https://www.press.bmwgroup.com/global/article/detail/T0131303EN/the-mini-paceman,reference.csv 等价语义复核；官方称 Sports Activity Coupé，两门、大尾门和下压式运动车顶构成轿跑 SUV 轮廓。,定性版型分类；未测量俯视宽度比、前挡角度或验证尺寸系数。
Mazda MX-30 SUV 2022-2023,Mazda,MX-30,gen1,2022-2023,越野车,SUV,SU0,SU1,是,新边界定向复核,中,按既有代际资料复核：短后舱与后窗斜率是旧分类依据，前部不采用明显收窄锚点，归 SU1。,https://newsroom.mazda.com/en/publicity/release/2019/201910/191023a.html,复用缓存来源；本轮未重新逐页验证,https://newsroom.mazda.com/en/publicity/release/2019/201910/191023a.html,reference.csv 等价语义复核；MX-30为紧凑跨界SUV，短后舱、强倾斜后窗及收束车顶构成明显轿跑化轮廓。,定性版型分类；未测量俯视宽度比、前挡角度或验证尺寸系数。
Mercedes-Benz GLE-Class Coupe 2016-2019,Mercedes-Benz,GLE-Class,gen1,2016-2019,跑车,Coupe,SU0,SU1,是,新边界定向复核,中,按既有代际资料复核：GLE Coupe 与普通版均保留饱满 SUV 前部，后顶差异不单独改类。,https://media.mercedes-benz.com/article/b9707f57-7f21-40d6-9dcf-42db07708e30,复用缓存来源；本轮未重新逐页验证,https://media.mercedes-benz.com/article/b9707f57-7f21-40d6-9dcf-42db07708e30,reference.csv FASTBACK_SUV_REVIEW SUV 前部配合后半车顶明确下倾，符合 Fastback SUV。 历史证据：标准GLE为高顶五门常规SUV，不采用Coupe溜背轮廓。,定性版型分类；未测量俯视宽度比、前挡角度或验证尺寸系数。
Mercedes-Benz GLE-Class Coupe 2021-2026,Mercedes-Benz,GLE-Class,gen2,2021-2026,跑车,Coupe,SU0,SU1,是,新边界定向复核,中,按既有代际资料复核：GLE Coupe 与普通版均保留饱满 SUV 前部，后顶差异不单独改类。,https://media.mercedes-benz.com/article/b9707f57-7f21-40d6-9dcf-42db07708e30,复用缓存来源；本轮未重新逐页验证,https://media.mercedes-benz.com/article/b9707f57-7f21-40d6-9dcf-42db07708e30,reference.csv FASTBACK_SUV_REVIEW SUV 前部配合后半车顶明确下倾，符合 Fastback SUV。 历史证据：标准GLE为高顶五门常规SUV，不采用Coupe溜背轮廓。,定性版型分类；未测量俯视宽度比、前挡角度或验证尺寸系数。
Mitsubishi Eclipse Cross Crossover 2018-2019,Mitsubishi,Eclipse Cross,gen1,2018-2019,越野车,Crossover,SU0,SU1,是,新边界定向复核（本轮官方资料）,中,前部饱满且较直立，后顶和尾窗运动化不单独决定 SU0。,https://media.mitsubishicars.com/en-US/releases/release-cc516bc6b4514b1da9b5ae351f620e35-2018-mitsubishi-eclipse-cross-press-kit,本轮官方设计资料；饱满 Dynamic Shield 前部与 Coupe 后顶并存,https://media.mitsubishicars.com/en-US/releases/release-741cc83a67dd434fb70a16686e353ad2-mitsubishi-motors-names-new-compact-suv-eclipse-cross,reference.csv 等价语义复核；官方明确描述为融合 coupe 线条的紧凑 SUV，归轿跑 SUV。,定性版型分类；未测量俯视宽度比、前挡角度或验证尺寸系数。
Mitsubishi Eclipse Cross Crossover 2020,Mitsubishi,Eclipse Cross,gen1,2020,越野车,Crossover,SU0,SU1,是,新边界定向复核（本轮官方资料）,中,前部饱满且较直立，后顶和尾窗运动化不单独决定 SU0。,https://media.mitsubishicars.com/en-US/releases/release-cc516bc6b4514b1da9b5ae351f620e35-2018-mitsubishi-eclipse-cross-press-kit,本轮官方设计资料；饱满 Dynamic Shield 前部与 Coupe 后顶并存,https://media.mitsubishicars.com/en-US/releases/release-741cc83a67dd434fb70a16686e353ad2-mitsubishi-motors-names-new-compact-suv-eclipse-cross,reference.csv 等价语义复核；官方明确描述为融合 coupe 线条的紧凑 SUV，归轿跑 SUV。,定性版型分类；未测量俯视宽度比、前挡角度或验证尺寸系数。
Mitsubishi Eclipse Cross Crossover 2022-2026,Mitsubishi,Eclipse Cross,gen1,2022-2026,越野车,Crossover,SU0,SU1,是,新边界定向复核（本轮官方资料）,中,前部饱满且较直立，后顶和尾窗运动化不单独决定 SU0。,https://media.mitsubishicars.com/en-US/releases/release-cc516bc6b4514b1da9b5ae351f620e35-2018-mitsubishi-eclipse-cross-press-kit,本轮官方设计资料；饱满 Dynamic Shield 前部与 Coupe 后顶并存,https://media.mitsubishicars.com/en-US/releases/release-741cc83a67dd434fb70a16686e353ad2-mitsubishi-motors-names-new-compact-suv-eclipse-cross,reference.csv 等价语义复核；官方明确描述为融合 coupe 线条的紧凑 SUV，归轿跑 SUV。,定性版型分类；未测量俯视宽度比、前挡角度或验证尺寸系数。
Porsche Cayenne Coupe 2019-2023,Porsche,Cayenne,gen3,2019-2023,跑车,Coupe,SU0,SU1,是,新边界定向复核,中,各在库代际保留饱满 SUV 前部；第三代 Coupe 的后顶变化不单独触发 SU0，不能因同品牌 Macan 的比例直接移植。,https://www.porsche.com/usa/models/cayenne/,复用缓存来源；本轮未重新逐页验证,https://www.porsche.com/usa/models/cayenne/,reference.csv FASTBACK_SUV_REVIEW SUV 前部配合后半车顶明确下倾，符合 Fastback SUV。 历史证据：普通Cayenne为运动化但非极端方正的常规SUV轮廓。,定性版型分类；未测量俯视宽度比、前挡角度或验证尺寸系数。
Porsche Cayenne Coupe 2024-2026,Porsche,Cayenne,gen3,2024-2026,跑车,Coupe,SU0,SU1,是,新边界定向复核,中,各在库代际保留饱满 SUV 前部；第三代 Coupe 的后顶变化不单独触发 SU0，不能因同品牌 Macan 的比例直接移植。,https://www.porsche.com/usa/models/cayenne/,复用缓存来源；本轮未重新逐页验证,https://www.porsche.com/usa/models/cayenne/,reference.csv FASTBACK_SUV_REVIEW SUV 前部配合后半车顶明确下倾，符合 Fastback SUV。 历史证据：普通Cayenne为运动化但非极端方正的常规SUV轮廓。,定性版型分类；未测量俯视宽度比、前挡角度或验证尺寸系数。
Porsche Macan SUV 2015-2018,Porsche,Macan,gen1,2015-2018,越野车,SUV,SU1,SU0,是,新边界定向复核（本轮官方资料）,中,圆顺低伏机舱与上窄下宽的座舱共同形成流线收窄轮廓，取消因非 Coupe 留在 SU1 的旧判断。,https://files.porsche.com/filestore/download/pap/none/malaysia-offlinenewsletter-2013-4/default/038bf2a3-996d-11e3-b1a1-001a64c55f5c/Porsche-News-04-2013.pdf,本轮官方资料检索摘要；上窄下宽与宽肩；未将电动代际替代燃油代际,https://www.porsche.com/usa/models/macan/macan-models/macan/,reference.csv 等价语义复核；Macan为运动型紧凑SUV，但整体仍是常规跨界SUV而非明确快背Coupe SUV。,定性版型分类；未测量俯视宽度比、前挡角度或验证尺寸系数。
Porsche Macan SUV 2019-2025,Porsche,Macan,gen1,2019-2025,越野车,SUV,SU1,SU0,是,新边界定向复核（本轮官方资料）,中,圆顺低伏机舱与上窄下宽的座舱共同形成流线收窄轮廓，取消因非 Coupe 留在 SU1 的旧判断。,https://files.porsche.com/filestore/download/pap/none/malaysia-offlinenewsletter-2013-4/default/038bf2a3-996d-11e3-b1a1-001a64c55f5c/Porsche-News-04-2013.pdf,本轮官方资料检索摘要；上窄下宽与宽肩；未将电动代际替代燃油代际,https://www.porsche.com/usa/models/macan/macan-models/macan/,reference.csv 等价语义复核；Macan为运动型紧凑SUV，但整体仍是常规跨界SUV而非明确快背Coupe SUV。,定性版型分类；未测量俯视宽度比、前挡角度或验证尺寸系数。
Porsche Macan SUV 2026,Porsche,Macan,gen2,2026,越野车,SUV,SU1,SU0,是,新边界定向复核（本轮官方资料）,中,圆顺低伏机舱与上窄下宽的座舱共同形成流线收窄轮廓，取消因非 Coupe 留在 SU1 的旧判断。,https://files.porsche.com/filestore/download/pap/none/malaysia-offlinenewsletter-2013-4/default/038bf2a3-996d-11e3-b1a1-001a64c55f5c/Porsche-News-04-2013.pdf,本轮官方资料检索摘要；上窄下宽与宽肩；未将电动代际替代燃油代际,https://www.porsche.com/usa/models/macan/macan-models/macan/,reference.csv 等价语义复核；Macan为运动型紧凑SUV，但整体仍是常规跨界SUV而非明确快背Coupe SUV。,定性版型分类；未测量俯视宽度比、前挡角度或验证尺寸系数。
Tesla Model Y L SUV 2026,Tesla,Model Y L,gen1,2026,越野车,SUV,SU1,SU0,是,新边界定向复核（本轮官方资料）,中,加长加高后舱仍保留 Model Y 系列圆顺收窄前部，第三排空间不单独触发 SU1。,https://www.tesla.cn/en_my/modely,本轮官网车型页；加长后舱不单独改变前部收窄类别,https://www.tesla.cn/modely,reference.csv 等价语义复核；Model Y L 是长轴距三排六座 SUV，后舱为容纳第三排而加长加高，轮廓较完整，归常规 SUV。,定性版型分类；未测量俯视宽度比、前挡角度或验证尺寸系数。
Volkswagen Atlas Cross Sport SUV 2020,Volkswagen,Atlas,gen1,2020,越野车,SUV,SU0,SU1,是,新边界定向复核（本轮官方资料）,中,常规版与 Cross Sport 前部均宽厚饱满；后顶变化不应带来整组前部缩窄。,https://www.volkswagen-newsroom.com/en/press-releases/2024-volkswagen-atlas-and-atlas-cross-sport-debut-at-the-chicago-auto-show-15438/download,本轮官方发布摘要；前部改款与后顶差异分别处理,https://media.vw.com/press-kits/294,reference.csv 等价语义复核；Atlas Cross Sport采用更低、更修长且明显后倾的轿跑SUV侧影。,定性版型分类；未测量俯视宽度比、前挡角度或验证尺寸系数。
Volkswagen Atlas Cross Sport SUV 2021,Volkswagen,Atlas,gen1,2021,越野车,SUV,SU0,SU1,是,新边界定向复核（本轮官方资料）,中,常规版与 Cross Sport 前部均宽厚饱满；后顶变化不应带来整组前部缩窄。,https://www.volkswagen-newsroom.com/en/press-releases/2024-volkswagen-atlas-and-atlas-cross-sport-debut-at-the-chicago-auto-show-15438/download,本轮官方发布摘要；前部改款与后顶差异分别处理,https://media.vw.com/press-kits/294,reference.csv 等价语义复核；Atlas Cross Sport采用更低、更修长且明显后倾的轿跑SUV侧影。,定性版型分类；未测量俯视宽度比、前挡角度或验证尺寸系数。
Volkswagen Atlas Cross Sport SUV 2022,Volkswagen,Atlas,gen1,2022,越野车,SUV,SU0,SU1,是,新边界定向复核（本轮官方资料）,中,常规版与 Cross Sport 前部均宽厚饱满；后顶变化不应带来整组前部缩窄。,https://www.volkswagen-newsroom.com/en/press-releases/2024-volkswagen-atlas-and-atlas-cross-sport-debut-at-the-chicago-auto-show-15438/download,本轮官方发布摘要；前部改款与后顶差异分别处理,https://media.vw.com/press-kits/294,reference.csv 等价语义复核；Atlas Cross Sport采用更低、更修长且明显后倾的轿跑SUV侧影。,定性版型分类；未测量俯视宽度比、前挡角度或验证尺寸系数。
Volkswagen Atlas Cross Sport SUV 2023-2026,Volkswagen,Atlas,gen1,2023-2026,越野车,SUV,SU0,SU1,是,新边界定向复核（本轮官方资料）,中,常规版与 Cross Sport 前部均宽厚饱满；后顶变化不应带来整组前部缩窄。,https://www.volkswagen-newsroom.com/en/press-releases/2024-volkswagen-atlas-and-atlas-cross-sport-debut-at-the-chicago-auto-show-15438/download,本轮官方发布摘要；前部改款与后顶差异分别处理,https://media.vw.com/press-kits/294,reference.csv 等价语义复核；Atlas Cross Sport采用更低、更修长且明显后倾的轿跑SUV侧影。,定性版型分类；未测量俯视宽度比、前挡角度或验证尺寸系数。
Volkswagen Atlas Cross Cross Sport SUV 2021,Volkswagen,Atlas Cross,gen1,2021,越野车,SUV,SU0,SU1,是,新边界定向复核（本轮官方资料）,中,Cross Sport 结构别名与 Atlas Cross Sport 同壳，采用相同 SU1 判断。,https://www.volkswagen-newsroom.com/en/press-releases/2024-volkswagen-atlas-and-atlas-cross-sport-debut-at-the-chicago-auto-show-15438/download,本轮官方发布摘要；前部改款与后顶差异分别处理,https://media.vw.com/press-kits/294,reference.csv 等价语义复核；Atlas Cross Sport全系采用更低、更流线的轿跑SUV车顶侧影。,定性版型分类；未测量俯视宽度比、前挡角度或验证尺寸系数。
Volkswagen Atlas Cross Cross Sport SUV 2022,Volkswagen,Atlas Cross,gen1,2022,越野车,SUV,SU0,SU1,是,新边界定向复核（本轮官方资料）,中,Cross Sport 结构别名与 Atlas Cross Sport 同壳，采用相同 SU1 判断。,https://www.volkswagen-newsroom.com/en/press-releases/2024-volkswagen-atlas-and-atlas-cross-sport-debut-at-the-chicago-auto-show-15438/download,本轮官方发布摘要；前部改款与后顶差异分别处理,https://media.vw.com/press-kits/294,reference.csv 等价语义复核；Atlas Cross Sport全系采用更低、更流线的轿跑SUV车顶侧影。,定性版型分类；未测量俯视宽度比、前挡角度或验证尺寸系数。
Volkswagen Atlas Cross Cross Sport SUV 2023-2026,Volkswagen,Atlas Cross,gen1,2023-2026,越野车,SUV,SU0,SU1,是,新边界定向复核（本轮官方资料）,中,Cross Sport 结构别名与 Atlas Cross Sport 同壳，采用相同 SU1 判断。,https://www.volkswagen-newsroom.com/en/press-releases/2024-volkswagen-atlas-and-atlas-cross-sport-debut-at-the-chicago-auto-show-15438/download,本轮官方发布摘要；前部改款与后顶差异分别处理,https://media.vw.com/press-kits/294,reference.csv 等价语义复核；Atlas Cross Sport全系采用更低、更流线的轿跑SUV车顶侧影。,定性版型分类；未测量俯视宽度比、前挡角度或验证尺寸系数。
Volkswagen ID.4 SUV 2021-2022,Volkswagen,ID.4,gen1,2021-2022,越野车,SUV,SU1,SU0,是,新边界定向复核（本轮官方资料）,中,圆顺前部、低座舱与车体收束共同支持流线收窄；不要求具有 ID.5 式溜背。,https://media.vw.com/press-kits/2021-id4-press-kit,本轮官方新闻包检索摘要；圆滑流线车体、低座舱及后向收束,https://www.volkswagen-newsroom.com/en/the-id4-from-volkswagen-15712,reference.csv 等价语义复核；官方定位为E-SUV，车顶与尾部为常规圆润跨界SUV比例，并非明确轿跑SUV。,定性版型分类；未测量俯视宽度比、前挡角度或验证尺寸系数。
Volkswagen ID.4 SUV 2023-2026,Volkswagen,ID.4,gen1,2023-2026,越野车,SUV,SU1,SU0,是,新边界定向复核（本轮官方资料）,中,圆顺前部、低座舱与车体收束共同支持流线收窄；不要求具有 ID.5 式溜背。,https://media.vw.com/press-kits/2021-id4-press-kit,本轮官方新闻包检索摘要；圆滑流线车体、低座舱及后向收束,https://www.volkswagen-newsroom.com/en/the-id4-from-volkswagen-15712,reference.csv 等价语义复核；官方定位为E-SUV，车顶与尾部为常规圆润跨界SUV比例，并非明确轿跑SUV。,定性版型分类；未测量俯视宽度比、前挡角度或验证尺寸系数。
Volvo C40 SUV 2022,Volvo,C40,gen1,2022,越野车,SUV,SU0,SU1,是,新边界定向复核（本轮官方资料）,中,沿用 XC40 来源的饱满前部，变化集中于后顶；取消仅因溜背采用 SU0 的旧规则。,https://www.volvocars.com/us/media/press-releases/58F722B92C69119F/,本轮官方设计说明；C40 沿用 XC40 来源的前部，非低伏一体式前部,https://www.media.volvocars.com/at/de-at/media/pressreleases/281266/potenzial-firmengeschichte-zu-schreiben-der-neue-volvo-c40-recharge,reference.csv 等价语义复核；沃尔沃官方描述C40为SUV基础的跨界车，并明确强调低矮、向后下坠的轿跑式车顶，归轿跑SUV。,定性版型分类；未测量俯视宽度比、前挡角度或验证尺寸系数。
Volvo C40 SUV 2023-2024,Volvo,C40,gen1,2023-2024,越野车,SUV,SU0,SU1,是,新边界定向复核（本轮官方资料）,中,沿用 XC40 来源的饱满前部，变化集中于后顶；取消仅因溜背采用 SU0 的旧规则。,https://www.volvocars.com/us/media/press-releases/58F722B92C69119F/,本轮官方设计说明；C40 沿用 XC40 来源的前部，非低伏一体式前部,https://www.media.volvocars.com/at/de-at/media/pressreleases/281266/potenzial-firmengeschichte-zu-schreiben-der-neue-volvo-c40-recharge,reference.csv 等价语义复核；沃尔沃官方描述C40为SUV基础的跨界车，并明确强调低矮、向后下坠的轿跑式车顶，归轿跑SUV。,定性版型分类；未测量俯视宽度比、前挡角度或验证尺寸系数。
Volvo C40 Recharge SUV 2022,Volvo,C40 Recharge,gen1,2022,越野车,SUV,SU0,SU1,是,新边界定向复核（本轮官方资料）,中,与 C40 同壳；前部仍属常规 SUV，尾部溜背不单独改类。,https://www.volvocars.com/us/media/press-releases/58F722B92C69119F/,本轮官方设计说明；C40 沿用 XC40 来源的前部，非低伏一体式前部,https://www.media.volvocars.com/at/de-at/media/pressreleases/281266/potenzial-firmengeschichte-zu-schreiben-der-neue-volvo-c40-recharge,reference.csv 等价语义复核；C40 Recharge具有SUV离地与轮拱元素，同时采用明显向后下坠的低车顶，是轿跑SUV轮廓。,定性版型分类；未测量俯视宽度比、前挡角度或验证尺寸系数。
Volvo C40 Recharge SUV 2023-2024,Volvo,C40 Recharge,gen1,2023-2024,越野车,SUV,SU0,SU1,是,新边界定向复核（本轮官方资料）,中,与 C40 同壳；前部仍属常规 SUV，尾部溜背不单独改类。,https://www.volvocars.com/us/media/press-releases/58F722B92C69119F/,本轮官方设计说明；C40 沿用 XC40 来源的前部，非低伏一体式前部,https://www.media.volvocars.com/at/de-at/media/pressreleases/281266/potenzial-firmengeschichte-zu-schreiben-der-neue-volvo-c40-recharge,reference.csv 等价语义复核；C40 Recharge具有SUV离地与轮拱元素，同时采用明显向后下坠的低车顶，是轿跑SUV轮廓。,定性版型分类；未测量俯视宽度比、前挡角度或验证尺寸系数。
Volvo EC40 Crossover 2025-2026,Volvo,EC40,gen1,2025-2026,越野车,Crossover,SU0,SU1,是,新边界定向复核（本轮官方资料）,中,C40 Recharge 更名，保持同壳 SU1 结论。,https://www.volvocars.com/uk/news/corporate/new-name-new-me-say-hello-to-the-ex40-and-ec40/,本轮官方更名说明；EX40/EC40 对应 XC40 Recharge/C40 Recharge,https://www.volvocars.com/sg/news/corporate/new-name-new-me-say-hello-to-the-ex40-and-ec40/,reference.csv 等价语义复核；沃尔沃官方确认EC40即C40 Recharge更名，车身不变，沿用其明显溜背轿跑SUV轮廓。,定性版型分类；未测量俯视宽度比、前挡角度或验证尺寸系数。
Volvo EX40 SUV 2025-2026,Volvo,EX40,gen1,2025-2026,越野车,SUV,SU2,SU1,是,新边界定向复核（本轮官方资料）,中,XC40 Recharge 更名，修复与 XC40 同壳却被分入 SU2 的不一致。,https://www.volvocars.com/uk/news/corporate/new-name-new-me-say-hello-to-the-ex40-and-ec40/,本轮官方更名说明；EX40/EC40 对应 XC40 Recharge/C40 Recharge,https://www.volvocars.com/jp/cars/ex40-electric/,reference.csv 等价语义复核；紧凑型电动SUV，车顶较平直、座舱与尾部直立，属明显方正SUV。,定性版型分类；未测量俯视宽度比、前挡角度或验证尺寸系数。
