DIMENSION-ID,MAKE,MODEL,版本,CAB,BED,结构,代际,YEAR,分类,L-IN,W-IN,H-IN,参考车型,备注,迭代状态,规则集,匹配状态,匹配池,内部尺码,通用尺码,档位序号,规则长基准_in,规则宽基准_in,规则高基准_in,实际长下限_in,实际长上限_in,实际宽上限_in,实际高上限_in,长度余量_in,距长下限_in,距长上限_in,距宽上限_in,距高上限_in,最近候选内部尺码,最近候选通用尺码,最近候选最大超界_in,匹配原因
Buick Century Wagon 1954,Buick,Century,,,,Wagon,gen1,1954,两厢车,206.3,76.8,60.5,1954 Buick Century Sedan / Riviera Hardtop / Convertible / Estate Wagon,高车身全尺寸,可入库,all-07,无可用尺码,两厢车|CAB=通用,,,,,,,,,,,,,,,,2XXL-525,,0.3,超长
Buick Century Wagon 1955,Buick,Century,,,,Wagon,gen1,1955,两厢车,206.7,76.2,60.5,1955 Buick Century Sedan / Riviera Hardtop / Convertible / Estate Wagon,高车身全尺寸,可入库,all-07,无可用尺码,两厢车|CAB=通用,,,,,,,,,,,,,,,,2XXL-525,,0.7,超长
Buick Century Wagon 1958,Buick,Century,,,,Wagon,gen1,1958,两厢车,211.8,78.1,56.9,1958 Buick Century Sedan / Riviera / Convertible / Estate Wagon / Caballero,最长最宽,可入库,all-07,无可用尺码,两厢车|CAB=通用,,,,,,,,,,,,,,,,2XXL-525,,5.8,超长
Buick Century Wagon 1973-1977,Buick,Century,,,,Wagon,gen2,1973-1977,两厢车,218.2,79,55.5,1974 Buick Century Station Wagon / 1973 Buick Century brochure,wgn最大,可入库,all-07,无可用尺码,两厢车|CAB=通用,,,,,,,,,,,,,,,,2XXL-525,,12.2,超长
Buick LeSabre Wagon 1959,Buick,LeSabre,,,,Wagon,gen1,1959,两厢车,217.4,80.7,57.1,1959 Buick LeSabre Estate Wagon Hometown Buick / Automobile-Catalog,早期高车顶wagon,可入库,all-07,无可用尺码,两厢车|CAB=通用,,,,,,,,,,,,,,,,2XXL-525,,11.4,超长
Buick LeSabre Wagon 1960,Buick,LeSabre,,,,Wagon,gen1,1960,两厢车,217.9,80,57.2,1960 Buick LeSabre Estate Wagon UltimateSpecs / Automobile-Catalog,早期高车顶wagon,可入库,all-07,无可用尺码,两厢车|CAB=通用,,,,,,,,,,,,,,,,2XXL-525,,11.9,超长
Buick LeSabre Wagon 1963,Buick,LeSabre,,,,Wagon,gen2,1963,两厢车,215.7,78,57.9,1963 Buick LeSabre Estate Wagon UltimateSpecs,高车顶wagon,可入库,all-07,无可用尺码,两厢车|CAB=通用,,,,,,,,,,,,,,,,2XXL-525,,9.7,超长
Buick LeSabre Wagon 1964,Buick,LeSabre,,,,Wagon,gen2,1964,两厢车,218.8,78,57.9,1964 Buick LeSabre Estate Wagon UltimateSpecs / Automobile-Catalog / Carfolio,高车顶wagon,可入库,all-07,无可用尺码,两厢车|CAB=通用,,,,,,,,,,,,,,,,2XXL-525,,12.8,超长
Buick LeSabre Wagon 1970,Buick,LeSabre,,,,Wagon,gen4,1970,两厢车,223.3,80,57.1,1970 Buick Estate Wagon UltimateSpecs / Automobile-Catalog,一年款B-body全尺寸wagon,可入库,all-07,无可用尺码,两厢车|CAB=通用,,,,,,,,,,,,,,,,2XXL-525,,17.3,超长
Buick LeSabre Wagon 1971,Buick,LeSabre,,,,Wagon,gen4,1971,两厢车,226.8,79.7,57.3,1971 Buick Estate Wagon UltimateSpecs,大型高车顶wagon,可入库,all-07,无可用尺码,两厢车|CAB=通用,,,,,,,,,,,,,,,,2XXL-525,,20.8,超长
Buick LeSabre Wagon 1972,Buick,LeSabre,,,,Wagon,gen4,1972,两厢车,228.3,80,57.1,1972 Buick Estate Wagon UltimateSpecs,大型高车顶wagon,可入库,all-07,无可用尺码,两厢车|CAB=通用,,,,,,,,,,,,,,,,2XXL-525,,22.3,超长
Buick LeSabre Wagon 1973,Buick,LeSabre,,,,Wagon,gen4,1973,两厢车,229.5,79.6,57.3,1973 Buick Estate Wagon UltimateSpecs / Automobile-Catalog,大型高车顶wagon,可入库,all-07,无可用尺码,两厢车|CAB=通用,,,,,,,,,,,,,,,,2XXL-525,,23.5,超长
Buick LeSabre Wagon 1974,Buick,LeSabre,,,,Wagon,gen4,1974,两厢车,231.1,79.9,57.9,1974 Buick Estate Wagon UltimateSpecs / Automobile-Catalog,大型高车顶wagon,可入库,all-07,无可用尺码,两厢车|CAB=通用,,,,,,,,,,,,,,,,2XXL-525,,25.1,超长
Buick LeSabre Wagon 1975,Buick,LeSabre,,,,Wagon,gen4,1975,两厢车,231.8,79.9,58.4,1975 Buick Estate Wagon Automobile-Catalog / Carfolio,大型高车顶wagon,可入库,all-07,无可用尺码,两厢车|CAB=通用,,,,,,,,,,,,,,,,2XXL-525,,25.8,超长
Buick LeSabre Wagon 1976,Buick,LeSabre,,,,Wagon,gen4,1976,两厢车,231.8,79.9,57.8,1976 Buick Estate Wagon Automobile-Catalog,大型高车顶wagon,可入库,all-07,无可用尺码,两厢车|CAB=通用,,,,,,,,,,,,,,,,2XXL-525,,25.8,超长
Buick LeSabre Wagon 1977-1979,Buick,LeSabre,,,,Wagon,gen5,1977-1979,两厢车,216.7,79.9,56.5,1979 Buick Estate Wagon Limited Automobile-Catalog / 1977-1978 Buick Estate Wagon Carfolio,高车顶wagon,可入库,all-07,无可用尺码,两厢车|CAB=通用,,,,,,,,,,,,,,,,2XXL-525,,10.7,超长
Buick LeSabre Wagon 1980,Buick,LeSabre,,,,Wagon,gen5,1980,两厢车,218.8,80.1,57.1,1980 Buick LeSabre Estate Wagon UltimateSpecs,高车顶wagon,可入库,all-07,无可用尺码,两厢车|CAB=通用,,,,,,,,,,,,,,,,2XXL-525,,12.8,超长
Buick LeSabre Wagon 1981,Buick,LeSabre,,,,Wagon,gen5,1981,两厢车,220.5,79.3,57.1,1981 Buick LeSabre Estate Wagon UltimateSpecs,高车顶wagon,可入库,all-07,无可用尺码,两厢车|CAB=通用,,,,,,,,,,,,,,,,2XXL-525,,14.5,超长
Buick LeSabre Wagon 1982,Buick,LeSabre,,,,Wagon,gen5,1982,两厢车,220.5,79.3,59.4,1982 Buick LeSabre Estate Wagon UltimateSpecs,高车顶wagon,可入库,all-07,无可用尺码,两厢车|CAB=通用,,,,,,,,,,,,,,,,2XXL-525,,14.5,超长
Buick LeSabre Wagon 1983-1985,Buick,LeSabre,,,,Wagon,gen5,1983-1985,两厢车,220.5,79.8,59.1,1983 Buick LeSabre Estate Wagon Automobile-Catalog | 1985 Buick LeSabre Estate Wagon Automobile-Catalog / UltimateSpecs,高车顶wagon,可入库,all-07,无可用尺码,两厢车|CAB=通用,,,,,,,,,,,,,,,,2XXL-525,,14.5,超长
Buick Roadmaster Wagon 1991,Buick,Roadmaster,,,,Wagon,gen7,1991,两厢车,217.5,78.9,60.1,1991 Buick Roadmaster Estate Wagon,wgn更高,可入库,all-07,无可用尺码,两厢车|CAB=通用,,,,,,,,,,,,,,,,2XXL-525,,11.5,超长
Buick Roadmaster Wagon 1992-1996,Buick,Roadmaster,,,,Wagon,gen7,1992-1996,两厢车,217.7,79.9,60.3,1992-1996 Buick Roadmaster Estate Wagon,wgn更高,可入库,all-07,无可用尺码,两厢车|CAB=通用,,,,,,,,,,,,,,,,2XXL-525,,11.7,超长
Buick Skylark Hatchback 1969-1972,Buick,Skylark,,,,Hatchback,gen3,1969-1972,两厢车,213.7,76.8,54.8,1969-1972 Buick Skylark Sportwagon,长车顶,可入库,all-07,无可用尺码,两厢车|CAB=通用,,,,,,,,,,,,,,,,2XXL-525,,7.7,超长
Chevrolet Astro Wagon 1989-1994,Chevrolet,Astro,,,,Wagon,gen1,1989-1994,两厢车,176.8,77,74.1,1989 Chevrolet Astro Van | 1990 Chevrolet Astro Van; 1991 Chevrolet Astro Van; 1992 Chevrolet Astro Van; 1993 Chevrolet Astro Van; 1994 Chevrolet Astro Van,111.0-in短轴乘用版；1989官方规格表高度升至74.1 in；W-IN为官方overall width | 短轴车身；各年度车型资料入口均已覆盖；客运/货运外壳尺寸关系待逐年确认；W-IN按without mirrors,待终核: 1989参考车型已覆盖；Cargo高度74.5 in，是否需要独立版本行尚未处理 | 待终核: 1990-1994逐年参考车型已补齐；Short Passenger/Cargo高度和配置边界待核,all-07,无可用尺码,两厢车|CAB=通用,,,,,,,,,,,,,,,,2XL,,0.1,超高
Chevrolet Bel Air Wagon 1958,Chevrolet,Bel Air,,,,Wagon,gen3,1958,两厢车,209.1,77.7,57.4,1958 Chevrolet Bel Air / Nomad Station Wagon,原混合结构拆分；Wagon 暂按两厢车口径归类,可入库,all-07,无可用尺码,两厢车|CAB=通用,,,,,,,,,,,,,,,,2XXL-525,,3.1,超长
Chevrolet Bel Air Wagon 1959,Chevrolet,Bel Air,,,,Wagon,gen4,1959,两厢车,210.9,79.9,56.3,1959 Chevrolet Station Wagon,wagon车顶不同,可入库,all-07,无可用尺码,两厢车|CAB=通用,,,,,,,,,,,,,,,,2XXL-525,,4.9,超长
Chevrolet Bel Air Wagon 1960,Chevrolet,Bel Air,,,,Wagon,gen4,1960,两厢车,210.8,80.8,56.3,"1960 Chevrolet Bel Air Parkwood Station Wagon, Carfolio / Chevrolet brochure",wagon高度已确认,可入库,all-07,无可用尺码,两厢车|CAB=通用,,,,,,,,,,,,,,,,2XXL-525,,4.8,超长
Chevrolet Bel Air Wagon 1961,Chevrolet,Bel Air,,,,Wagon,gen5,1961,两厢车,209.3,78.4,55.5,1961 Chevrolet Bel Air Station Wagon / full-size Chevrolet chassis data,wagon略长,可入库,all-07,无可用尺码,两厢车|CAB=通用,,,,,,,,,,,,,,,,2XXL-525,,3.3,超长
Chevrolet Bel Air Wagon 1962,Chevrolet,Bel Air,,,,Wagon,gen5,1962,两厢车,209.6,79,56,1962 Chevrolet Bel Air Station Wagon / 1962 Chevrolet Bel Air Series specs,wagon略长,可入库,all-07,无可用尺码,两厢车|CAB=通用,,,,,,,,,,,,,,,,2XXL-525,,3.6,超长
Chevrolet Bel Air Wagon 1963,Chevrolet,Bel Air,,,,Wagon,gen5,1963,两厢车,210.4,79.4,56,"1963 Chevrolet Bel Air Station Wagon, Automobile-Catalog / Chevrolet Wagons brochure",wagon略长,可入库,all-07,无可用尺码,两厢车|CAB=通用,,,,,,,,,,,,,,,,2XXL-525,,4.4,超长
Chevrolet Bel Air Wagon 1964,Chevrolet,Bel Air,,,,Wagon,gen5,1964,两厢车,210.8,79.6,55.5,1964 Chevrolet Bel Air Station Wagon,wagon略长,可入库,all-07,无可用尺码,两厢车|CAB=通用,,,,,,,,,,,,,,,,2XXL-525,,4.8,超长
Chevrolet Bel Air Wagon 1965,Chevrolet,Bel Air,,,,Wagon,gen6,1965,两厢车,213.1,79.6,55.4,1965 Chevrolet Bel Air 4-Door Station Wagon / Chevrolet Range brochure,wagon需独立保留,可入库,all-07,无可用尺码,两厢车|CAB=通用,,,,,,,,,,,,,,,,2XXL-525,,7.1,超长
Chevrolet Bel Air Wagon 1967,Chevrolet,Bel Air,,,,Wagon,gen6,1967,两厢车,212.4,79.9,56.7,"1967 Chevrolet Bel Air Station Wagon, Carfolio",wagon更高,可入库,all-07,无可用尺码,两厢车|CAB=通用,,,,,,,,,,,,,,,,2XXL-525,,6.4,超长
Chevrolet Bel Air Wagon 1968-1969,Chevrolet,Bel Air,,,,Wagon,gen6,1968-1969,两厢车,217.7,80,56.8,1968-1969 Chevrolet Bel Air Wagon,wagon更高,可入库,all-07,无可用尺码,两厢车|CAB=通用,,,,,,,,,,,,,,,,2XXL-525,,11.7,超长
Chevrolet Bel Air Parkwood/Kingswood Wagon 1959,Chevrolet,Bel Air,Parkwood/Kingswood,,,Wagon,gen4,1959,两厢车,210.9,79.9,56.3,1959 Chevrolet Station Wagon,Bel Air wagon 对应 Parkwood/Kingswood 口径；wagon 车顶不同,可入库,all-07,无可用尺码,两厢车|CAB=通用,,,,,,,,,,,,,,,,2XXL-525,,4.9,超长
Chevrolet Bel Air Parkwood/Kingswood Wagon 1960,Chevrolet,Bel Air,Parkwood/Kingswood,,,Wagon,gen4,1960,两厢车,210.8,80.8,56.3,1960 Chevrolet Bel Air Parkwood Station Wagon / Chevrolet brochure,wagon 高度已确认；1960 宽度大于 1959,可入库,all-07,无可用尺码,两厢车|CAB=通用,,,,,,,,,,,,,,,,2XXL-525,,4.8,超长
Chevrolet C/K Classic DRW Pickup 1999-2000 Crew 6.5,Chevrolet,C/K,Classic DRW,Crew,6.5,Pickup,gen4,1999-2000,皮卡,231.9,94.3,74.5,1999-2000 Chevrolet C/K Classic Crew Cab DRW 6.5ft,GMT400 Classic; Crew Cab; 6.5ft bed; DRW,可入库,all-07,无可用尺码,皮卡|CAB=通用,,,,,,,,,,,,,,,,PK-XL+,,5.3,超宽
Chevrolet C/K Classic DRW Pickup 1999-2000 Crew 8,Chevrolet,C/K,Classic DRW,Crew,8,Pickup,gen4,1999-2000,皮卡,250.9,94.3,74.5,1999-2000 Chevrolet C/K Classic Crew Cab DRW 8ft,GMT400 Classic; Crew Cab; 8ft bed; DRW,可入库,all-07,无可用尺码,皮卡|CAB=通用,,,,,,,,,,,,,,,,PK-XXXL,,5.3,超宽
Chevrolet C/K Classic DRW Pickup 1999-2000 Extended 8,Chevrolet,C/K,Classic DRW,Extended,8,Pickup,gen4,1999-2000,皮卡,237.4,94.3,76,1999-2000 Chevrolet C/K Classic Extended Cab DRW 8ft,GMT400 Classic; Extended Cab; 8ft bed; DRW,可入库,all-07,无可用尺码,皮卡|CAB=通用,,,,,,,,,,,,,,,,PK-XL+,,5.3,超宽
Chevrolet C/K Classic DRW Pickup 1999-2000 Regular 8,Chevrolet,C/K,Classic DRW,Regular,8,Pickup,gen4,1999-2000,皮卡,213.1,94.3,73.2,1999-2000 Chevrolet C/K Classic Regular Cab DRW 8ft,GMT400 Classic; Regular Cab; 8ft bed; DRW,可入库,all-07,无可用尺码,皮卡|CAB=通用,,,,,,,,,,,,,,,,PK-L,,5.3,超宽
Chevrolet C/K DRW Pickup 1973-1986 Crew 8,Chevrolet,C/K,DRW,Crew,8,Pickup,gen3,1973-1986,皮卡,244.3,94.3,72,1973-1986 Chevrolet C/K Crew Cab DRW 8ft,Rounded Line; Crew Cab; 8ft bed; DRW; incl: 3+3 / Bonus Cab,可入库-安全宽度,all-07,无可用尺码,皮卡|CAB=通用,,,,,,,,,,,,,,,,PK-XXL,,5.3,超宽
Chevrolet C/K DRW Pickup 1973-1986 Regular 8,Chevrolet,C/K,DRW,Regular,8,Pickup,gen3,1973-1986,皮卡,211.3,94.3,73.5,1973-1986 Chevrolet C/K Regular Cab DRW 8ft,Rounded Line; Regular Cab; 8ft bed; DRW; 宽度按车衣安全覆盖口径,可入库-安全宽度,all-07,无可用尺码,皮卡|CAB=通用,,,,,,,,,,,,,,,,PK-L,,5.3,超宽
Chevrolet C/K DRW Pickup 1988-1998 Extended 8,Chevrolet,C/K,DRW,Extended,8,Pickup,gen4,1988-1998,皮卡,237.4,94.3,76,1988-1998 Chevrolet C/K Extended Cab DRW 8ft,GMT400; Extended Cab; 8ft bed; DRW,可入库,all-07,无可用尺码,皮卡|CAB=通用,,,,,,,,,,,,,,,,PK-XL+,,5.3,超宽
Chevrolet C/K DRW Pickup 1988-1998 Regular 8,Chevrolet,C/K,DRW,Regular,8,Pickup,gen4,1988-1998,皮卡,213.1,94.3,73.2,1988-1998 Chevrolet C/K Regular Cab DRW 8ft,GMT400; Regular Cab; 8ft bed; DRW,可入库,all-07,无可用尺码,皮卡|CAB=通用,,,,,,,,,,,,,,,,PK-L,,5.3,超宽
Chevrolet C/K DRW Pickup 1992-1998 Crew 8,Chevrolet,C/K,DRW,Crew,8,Pickup,gen4,1992-1998,皮卡,250.1,94.3,74.5,1992-1998 Chevrolet C/K Crew Cab DRW 8ft,GMT400; Crew Cab; 8ft bed; DRW,可入库,all-07,无可用尺码,皮卡|CAB=通用,,,,,,,,,,,,,,,,PK-XXXL,,5.3,超宽
Chevrolet C/K DRW Pickup 1999-2000 Crew 8,Chevrolet,C/K,DRW,Crew,8,Pickup,gen4,1999-2000,皮卡,250.9,94.3,74.5,2000 Chevrolet C/K 3500 Series Crew Cab 4WD DRW,GMT400 Classic; 4WD; 1 ton; Crew Cab; 8ft bed; DRW,已取代表年尺寸，Classic 区间待继续核边界/结构覆盖,all-07,无可用尺码,皮卡|CAB=通用,,,,,,,,,,,,,,,,PK-XXXL,,5.3,超宽
Chevrolet C/K R/V DRW Pickup 1987-1988 Regular 8,Chevrolet,C/K,R/V DRW,Regular,8,Pickup,gen3,1987-1988,皮卡,212.5,94.3,75.8,1987-1988 Chevrolet R/V Regular Cab DRW 8ft,R/V continuation; Regular Cab; 8ft bed; DRW; 宽度按车衣安全覆盖口径,可入库-安全宽度,all-07,无可用尺码,皮卡|CAB=通用,,,,,,,,,,,,,,,,PK-L,,5.3,超宽
Chevrolet C/K R/V DRW Pickup 1987-1991 Crew 8,Chevrolet,C/K,R/V DRW,Crew,8,Pickup,gen3,1987-1991,皮卡,246.4,94.3,75.8,1987-1991 Chevrolet R/V Crew Cab DRW 8ft,R/V continuation; Crew Cab; 8ft bed; DRW; 宽度按车衣安全覆盖口径,可入库-安全宽度,all-07,无可用尺码,皮卡|CAB=通用,,,,,,,,,,,,,,,,PK-XXL,,5.3,超宽
Chevrolet Caprice Wagon 1966-1967,Chevrolet,Caprice,,,,Wagon,gen1,1966-1967,两厢车,212.4,79.6,56.7,"1966 Chevrolet Caprice-Kingswood Estate Wagon, Automobile-Catalog / Over-Drive / 1966 Chevrolet Caprice-Kingswood Estate Wagon proxy",wagon高车身,可入库,all-07,无可用尺码,两厢车|CAB=通用,,,,,,,,,,,,,,,,2XXL-525,,6.4,超长
Chevrolet Caprice Wagon 1968-1970,Chevrolet,Caprice,,,,Wagon,gen1,1968-1970,两厢车,213.9,79.6,56.7,"1968 Chevrolet Caprice-Kingswood Estate Wagon, Automobile-Catalog",wagon高车身,可入库,all-07,无可用尺码,两厢车|CAB=通用,,,,,,,,,,,,,,,,2XXL-525,,7.9,超长
Chevrolet Chevelle Wagon 1968-1972,Chevrolet,Chevelle,,,,Wagon,gen2,1968-1972,两厢车,207.9,76,55.2,1968-1972 Chevrolet Chevelle Station Wagon,wagon长高,可入库,all-07,无可用尺码,两厢车|CAB=通用,,,,,,,,,,,,,,,,2XXL-525,,1.9,超长
Chevrolet Chevelle Wagon 1973-1977,Chevrolet,Chevelle,,,,Wagon,gen3,1973-1977,两厢车,215.2,76.8,56,1977 Chevrolet Chevelle Malibu Classic Estate Wagon / 1974-1975/1977 Chevrolet Chevelle Malibu Classic Estate Wagon / 1974-1975 Chevrolet Chevelle Malibu Classic Estate Wagon,wagon长高,可入库,all-07,无可用尺码,两厢车|CAB=通用,,,,,,,,,,,,,,,,2XXL-525,,9.2,超长
Chevrolet Chevy Van Extended Wagon 1993-1995,Chevrolet,Chevy Van,Extended,,,Wagon,gen3,1993-1995,两厢车,225.1,79.5,82.3,1993-1994 Chevrolet G30 Chevy Van Extended Wheelbase | 1995 Chevrolet G30 Chevy Van Extended Wheelbase,146-in加长完整厢式车；1993扩展车身规格为225.0×79.5×82.3 in | 146-in wheelbase；加长完整厢式车,待终核: 1994 Extended需补独立年度规格源 | 待终核: 1995 Extended高度82.3 in需补官方年度尺寸页交叉确认,all-07,无可用尺码,两厢车|CAB=通用,,,,,,,,,,,,,,,,2XXL-525,,19.1,超长+超高
Chevrolet Chevy Van G-Classic Extended Wagon 1996,Chevrolet,Chevy Van,G-Classic Extended,,,Wagon,gen3,1996,两厢车,225,79.1,82.3,1996 Chevrolet Chevy Van Classic G30 Extended 146-in Wheelbase,旧平台146-in G-Classic；W-IN采用明确标注without mirrors的79.1 in,待终核: 1996 Extended存在225.0/225.1及79.1/79.5来源精度差异,all-07,无可用尺码,两厢车|CAB=通用,,,,,,,,,,,,,,,,2XXL-525,,19,超长+超高
Chevrolet Chevy Van G10 Short Wagon 1964-1965,Chevrolet,Chevy Van,G10 Short,,,Wagon,gen1,1964-1965,两厢车,167.6,72.8,77.3,1964 Chevrolet G10 Chevy Van 90-in Wheelbase | 1965 Chevrolet G10 Chevy Van 90-in Wheelbase,90.0-in wheelbase；官方overall length 167.56 in、maximum body/rear-bumper width 72.74 in、base-GVW curb height 77.28 in | 90.0-in wheelbase；官方图示maximum width 72.75 in、unloaded height 77.25 in,待终核: 官方尺寸已补齐；需第二规格源确认四舍五入口径 | 待终核: 1965尺寸缺少第二可靠规格源,all-07,无可用尺码,两厢车|CAB=通用,,,,,,,,,,,,,,,,2XL,,3.3,超高
Chevrolet Chevy Van G10 Short Wagon 1966,Chevrolet,Chevy Van,G10 Short,,,Wagon,gen1,1966,两厢车,168.3,72.7,77.3,1966 Chevrolet G10 Chevy Van 90-in Wheelbase,90.0-in wheelbase；官方overall length 168.30 in、across-rear-bumper width 72.74 in、base-GVW curb height 77.28 in,待终核: 1966尺寸缺少第二可靠规格源,all-07,无可用尺码,两厢车|CAB=通用,,,,,,,,,,,,,,,,2XL,,3.3,超高
Chevrolet Chevy Van G10 Short Wagon 1967-1970,Chevrolet,Chevy Van,G10 Short,,,Wagon,gen2,1967-1970,两厢车,171,75,77.3,1967-1969 Chevrolet G10 Chevy Van 90-in Wheelbase | 1970 Chevrolet G10 Chevy Van 90-in Wheelbase,90-in短轴；官方年度图表显示171-in总长、75-in最大宽度、77.25-in高度 | 第二代末年；暂按1969同代同车身外廓延续填入,待终核: 1967-1969宽度是否明确排除镜体需终核 | 待终核: 缺少1970独立G-Van官方尺寸页，三维为同代末年延续值,all-07,无可用尺码,两厢车|CAB=通用,,,,,,,,,,,,,,,,2XL,,3.3,超高
Chevrolet Chevy Van G10 Short Wagon 1971-1972,Chevrolet,Chevy Van,G10 Short,,,Wagon,gen3,1971-1972,两厢车,177,79.5,79,1971-1972 Chevrolet G10 Chevy Van 110-in Wheelbase,110-in短轴；1972官方表为177×79.5×79.0 in；1971先按同代首期同结构补入,待终核: 1971缺少独立G-Van尺寸页，当前为1972邻年延续值,all-07,无可用尺码,两厢车|CAB=通用,,,,,,,,,,,,,,,,2XXL-525,,4,超余量
Chevrolet Chevy Van G10 Short Wagon 1973,Chevrolet,Chevy Van,G10 Short,,,Wagon,gen3,1973,两厢车,177,79.5,78.8,1973 Chevrolet G10 Chevy Van 110-in Wheelbase,官方OH 78.75 in，按一位小数记为78.8,待终核: 1973宽度是否明确排除镜体需终核,all-07,无可用尺码,两厢车|CAB=通用,,,,,,,,,,,,,,,,2XXL-525,,4,超余量
Chevrolet Chevy Van G10 Short Wagon 1974-1975,Chevrolet,Chevy Van,G10 Short,,,Wagon,gen3,1974-1975,两厢车,177,79.5,79.5,1974 Chevrolet G10 Chevy Van 110-in Wheelbase | 1975 Chevrolet G10 Chevy Van 110-in Wheelbase,110-in G10；官方整车高度79.5 in | 110-in G10；官方OH 79.4 in,待终核: 1974宽度是否明确排除镜体需终核 | 待终核: 1975宽度是否明确排除镜体需终核,all-07,无可用尺码,两厢车|CAB=通用,,,,,,,,,,,,,,,,2XXL-525,,4,超余量
Chevrolet Chevy Van G10 Short Wagon 1976,Chevrolet,Chevy Van,G10 Short,,,Wagon,gen3,1976,两厢车,177,79.5,78.8,1976 Chevrolet G10 Chevy Van 110-in Wheelbase,110-in G10；官方OH 78.8 in,待终核: 1976宽度是否明确排除镜体需终核,all-07,无可用尺码,两厢车|CAB=通用,,,,,,,,,,,,,,,,2XXL-525,,4,超余量
Chevrolet Chevy Van G10 Short Wagon 1977,Chevrolet,Chevy Van,G10 Short,,,Wagon,gen3,1977,两厢车,177,79.5,79.4,1977 Chevrolet G10 Chevy Van 110-in Wheelbase,110-in G10；官方OH 79.4 in,待终核: 1977宽度是否明确排除镜体需终核,all-07,无可用尺码,两厢车|CAB=通用,,,,,,,,,,,,,,,,2XXL-525,,4,超余量
Chevrolet Chevy Van G10 Short Wagon 1978,Chevrolet,Chevy Van,G10 Short,,,Wagon,gen3,1978,两厢车,178.2,79.5,79.4,1978 Chevrolet G10 Chevy Van 110-in Wheelbase,前后保险杠变化后Short总长增至178.2 in,待终核: 1978宽度是否明确排除镜体需终核,all-07,无可用尺码,两厢车|CAB=通用,,,,,,,,,,,,,,,,2XXL-525,,2.8,超余量
Chevrolet Chevy Van G10 Short Wagon 1979,Chevrolet,Chevy Van,G10 Short,,,Wagon,gen3,1979,两厢车,178.2,79.5,78.8,1979 Chevrolet G10 Chevy Van 110-in Wheelbase,110-in G10；官方OH 78.8 in,待终核: 1979宽度是否明确排除镜体需终核,all-07,无可用尺码,两厢车|CAB=通用,,,,,,,,,,,,,,,,2XXL-525,,2.8,超余量
Chevrolet Chevy Van G10 Short Wagon 1980-1989,Chevrolet,Chevy Van,G10 Short,,,Wagon,gen3,1980-1989,两厢车,178.2,79.5,79.4,1980 Chevrolet G10 Chevy Van 110-in Wheelbase | 1981-1982 Chevrolet G10 Chevy Van 110-in Wheelbase | 1983-1988 Chevrolet G10 Chevy Van/Vandura 110-in Wheelbase | 1989 Chevrolet G10 Chevy Van/Vandura 110-in Wheelbase,110-in G10；官方OH 79.4 in | 1981官方尺寸；1982按相邻年度同结构连续值补入 | 年度资料中的短轴G10外廓一致 | 1989年度Short G10外廓,待终核: 1980宽度是否明确排除镜体需终核 | 待终核: 1982缺少独立G-Van尺寸包，当前为1981邻年延续值 | 待终核: 逐年车型名称由Chevy Van向Vandura并行变化，第二阶段统一名称口径 | 待终核: 1989宽度是否明确排除镜体需终核,all-07,无可用尺码,两厢车|CAB=通用,,,,,,,,,,,,,,,,2XXL-525,,2.8,超余量
Chevrolet Chevy Van G10 Short Wagon 1990,Chevrolet,Chevy Van,G10 Short,,,Wagon,gen3,1990,两厢车,178.2,79.5,80,1990 Chevrolet G10 Chevy Van 110-in Wheelbase,1990年度Short G10高度80.0 in,待终核: 1990宽度是否明确排除镜体需终核,all-07,无可用尺码,两厢车|CAB=通用,,,,,,,,,,,,,,,,2XXL-525,,2.8,超余量
Chevrolet Chevy Van G10 Short Wagon 1991-1992,Chevrolet,Chevy Van,G10 Short,,,Wagon,gen3,1991-1992,两厢车,178.2,79.5,79.4,1991-1992 Chevrolet G10 Chevy Van 110-in Wheelbase,两年年度表外廓一致,待终核: W-IN是否明确排除镜体需终核,all-07,无可用尺码,两厢车|CAB=通用,,,,,,,,,,,,,,,,2XXL-525,,2.8,超余量
Chevrolet Chevy Van G20 Short Wagon 1971-1972,Chevrolet,Chevy Van,G20 Short,,,Wagon,gen3,1971-1972,两厢车,177,79.5,79,1971-1972 Chevrolet G20 Chevy Van 110-in Wheelbase,110-in短轴G20；1972官方表高度79.0 in,待终核: 1971缺少独立G-Van尺寸页，当前为1972邻年延续值,all-07,无可用尺码,两厢车|CAB=通用,,,,,,,,,,,,,,,,2XXL-525,,4,超余量
Chevrolet Chevy Van G20 Short Wagon 1973-1975,Chevrolet,Chevy Van,G20 Short,,,Wagon,gen3,1973-1975,两厢车,177,79.5,80,1973 Chevrolet G20 Chevy Van 110-in Wheelbase | 1974 Chevrolet G20 Chevy Van 110-in Wheelbase | 1975 Chevrolet G20 Chevy Van 110-in Wheelbase,110-in G20；官方整车高度80.0 in | 110-in G20；官方OH 80.0 in,待终核: 1973宽度是否明确排除镜体需终核 | 待终核: 1974宽度是否明确排除镜体需终核 | 待终核: 1975宽度是否明确排除镜体需终核,all-07,无可用尺码,两厢车|CAB=通用,,,,,,,,,,,,,,,,2XXL-525,,4,超余量
Chevrolet Chevy Van G20 Short Wagon 1976,Chevrolet,Chevy Van,G20 Short,,,Wagon,gen3,1976,两厢车,177,79.5,80.2,1976 Chevrolet G20 Chevy Van 110-in Wheelbase,110-in G20；官方OH 80.2 in,待终核: 1976宽度是否明确排除镜体需终核,all-07,无可用尺码,两厢车|CAB=通用,,,,,,,,,,,,,,,,2XXL-525,,4,超余量
Chevrolet Chevy Van G20 Short Wagon 1977,Chevrolet,Chevy Van,G20 Short,,,Wagon,gen3,1977,两厢车,177,79.5,80,1977 Chevrolet G20 Chevy Van 110-in Wheelbase,110-in G20；官方OH 80.0 in,待终核: 1977宽度是否明确排除镜体需终核,all-07,无可用尺码,两厢车|CAB=通用,,,,,,,,,,,,,,,,2XXL-525,,4,超余量
Chevrolet Chevy Van G20 Short Wagon 1978,Chevrolet,Chevy Van,G20 Short,,,Wagon,gen3,1978,两厢车,178.2,79.5,80,1978 Chevrolet G20 Chevy Van 110-in Wheelbase,110-in G20；官方OH 80.0 in,待终核: 1978宽度是否明确排除镜体需终核,all-07,无可用尺码,两厢车|CAB=通用,,,,,,,,,,,,,,,,2XXL-525,,2.8,超余量
Chevrolet Chevy Van G20 Short Wagon 1979,Chevrolet,Chevy Van,G20 Short,,,Wagon,gen3,1979,两厢车,178.2,79.5,80.2,1979 Chevrolet G20 Chevy Van 110-in Wheelbase,110-in G20；官方OH 80.2 in,待终核: 1979宽度是否明确排除镜体需终核,all-07,无可用尺码,两厢车|CAB=通用,,,,,,,,,,,,,,,,2XXL-525,,2.8,超余量
Chevrolet Chevy Van G20 Short Wagon 1980,Chevrolet,Chevy Van,G20 Short,,,Wagon,gen3,1980,两厢车,178.2,79.5,80,1980 Chevrolet G20 Chevy Van 110-in Wheelbase,110-in G20；官方OH 80.0 in,待终核: 1980宽度是否明确排除镜体需终核,all-07,无可用尺码,两厢车|CAB=通用,,,,,,,,,,,,,,,,2XXL-525,,2.8,超余量
Chevrolet Chevy Van G20 Short Wagon 1981-1988,Chevrolet,Chevy Van,G20 Short,,,Wagon,gen3,1981-1988,两厢车,178.2,79.5,79.8,1981-1982 Chevrolet G20 Chevy Van 110-in Wheelbase | 1983-1988 Chevrolet G20 Chevy Van/Vandura 110-in Wheelbase,110-in G20；1981官方OH 79.8 in | 110-in G20；完整厢式车尺寸,待终核: 1982缺少独立G-Van尺寸包，当前为1981邻年延续值 | 待终核: 1984乘用版表未单列该组合，Cargo配置覆盖需第二阶段核对,all-07,无可用尺码,两厢车|CAB=通用,,,,,,,,,,,,,,,,2XXL-525,,2.8,超余量
Chevrolet Chevy Van G20 Short Wagon 1990,Chevrolet,Chevy Van,G20 Short,,,Wagon,gen3,1990,两厢车,178.2,79.5,80.9,1990 Chevrolet G20 Chevy Van 110-in Wheelbase,汽油版高度80.9 in、柴油版80.5 in；本行取最大值,待终核: 不同动力高度是否需独立拆行,all-07,无可用尺码,两厢车|CAB=通用,,,,,,,,,,,,,,,,2XXL-525,,2.8,超余量
Chevrolet Chevy Van G30 Extended Wagon 1990-1992,Chevrolet,Chevy Van,G30 Extended,,,Wagon,gen3,1990-1992,两厢车,223.2,79.5,82.3,1990 Chevrolet G30 Chevy Van 146-in Extended Wheelbase | 1991-1992 Chevrolet G30 Chevy Van 146-in Extended Wheelbase,146-in完整加长厢式车；1990起正式列入整车尺寸表 | 146-in完整加长厢式车；两年外廓一致,待终核: 1990 Extended缺少第二可靠规格源 | 待终核: W-IN是否明确排除镜体需终核,all-07,无可用尺码,两厢车|CAB=通用,,,,,,,,,,,,,,,,2XXL-525,,17.2,超长+超高
Chevrolet Chevy Van G30 Regular Wagon 1973,Chevrolet,Chevy Van,G30 Regular,,,Wagon,gen3,1973,两厢车,201,79.5,81.3,1973 Chevrolet G30 Chevy Van 125-in Wheelbase,125-in G30；OH 81.25 in按一位小数记为81.3,待终核: 1973宽度是否明确排除镜体需终核,all-07,无可用尺码,两厢车|CAB=通用,,,,,,,,,,,,,,,,2XXL-525,,0.3,超高
Chevrolet Chevy Van G30 Regular Wagon 1976,Chevrolet,Chevy Van,G30 Regular,,,Wagon,gen3,1976,两厢车,201,79.5,81.2,1976 Chevrolet G30 Chevy Van 125-in Wheelbase,125-in G30；官方OH 81.2 in,待终核: 1976宽度是否明确排除镜体需终核,all-07,无可用尺码,两厢车|CAB=通用,,,,,,,,,,,,,,,,2XXL-525,,0.2,超高
Chevrolet Chevy Van G30 Regular Wagon 1979,Chevrolet,Chevy Van,G30 Regular,,,Wagon,gen3,1979,两厢车,202.2,79.5,81.2,1979 Chevrolet G30 Chevy Van 125-in Wheelbase,125-in G30；官方OH 81.2 in,待终核: 1979宽度是否明确排除镜体需终核,all-07,无可用尺码,两厢车|CAB=通用,,,,,,,,,,,,,,,,2XXL-525,,0.2,超高
Chevrolet Chevy Van G30 Regular Wagon 1981-1989,Chevrolet,Chevy Van,G30 Regular,,,Wagon,gen3,1981-1989,两厢车,202.2,79.5,81.9,1981-1982 Chevrolet G30 Chevy Van 125-in Wheelbase | 1983-1988 Chevrolet G30 Chevy Van/Vandura 125-in Wheelbase | 1989 Chevrolet G30 Chevy Van/Vandura 125-in Wheelbase,125-in G30；1981官方OH 81.9 in | 125-in G30重载完整厢式车 | 汽油版高度81.8 in、HD/柴油版81.9 in；本行取最大值81.9,待终核: 1982缺少独立G-Van尺寸包，当前为1981邻年延续值 | 待终核: 发动机和GVWR造成的细微高度差待第二阶段核对 | 待终核: 不同动力高度是否需独立拆行,all-07,无可用尺码,两厢车|CAB=通用,,,,,,,,,,,,,,,,2XXL-525,,0.9,超高
Chevrolet Chevy Van G30 Regular Wagon 1990,Chevrolet,Chevy Van,G30 Regular,,,Wagon,gen3,1990,两厢车,202.2,79.5,82.3,1990 Chevrolet G30 Chevy Van 125-in Wheelbase,125-in G30重载车身,待终核: 1990宽度是否明确排除镜体需终核,all-07,无可用尺码,两厢车|CAB=通用,,,,,,,,,,,,,,,,2XXL-525,,1.3,超高
Chevrolet Chevy Van G30 Regular Wagon 1991-1992,Chevrolet,Chevy Van,G30 Regular,,,Wagon,gen3,1991-1992,两厢车,202.2,79.5,81.9,1991-1992 Chevrolet G30 Chevy Van 125-in Wheelbase,汽油版高度81.8 in、HD版本81.9 in；本行取最大值,待终核: 不同GVWR高度是否需独立拆行,all-07,无可用尺码,两厢车|CAB=通用,,,,,,,,,,,,,,,,2XXL-525,,0.9,超高
Chevrolet Chevy Van G30 Short Wagon 1973-1976,Chevrolet,Chevy Van,G30 Short,,,Wagon,gen3,1973-1976,两厢车,177,79.5,81.3,1973 Chevrolet G30 Chevy Van 110-in Wheelbase | 1976 Chevrolet G30 Chevy Van 110-in Wheelbase,年度表明确列出110-in G30；OH 81.25 in按一位小数记为81.3 | 年度表明确列出110-in G30完整车身,待终核: 1973宽度是否明确排除镜体需终核 | 待终核: 1976宽度是否明确排除镜体需终核,all-07,无可用尺码,两厢车|CAB=通用,,,,,,,,,,,,,,,,2XXL-525,,4,超余量+超高
Chevrolet Chevy Van G30 Short Wagon 1979,Chevrolet,Chevy Van,G30 Short,,,Wagon,gen3,1979,两厢车,178.2,79.5,81.2,1979 Chevrolet G30 Chevy Van 110-in Wheelbase,年度表明确列出110-in G30完整车身,待终核: 1979宽度是否明确排除镜体需终核,all-07,无可用尺码,两厢车|CAB=通用,,,,,,,,,,,,,,,,2XXL-525,,2.8,超余量+超高
Chevrolet Chevy Van Short Wagon 1993-1994,Chevrolet,Chevy Van,Short,,,Wagon,gen3,1993-1994,两厢车,180,79.1,80,1993-1994 Chevrolet Chevy Van G10/G20 Short Wheelbase,110-in wheelbase；1993 style-specific规格可覆盖短轴外廓,待终核: 1994 Short尺寸需独立来源确认；1993/1994宽度口径需终核,all-07,无可用尺码,两厢车|CAB=通用,,,,,,,,,,,,,,,,2XXL-525,,1,超余量
Chevrolet Chevy Van Short Wagon 1995,Chevrolet,Chevy Van,Short,,,Wagon,gen3,1995,两厢车,180.1,79.5,80,1995 Chevrolet Chevy Van G10/G20 Short Wheelbase,110-in wheelbase；GM官方Maximum Width为79.5 in；聚合规格另列79.1 in without mirrors,待终核: 1995 Short W-IN存在79.5/79.1来源差异,all-07,无可用尺码,两厢车|CAB=通用,,,,,,,,,,,,,,,,2XXL-525,,0.9,超余量
Chevrolet Colorado ZR2 Pickup 2023-2026 Crew 5,Chevrolet,Colorado,ZR2,Crew,5,Pickup,gen3,2023-2026,皮卡,212.7,78.1,81.8,2023/2024/2025/2026 Chevrolet Colorado ZR2 Crew Cab 5-ft bed,高车身,可入库,all-07,无可用尺码,皮卡|CAB=通用,,,,,,,,,,,,,,,,PK-L,,1.8,超高
Chevrolet Express Van 2013,Chevrolet,Express,,,,Van,gen1,2013,两厢车,221.5,79.2,83.7,1996-1998 Chevrolet Express regular WB reference / 1999 Chevrolet Express Cargo,全尺寸Van,可入库,all-07,无可用尺码,两厢车|CAB=通用,,,,,,,,,,,,,,,,2XXL-525,,15.5,超长+超高
Chevrolet Express Van 2021-2023,Chevrolet,Express,,,,Van,gen2,2021-2023,两厢车,224.1,79.3,84.8,2024 Chevrolet Express Cargo 2500 regular / 2023-2026 Chevrolet Express Cargo 2500 regular,全尺寸Van,可入库,all-07,无可用尺码,两厢车|CAB=通用,,,,,,,,,,,,,,,,2XXL-525,,18.1,超长+超高
Chevrolet Express Extended Van 2016-2017,Chevrolet,Express,Extended,,,Van,gen1,2016-2017,两厢车,238.8,79.4,83.7,1999 Chevrolet Express Extended,长轴Van,可入库,all-07,无可用尺码,两厢车|CAB=通用,,,,,,,,,,,,,,,,2XXL-525,,32.8,超长+超高
Chevrolet Express Extended Van 2021-2023,Chevrolet,Express,Extended,,,Van,gen2,2021-2023,两厢车,244.1,79.3,84.8,2024 Chevrolet Express extended / max reference,长轴Van,可入库,all-07,无可用尺码,两厢车|CAB=通用,,,,,,,,,,,,,,,,2XXL-525,,38.1,超长+超高
Chevrolet Impala Wagon 1962-1963,Chevrolet,Impala,,,,Wagon,gen3,1962-1963,两厢车,226.8,79.5,56,1971-1976 Chevrolet Impala Wagon,1971-1976 Wagon 为 125 in 轴距长车身；与 Sedan/Coupe/Convertible 分开取值,可入库,all-07,无可用尺码,两厢车|CAB=通用,,,,,,,,,,,,,,,,2XXL-525,,20.8,超长
Chevrolet Impala Wagon 1965-1968,Chevrolet,Impala,,,,Wagon,gen4,1965-1968,两厢车,218.3,79.1,55.2,1977-1985 Chevrolet Impala Wagon,1977-1985 已逐年覆盖；Wagon 单独取长车身安全口径,可入库,all-07,无可用尺码,两厢车|CAB=通用,,,,,,,,,,,,,,,,2XXL-525,,12.3,超长
Chevrolet Malibu Wagon 1975,Chevrolet,Malibu,,,,Wagon,gen3,1975,两厢车,215.4,76.6,55.8,1975 Chevrolet Malibu Wagon,先补高度空值；1975 wagon 长宽已补，height 先按 1975 Malibu Classic Estate Wagon / 1976-1977 同代 wagon 口径补入；需官方 wagon catalog 复核,可入库,all-07,无可用尺码,两厢车|CAB=通用,,,,,,,,,,,,,,,,2XXL-525,,9.4,超长
Chevrolet Malibu Wagon 1976,Chevrolet,Malibu,,,,Wagon,gen3,1976,两厢车,215.2,76.8,55.7,1976 Chevrolet Malibu Wagon,谨慎来源补齐三维；仍需官方 wagon catalog 交叉确认,可入库,all-07,无可用尺码,两厢车|CAB=通用,,,,,,,,,,,,,,,,2XXL-525,,9.2,超长
Chevrolet Malibu Wagon 1977,Chevrolet,Malibu,,,,Wagon,gen3,1977,两厢车,215.4,76.8,55.8,1977 Chevrolet Malibu Wagon,Automobile-Catalog 与 Carfolio 高度一致；作为 wagon 单年闭合,可入库,all-07,无可用尺码,两厢车|CAB=通用,,,,,,,,,,,,,,,,2XXL-525,,9.4,超长
Chevrolet S10 Pickup 1982-1990 Regular 6,Chevrolet,S10,,Regular,6,Pickup,gen1,1982-1990,皮卡,178.2,64.8,61.3,1982 Chevrolet S-10 Regular Cab 6.0-ft Bed | 1983-1988 Chevrolet S-10 Regular Cab 2WD 6.0-ft Bed | 1989-1990 Chevrolet S-10 Regular Cab 2WD 6.0-ft Bed,73.1-in货斗按名义6.0填写；官方尺寸为标准装备、空载状态 | 73.1-in货斗；六个年度官方尺寸一致；标准装备、空载状态 | 73.1-in货斗；两年官方基础车身三维一致,待终核: 1982尺寸缺少第二可靠规格源 | 待终核: 1983-1988 W-IN是否明确为without mirrors仍需终核 | 待终核: 1989-1990 W-IN未明确标注without mirrors,all-07,无可用尺码,皮卡|CAB=通用,,,,,,,,,,,,,,,,PK-M,,6.8,超余量
Chevrolet S10 Pickup 1991 Regular 6,Chevrolet,S10,,Regular,6,Pickup,gen1,1991,皮卡,178.2,64.7,61.6,1991 Chevrolet S-10 Regular Cab 2WD 6.0-ft Bed,73.1-in货斗；1991高度与1990/1992不同,待终核: 1991 W-IN未明确标注without mirrors,all-07,无可用尺码,皮卡|CAB=通用,,,,,,,,,,,,,,,,PK-M,,6.8,超余量
Chevrolet S10 Pickup 1992-1993 Regular 6,Chevrolet,S10,,Regular,6,Pickup,gen1,1992-1993,皮卡,178.2,64.7,61.3,1992 Chevrolet S-10 Regular Cab 2WD 6.0-ft Bed | 1993 Chevrolet S-10 Regular Cab 2WD 6.0-ft Bed,73.1-in货斗；1992基础车身高度恢复为61.3 in | 73.1-in货斗；2WD；W-IN按官方maximum width,待终核: 1992 W-IN未明确标注without mirrors | 待终核: 1993配置存在性需第二来源交叉确认,all-07,无可用尺码,皮卡|CAB=通用,,,,,,,,,,,,,,,,PK-M,,6.8,超余量
Chevrolet S10 4WD Pickup 1983-1993 Regular 6,Chevrolet,S10,4WD,Regular,6,Pickup,gen1,1983-1993,皮卡,178.2,64.8,63.5,1983-1988 Chevrolet S-10 Regular Cab 4WD 6.0-ft Bed | 1989-1990 Chevrolet S-10 Regular Cab 4WD 6.0-ft Bed | 1991 Chevrolet S-10 Regular Cab 4WD 6.0-ft Bed | 1992 Chevrolet S-10 Regular Cab 4WD 6.0-ft Bed | 1993 Chevrolet S-10 Regular Cab 4WD 6.0-ft Bed,73.1-in货斗；4WD高度独立；六个年度官方尺寸一致 | 73.1-in货斗；基础4WD，不含外挂灯架或越野附件 | 采用基础4WD车身；官方另列Baja附件后194.5-in长度和72.1-in灯架高度，不纳入本行 | 73.1-in货斗；基础4WD | 73.1-in货斗；4WD高度独立,待终核: 1983-1988 W-IN是否明确为without mirrors仍需终核 | 待终核: 1989-1990 W-IN未明确标注without mirrors | 待终核: 1991 W-IN未明确标注without mirrors | 待终核: 1992 W-IN未明确标注without mirrors | 待终核: 1993配置存在性需第二来源交叉确认,all-07,无可用尺码,皮卡|CAB=通用,,,,,,,,,,,,,,,,PK-M,,6.8,超余量
Chevrolet Silverado 2500HD/3500HD DRW Pickup 2015-2018 Crew 8,Chevrolet,Silverado 2500HD/3500HD,DRW,Crew,8,Pickup,gen3,2015-2018,皮卡,258.4,96.8,80,2015 Chevrolet Silverado 3500HD Crew Cab long bed DRW | 2016 Chevrolet Silverado 3500HD Crew Cab 8 ft configuration; 2015/2017 Chevrolet Silverado 3500HD Crew Cab long bed DRW cross-check | 2017 Chevrolet Silverado 3500HD Crew Cab long bed DRW | 2018 Chevrolet Silverado 3500HD Crew Cab 8 ft configuration; 2017/2019 Chevrolet Silverado 3500HD Crew Cab long bed DRW cross-check,HD DRW; 原 2015-2019 行拆出 2015; 已有 Crew Cab long bed DRW 明确参考 | HD DRW; 2016 Crew Cab 8 ft 配置存在，按 gen3 同代 Crew Cab long bed DRW 宽体配置压缩确认 | HD DRW; 原 2015-2019 行拆出 2017; 已有 Crew Cab long bed DRW 明确参考 | HD DRW; 2018 Crew Cab 8 ft 配置存在，按 gen3 同代 Crew Cab long bed DRW 宽体配置压缩确认,可入库,all-07,无可用尺码,皮卡|CAB=通用,,,,,,,,,,,,,,,,PK-XXXL,,7.8,超宽
Chevrolet Silverado 2500HD/3500HD DRW Pickup 2019 Crew 8,Chevrolet,Silverado 2500HD/3500HD,DRW,Crew,8,Pickup,gen3,2019,皮卡,258.4,96,77.8,2019 Chevrolet Silverado 3500HD Crew Cab long bed DRW,HD DRW; 原 2018-2019 行拆出 2019; Edmunds 已明确 258.4/96.0/77.8 与 97.8 bed length,可入库,all-07,无可用尺码,皮卡|CAB=通用,,,,,,,,,,,,,,,,PK-XXXL,,7,超宽
Chevrolet Silverado 2500HD/3500HD DRW Pickup 2020-2023 Crew 8,Chevrolet,Silverado 2500HD/3500HD,DRW,Crew,8,Pickup,gen4,2020-2023,皮卡,266,96.8,80,2020 Chevrolet Silverado 3500HD Crew Cab long bed DRW | 2021 Chevrolet Silverado 3500HD Crew Cab long bed DRW | 2022 Chevrolet Silverado 3500HD Crew Cab 8 ft; 2022 KBB Crew Cab 8 ft configuration dimensions | 2023 Chevrolet Silverado 3500HD Crew Cab 8 ft; 2023 KBB Crew Cab Pickup 4D 8 ft configuration,HD DRW; Edmunds 已明确 long bed DRW 外廓 266.0/96.8/80.0 | HD DRW; Edmunds 已明确 Crew Cab LB DRW 外廓 266.0/96.8/80.0 | HD DRW; KBB 已列 Crew Cab 8 ft 版本并给出 266 in/172 in 长床配置; 高度按同代 DRW long bed 已确认最大值 80.0，不混入 standard bed 80.9 | HD DRW; KBB 已列 Crew Cab Pickup 4D 8 ft; 尺寸按同代 DRW long bed 已确认 266.0/96.8/80.0,可入库,all-07,无可用尺码,皮卡|CAB=通用,,,,,,,,,,,,,,,,PK-XXXL,,7.8,超长+超宽
Chevrolet Silverado 2500HD/3500HD DRW Pickup 2024 Crew 8,Chevrolet,Silverado 2500HD/3500HD,DRW,Crew,8,Pickup,gen4,2024,皮卡,266,96.8,80.7,2024 Chevrolet Silverado 3500HD Crew Cab long bed DRW configuration dimensions,HD DRW; 2024 配置表已覆盖 Crew Cab long bed DRW 长度/宽度/高度; 高度由 80.9 修正为 80.67,可入库,all-07,无可用尺码,皮卡|CAB=通用,,,,,,,,,,,,,,,,PK-XXXL,,7.8,超长+超宽
Chevrolet Silverado 2500HD/3500HD DRW Pickup 2025 Crew 8,Chevrolet,Silverado 2500HD/3500HD,DRW,Crew,8,Pickup,gen4,2025,皮卡,266,96.8,80,2025 Chevrolet Silverado 3500HD Crew Cab 8 ft; 2025 KBB Crew Cab 8 ft configuration,HD DRW; KBB 已列 Crew Cab 8 ft 版本; 尺寸按同平台 DRW long bed 最大配置 266.0/96.8/80.0,可入库,all-07,无可用尺码,皮卡|CAB=通用,,,,,,,,,,,,,,,,PK-XXXL,,7.8,超长+超宽
Chevrolet Silverado 2500HD/3500HD DRW Pickup 2026 Crew 8,Chevrolet,Silverado 2500HD/3500HD,DRW,Crew,8,Pickup,gen4,2026,皮卡,266,96.8,80.7,2026 Chevrolet Silverado 3500HD Crew Cab long bed DRW; 2026 Chevrolet Silverado HD official length range 235.5-266,HD DRW; Edmunds 已明确 Crew Cab long bed/98.3 bed 与外廓 266.0/96.8/80.7; 高度由 80.9 修正为 80.7,可入库,all-07,无可用尺码,皮卡|CAB=通用,,,,,,,,,,,,,,,,PK-XXXL,,7.8,超长+超宽
Chevrolet Tracker 2dr SUV 1998-2004,Chevrolet,Tracker,2dr,,,SUV,gen1,1998-2004,越野车,142.5,64.2,65.6,1998-2004 Chevrolet Tracker 2-Door,短轴2门SUV,可入库,all-07,无可用尺码,越野车|CAB=通用,,,,,,,,,,,,,,,,YM+,,13.5,超余量
Ford Bronco 2dr SUV 1966-1977,Ford,Bronco,2dr,,,SUV,gen1,1966-1977,越野车,152.1,68.8,73.2,1st gen Bronco specs，AutoEvolution / Kincer / CJ Pony Parts,2door classic,可入库,all-07,无可用尺码,越野车|CAB=通用,,,,,,,,,,,,,,,,YM+,,3.9,超余量
Ford F-100 Pickup 1965-1966 Regular 6.5,Ford,F-100,,Regular,6.5,Pickup,gen3,1965-1966,皮卡,182.5,79.8,75,1965/1966,115 in WB；Twin I-Beam；与1961-1964断开,入库B,all-07,无可用尺码,皮卡|CAB=通用,,,,,,,,,,,,,,,,PK-M,,2.5,超余量
Ford F-100 Pickup 1968-1972 Regular 6.5,Ford,F-100,,Regular,6.5,Pickup,gen4,1968-1972,皮卡,182.5,79.8,75,1968/1970/1972,115 in WB；官方图册/CJ尺寸支持,入库A,all-07,无可用尺码,皮卡|CAB=通用,,,,,,,,,,,,,,,,PK-M,,2.5,超余量
Ford F-250/F-350 Super Duty Pickup 2008-2010 Crew 8,Ford,F-250/F-350 Super Duty,,Crew,8,Pickup,gen2,2008-2010,皮卡,262.4,79.9,79.9,2008-2010 F-250 Crew Cab long bed SRW,HD SRW; 2008-2010 Crew Cab 8.0已按逐年公开规格方向补齐，参考年份已压缩,可入库,all-07,无可用尺码,皮卡|CAB=通用,,,,,,,,,,,,,,,,PK-XXXL,,0.4,超长
Ford F-250/F-350 Super Duty Pickup 2011-2016 Crew 8,Ford,F-250/F-350 Super Duty,,Crew,8,Pickup,gen3,2011-2016,皮卡,263,79.9,79.8,2011-2016 F-250 Crew Cab long bed SRW,HD SRW; 已补齐2014 Crew Cab 8.0参考，2011-2016已逐年覆盖，参考年份已压缩,可入库,all-07,无可用尺码,皮卡|CAB=通用,,,,,,,,,,,,,,,,PK-XXXL,,1,超长
Ford F-250/F-350 Super Duty Pickup 2017-2022 Crew 8,Ford,F-250/F-350 Super Duty,,Crew,8,Pickup,gen4,2017-2022,皮卡,266.2,80,81.3,2017-2022 F-250 Crew Cab long bed SRW,HD SRW; 已补齐2019/2020/2021 Crew Cab 8.0参考，2017-2022已逐年覆盖，参考年份已压缩,可入库,all-07,无可用尺码,皮卡|CAB=通用,,,,,,,,,,,,,,,,PK-XXXL,,4.2,超长
Ford F-250/F-350 Super Duty Pickup 2023-2026 Crew 8,Ford,F-250/F-350 Super Duty,,Crew,8,Pickup,gen5,2023-2026,皮卡,266.2,80,81.4,2023-2026 F-250 Crew Cab long bed SRW,HD SRW; gen5 Crew Cab 8.0已补齐2023-2026参考覆盖，按F-250 SRW 4x4高点入库，参考年份已压缩,可入库,all-07,无可用尺码,皮卡|CAB=通用,,,,,,,,,,,,,,,,PK-XXXL,,4.2,超长
Ford F-350 Super Duty DRW Pickup 1999-2004 Crew 8,Ford,F-350 Super Duty,DRW,Crew,8,Pickup,gen1,1999-2004,皮卡,257.6,96,81.3,1999 F-350 Crew Cab DRW 8 ft | 2000 F-350 Crew Cab DRW 8 ft | 2001 F-350 Crew Cab DRW 8 ft | 2002 F-350 Crew Cab DRW 8 ft | 2003 F-350 Crew Cab DRW 8 ft | 2004 F-350 Crew Cab DRW 8 ft,宽体后双轮; 从1999-2007拆出1999单年; 1999参考点已核 | 宽体后双轮; 暂按1999参考点控制; 缺DRW宽高完整来源 | 宽体后双轮; KBB 2001 Crew Cab 8ft已核长度257.6; 缺DRW宽高完整来源 | 宽体后双轮; 暂按1999/2001参考点控制; 缺DRW宽高完整来源 | 宽体后双轮; Edmunds 2003 Crew Cab为262/79.9/81.3，非本行DRW宽体口径; 暂按1999参考点控制 | 宽体后双轮; Edmunds 2004 Crew Cab为262/79.9/81.3，非本行DRW宽体口径; 暂按1999参考点控制,可入库,all-07,无可用尺码,皮卡|CAB=通用,,,,,,,,,,,,,,,,PK-XXXL,,7,超宽
Ford F-350 Super Duty DRW Pickup 1999-2007 Regular 8,Ford,F-350 Super Duty,DRW,Regular,8,Pickup,gen1,1999-2007,皮卡,226.6,95.5,81.7,1999-2007 F-350 DRW Regular Cab long bed,宽体后双轮; 已补齐2000 DRW HD宽体证据，1999-2007已逐年覆盖；2000长度为222.2但区间最大长度仍按226.6保留，宽度按DRW宽体95.5保留，高度按区间高点81.7保留，参考年份已压缩,可入库,all-07,无可用尺码,皮卡|CAB=通用,,,,,,,,,,,,,,,,PK-XXL,,6.5,超宽
Ford F-350 Super Duty DRW Pickup 2005 Crew 8,Ford,F-350 Super Duty,DRW,Crew,8,Pickup,gen1,2005,皮卡,261.8,96,81.7,2005 F-350 Crew Cab DRW 8 ft,宽体后双轮; Edmunds 2005已核长度261.8/高度81.7/8ft床长98.6; 宽度79.9非DRW宽体口径,可入库,all-07,无可用尺码,皮卡|CAB=通用,,,,,,,,,,,,,,,,PK-XXXL,,7,超宽
Ford F-350 Super Duty DRW Pickup 2006-2007 Crew 8,Ford,F-350 Super Duty,DRW,Crew,8,Pickup,gen1,2006-2007,皮卡,261.8,96,81.3,2006 F-350 Crew Cab DRW 8 ft | 2007 F-350 Crew Cab DRW 8 ft,宽体后双轮; Edmunds 2006已核8ft床长98.6; 未核DRW宽体96与最大高度 | 宽体后双轮; 单年尺寸已核,可入库,all-07,无可用尺码,皮卡|CAB=通用,,,,,,,,,,,,,,,,PK-XXXL,,7,超宽
Ford F-350 Super Duty DRW Pickup 2008-2010 Crew 8,Ford,F-350 Super Duty,DRW,Crew,8,Pickup,gen2,2008-2010,皮卡,262.4,96,80.9,2008 F-350 Crew Cab DRW 8 ft | 2009 F-350 Crew Cab DRW 8 ft | 2010 F-350 Crew Cab DRW 8 ft,宽体后双轮; 单年尺寸已核,可入库,all-07,无可用尺码,皮卡|CAB=通用,,,,,,,,,,,,,,,,PK-XXXL,,7,超长+超宽
Ford F-350 Super Duty DRW Pickup 2008-2010 Regular 8,Ford,F-350 Super Duty,DRW,Regular,8,Pickup,gen2,2008-2010,皮卡,227,96,80.2,2008 F-350 DRW Regular Cab 8 ft | 2009 F-350 DRW Regular Cab 8 ft | 2010 F-350 DRW Regular Cab 8 ft,宽体后双轮; Edmunds 2008 Regular Cab已核8ft床长; 公开页未支撑DRW宽体96口径 | 宽体后双轮; KBB 2009 Regular Cab确认8ft版本; 暂按2010参考点控制 | 宽体后双轮; 2010单年尺寸已核,可入库,all-07,无可用尺码,皮卡|CAB=Regular,,,,,,,,,,,,,,,,PK-XL,,7,超宽
Ford F-350 Super Duty DRW Pickup 2011-2016 Crew 8,Ford,F-350 Super Duty,DRW,Crew,8,Pickup,gen3,2011-2016,皮卡,263,96,79.8,2011 F-350 Crew Cab DRW 8 ft | 2012 F-350 Crew Cab DRW 8 ft | 2013 F-350 Crew Cab DRW 8 ft | 2014 F-350 Crew Cab DRW 8 ft | 2015 F-350 Crew Cab DRW 8 ft | 2016 F-350 Crew Cab DRW 8 ft,宽体后双轮; Edmunds 2011 Crew Cab页为非8ft DRW口径，不用于本行入库 | 宽体后双轮; Edmunds 2012 Crew Cab页为非8ft DRW口径，不用于本行入库 | 宽体后双轮; 单年拆分; 高度暂按79.8控制,可入库,all-07,无可用尺码,皮卡|CAB=通用,,,,,,,,,,,,,,,,PK-XXXL,,7,超长+超宽
Ford F-350 Super Duty DRW Pickup 2011-2016 Regular 8,Ford,F-350 Super Duty,DRW,Regular,8,Pickup,gen3,2011-2016,皮卡,227.6,96,80,2011 F-350 DRW Regular Cab 8 ft | 2012 F-350 DRW Regular Cab 8 ft | 2013 F-350 DRW Regular Cab 8 ft | 2014 F-350 DRW Regular Cab 8 ft | 2015 F-350 DRW Regular Cab 8 ft | 2016 F-350 DRW Regular Cab 8 ft,宽体后双轮; 已找到2011普通Regular Cab参考但缺DRW 8ft高度口径 | 宽体后双轮; 已找到2012普通Regular Cab参考但缺DRW 8ft高度口径 | 宽体后双轮; 单年拆分; 暂按2013参考点高度控制 | 宽体后双轮; 单年拆分; 暂按2014参考点高度控制 | 宽体后双轮; 单年拆分; 暂按2015参考点高度控制 | 宽体后双轮; 单年拆分; 暂按2016参考点高度控制,可入库,all-07,无可用尺码,皮卡|CAB=通用,,,,,,,,,,,,,,,,PK-L,,7,超宽
Ford F-350 Super Duty DRW Pickup 2017-2019 Crew 8,Ford,F-350 Super Duty,DRW,Crew,8,Pickup,gen4,2017-2019,皮卡,266.2,96,81.1,2017 F-350 Crew Cab DRW 8 ft | 2018 F-350 Crew Cab DRW 8 ft | 2019 F-350 Crew Cab DRW 8 ft,宽体后双轮; Edmunds 2017 Crew Cab已核266.2/96.0/81.1 | 宽体后双轮; Edmunds 2018 Crew Cab已核266.2/96.0/81.1 | 宽体后双轮; Edmunds 2019 F-350已核266.2/96.0/81.1,可入库,all-07,无可用尺码,皮卡|CAB=通用,,,,,,,,,,,,,,,,PK-XXXL,,7,超长+超宽
Ford F-350 Super Duty DRW Pickup 2017-2022 Regular 8,Ford,F-350 Super Duty,DRW,Regular,8,Pickup,gen4,2017-2022,皮卡,231.8,96,81.2,2017 F-350 DRW Regular Cab 8 ft | 2018 F-350 DRW Regular Cab 8 ft | 2019 F-350 DRW Regular Cab 8 ft | 2020 F-350 DRW Regular Cab 8 ft | 2021 F-350 DRW Regular Cab 8 ft | 2022 F-350 DRW Regular Cab 8 ft,宽体后双轮; Regular Cab公开页多为非DRW宽体口径; 不采用普通80.0宽度页直接入库 | 宽体后双轮; 单年尺寸已核 | 宽体后双轮; 2022单年参考点已核; DRW宽度96,可入库,all-07,无可用尺码,皮卡|CAB=通用,,,,,,,,,,,,,,,,PK-XXL,,7,超宽
Ford F-350 Super Duty DRW Pickup 2020-2022 Crew 8,Ford,F-350 Super Duty,DRW,Crew,8,Pickup,gen4,2020-2022,皮卡,266.2,96,81.3,2020 F-350 Crew Cab DRW 8 ft | 2021 F-350 Crew Cab DRW 8 ft | 2022 F-350 Crew Cab DRW 8 ft,宽体后双轮; 单年尺寸已核 | 宽体后双轮; 2022单年参考点已核; DRW宽度96,可入库,all-07,无可用尺码,皮卡|CAB=通用,,,,,,,,,,,,,,,,PK-XXXL,,7,超长+超宽
Ford F-350 Super Duty DRW Pickup 2023-2026 Crew 8,Ford,F-350 Super Duty,DRW,Crew,8,Pickup,gen5,2023-2026,皮卡,266.2,96,81.5,2023 F-350 Crew Cab DRW 8 ft | 2024 F-350 Crew Cab DRW 8 ft | 2025 F-350 Crew Cab DRW 8 ft | 2026 F-350 Crew Cab DRW 8 ft,宽体后双轮; 单年尺寸已核; DRW宽度96 | 宽体后双轮; 4x2 DRW已核266.2/96/79.5; 当前按全配置最大高度81.5保守控制 | 宽体后双轮; 单年尺寸已核,可入库,all-07,无可用尺码,皮卡|CAB=通用,,,,,,,,,,,,,,,,PK-XXXL,,7,超长+超宽
Ford F-350 Super Duty DRW Pickup 2023-2026 Regular 8,Ford,F-350 Super Duty,DRW,Regular,8,Pickup,gen5,2023-2026,皮卡,231.8,96,81.3,2023 F-350 DRW Regular Cab 8 ft | 2024 F-350 DRW Regular Cab 8 ft | 2025 F-350 DRW Regular Cab 8 ft | 2026 F-350 DRW Regular Cab 8 ft,宽体后双轮; 单年尺寸已核; DRW宽度96 | 宽体后双轮; Edmunds 2025公开页为250.0/80.0/81.4等非本行DRW Regular 8ft口径; 当前按2026保守控制 | 宽体后双轮; 单年尺寸已核,可入库,all-07,无可用尺码,皮卡|CAB=通用,,,,,,,,,,,,,,,,PK-XXL,,7,超宽
Ford Ranger Pickup 1993-1997 Regular 6,Ford,Ranger,,Regular,6,Pickup,gen2,1993-1997,皮卡,184.3,69.4,64.3,1993-1997 Ranger Regular Cab 6 ft,普通窄体皮卡; 已按1993-1997区间修正,可入库,all-07,无可用尺码,皮卡|CAB=通用,,,,,,,,,,,,,,,,PK-M,,0.7,超余量
GMC Canyon Pickup 2023-2026 Crew 5,GMC,Canyon,,Crew,5,Pickup,gen3,2023-2026,皮卡,213.2,72.4,81.6,2023-2024 Canyon AT4X; 2025-2026 Canyon Crew Cab AT4/Denali,含高车身版本; 2023-2024 AT4X拉高最大高度,可入库,all-07,无可用尺码,皮卡|CAB=通用,,,,,,,,,,,,,,,,PK-L,,1.6,超高
GMC Canyon AT4X Pickup 2023-2026 Crew 5,GMC,Canyon,AT4X,Crew,5,Pickup,gen3,2023-2026,皮卡,213.2,72.4,81.6,2023-2026 GMC Canyon AT4X Crew Cab 5 ft,高车身；2023 已确认可并入 2024-2026,可入库,all-07,无可用尺码,皮卡|CAB=通用,,,,,,,,,,,,,,,,PK-L,,1.6,超高
GMC Sierra 2500HD/3500HD Pickup 2001-2007 Crew 8,GMC,Sierra 2500HD/3500HD,,Crew,8,Pickup,gen1,2001-2007,皮卡,266,81.9,81.2,Sierra HD Crew Cab long bed SRW,HD SRW; 代际已修；尺寸待按本代/驾驶室/货斗终核,可入库,all-07,无可用尺码,皮卡|CAB=通用,,,,,,,,,,,,,,,,PK-XXXL,,4,超长
GMC Sierra 2500HD/3500HD Pickup 2008-2014 Crew 8,GMC,Sierra 2500HD/3500HD,,Crew,8,Pickup,gen2,2008-2014,皮卡,266,81.9,81.2,Sierra HD Crew Cab long bed SRW,HD SRW; 代际已修；尺寸待按本代/驾驶室/货斗终核,可入库,all-07,无可用尺码,皮卡|CAB=通用,,,,,,,,,,,,,,,,PK-XXXL,,4,超长
GMC Sierra 2500HD/3500HD Pickup 2015-2019 Crew 8,GMC,Sierra 2500HD/3500HD,,Crew,8,Pickup,gen3,2015-2019,皮卡,266,81.9,81.2,Sierra HD Crew Cab long bed SRW,HD SRW; 代际已修；尺寸待按本代/驾驶室/货斗终核,可入库,all-07,无可用尺码,皮卡|CAB=通用,,,,,,,,,,,,,,,,PK-XXXL,,4,超长
GMC Sierra 2500HD/3500HD Pickup 2020-2026 Crew 8,GMC,Sierra 2500HD/3500HD,,Crew,8,Pickup,gen4,2020-2026,皮卡,266,81.9,81.2,Sierra HD Crew Cab long bed SRW,HD SRW; 代际已修；尺寸待按本代/驾驶室/货斗终核,可入库,all-07,无可用尺码,皮卡|CAB=通用,,,,,,,,,,,,,,,,PK-XXXL,,4,超长
GMC Sierra 2500HD/3500HD DRW Pickup 2001-2007 Crew 8,GMC,Sierra 2500HD/3500HD,DRW,Crew,8,Pickup,gen1,2001-2007,皮卡,266.8,96.6,80,2025 Sierra 3500HD Crew Cab DRW long bed,宽体后双轮; 代际已修；尺寸待按本代/驾驶室/货斗终核,可入库,all-07,无可用尺码,皮卡|CAB=通用,,,,,,,,,,,,,,,,PK-XXXL,,7.6,超长+超宽
GMC Sierra 2500HD/3500HD DRW Pickup 2008-2014 Crew 8,GMC,Sierra 2500HD/3500HD,DRW,Crew,8,Pickup,gen2,2008-2014,皮卡,266.8,96.6,80,2025 Sierra 3500HD Crew Cab DRW long bed,宽体后双轮; 代际已修；尺寸待按本代/驾驶室/货斗终核,可入库,all-07,无可用尺码,皮卡|CAB=通用,,,,,,,,,,,,,,,,PK-XXXL,,7.6,超长+超宽
GMC Sierra 2500HD/3500HD DRW Pickup 2015-2019 Crew 8,GMC,Sierra 2500HD/3500HD,DRW,Crew,8,Pickup,gen3,2015-2019,皮卡,266.8,96.6,80,2025 Sierra 3500HD Crew Cab DRW long bed,宽体后双轮; 代际已修；尺寸待按本代/驾驶室/货斗终核,可入库,all-07,无可用尺码,皮卡|CAB=通用,,,,,,,,,,,,,,,,PK-XXXL,,7.6,超长+超宽
GMC Sierra 2500HD/3500HD DRW Pickup 2020-2026 Crew 8,GMC,Sierra 2500HD/3500HD,DRW,Crew,8,Pickup,gen4,2020-2026,皮卡,266.8,96.6,80,2025 Sierra 3500HD Crew Cab DRW long bed,宽体后双轮; 代际已修；尺寸待按本代/驾驶室/货斗终核,可入库,all-07,无可用尺码,皮卡|CAB=通用,,,,,,,,,,,,,,,,PK-XXXL,,7.6,超长+超宽
Jeep Wrangler 2dr SUV 1987,Jeep,Wrangler,2dr,,,SUV,gen1,1987,越野车,151.9,66,68.7,"1987 Jeep Wrangler Hard-Top, Edmunds",YJ短轴；普通2-door,可入库,all-07,无可用尺码,越野车|CAB=通用,,,,,,,,,,,,,,,,YM+,,4.1,超余量
Jeep Wrangler 2dr SUV 1988-1990,Jeep,Wrangler,2dr,,,SUV,gen1,1988-1990,越野车,152.6,66,72,"1993 Jeep Wrangler S, Edmunds / YJ factory specs",YJ高车身；普通2-door,可入库,all-07,无可用尺码,越野车|CAB=通用,,,,,,,,,,,,,,,,YM+,,3.4,超余量
Jeep Wrangler 2dr SUV 1991-1992,Jeep,Wrangler,2dr,,,SUV,gen1,1991-1992,越野车,153,66,72,"1991-1992 Jeep Wrangler, Edmunds",YJ高车身；普通2-door,可入库,all-07,无可用尺码,越野车|CAB=通用,,,,,,,,,,,,,,,,YM+,,3,超余量
Jeep Wrangler 2dr SUV 1993,Jeep,Wrangler,2dr,,,SUV,gen1,1993,越野车,152.6,66,72,"1993 Jeep Wrangler S, Edmunds",YJ高车身；普通2-door,可入库,all-07,无可用尺码,越野车|CAB=通用,,,,,,,,,,,,,,,,YM+,,3.4,超余量
Jeep Wrangler 2dr SUV 1994-1995,Jeep,Wrangler,2dr,,,SUV,gen1,1994-1995,越野车,151.9,66,71.9,"1994-1995 Jeep Wrangler Sahara/SE, Edmunds",YJ末期高车身；普通2-door；无1996 model year,可入库,all-07,无可用尺码,越野车|CAB=通用,,,,,,,,,,,,,,,,YM+,,4.1,超余量
Jeep Wrangler 2dr SUV 1997,Jeep,Wrangler,2dr,,,SUV,gen2,1997,越野车,151.8,66.7,68.9,"1997 Jeep Wrangler SE/Sahara, Edmunds",TJ短轴；普通2-door,可入库,all-07,无可用尺码,越野车|CAB=通用,,,,,,,,,,,,,,,,YM+,,4.2,超余量
Jeep Wrangler 2dr SUV 1998,Jeep,Wrangler,2dr,,,SUV,gen2,1998,越野车,147.7,66.7,69.6,"1998 Jeep Wrangler, Edmunds",TJ短轴；普通2-door；Edmunds长度短,可入库,all-07,无可用尺码,越野车|CAB=通用,,,,,,,,,,,,,,,,YM+,,8.3,超余量
Jeep Wrangler 2dr SUV 1999,Jeep,Wrangler,2dr,,,SUV,gen2,1999,越野车,153,66.7,69.6,"1999 Jeep Wrangler SE, Edmunds",TJ短轴；普通2-door,可入库,all-07,无可用尺码,越野车|CAB=通用,,,,,,,,,,,,,,,,YM+,,3,超余量
Jeep Wrangler 2dr SUV 2000-2001,Jeep,Wrangler,2dr,,,SUV,gen2,2000-2001,越野车,155.4,66.7,71.1,"2000-2001 Jeep Wrangler SE/Sport/Sahara, Edmunds",TJ短轴；普通2-door,可入库,all-07,无可用尺码,越野车|CAB=通用,,,,,,,,,,,,,,,,YM+,,0.6,超余量
Jeep Wrangler 2dr SUV 2002-2006,Jeep,Wrangler,2dr,,,SUV,gen2,2002-2006,越野车,155.4,66.7,70.9,"2002-2006 Jeep Wrangler SE/X/Sport/Sahara, Edmunds",TJ短轴；普通2-door；inc: SE/X/Sport/Sahara,可入库,all-07,无可用尺码,越野车|CAB=通用,,,,,,,,,,,,,,,,YM+,,0.6,超余量
Jeep Wrangler 2dr SUV 2007-2011,Jeep,Wrangler,2dr,,,SUV,gen3,2007-2011,越野车,152.8,73.7,70.9,"2007-2011 Jeep Wrangler 2dr, Edmunds",JK早期短轴；普通2-door,可入库,all-07,无可用尺码,越野车|CAB=通用,,,,,,,,,,,,,,,,YM+,,3.2,超余量
Jeep Wrangler 2dr SUV 2012,Jeep,Wrangler,2dr,,,SUV,gen3,2012,越野车,152.8,73.7,71.9,"2012 Jeep Wrangler 2dr, Edmunds",JK短轴；普通2-door,可入库,all-07,无可用尺码,越野车|CAB=通用,,,,,,,,,,,,,,,,YM+,,3.2,超余量
Land Rover Defender 110 NAS SUV 1993,Land Rover,Defender,110 NAS,,,SUV,gen1,1993,越野车,181.1,70.5,90,1993 Land Rover Defender 110 NAS,高车身NAS 110,可入库,all-07,无可用尺码,越野车|CAB=通用,,,,,,,,,,,,,,,,YXXL,,4,超余量+超高
Land Rover Defender 90 NAS SUV 1994-1995,Land Rover,Defender,90 NAS,,,SUV,gen1,1994-1995,越野车,160.5,70.5,80.2,1994-1995 Land Rover Defender 90 NAS,短轴NAS 90,可入库,all-07,无可用尺码,越野车|CAB=通用,,,,,,,,,,,,,,,,YM+,,2.2,超高
Land Rover Defender 90 NAS SUV 1997,Land Rover,Defender,90 NAS,,,SUV,gen1,1997,越野车,157.1,70.5,80.2,1997 Land Rover Defender 90 NAS,短轴NAS 90,可入库,all-07,无可用尺码,越野车|CAB=通用,,,,,,,,,,,,,,,,YM+,,2.2,超高
Lincoln Continental Coupe 1974,Lincoln,Continental,,,,Coupe,gen5,1974,跑车,232.6,80,54.9,1974 Lincoln Continental Coupe / Town Coupe,Coupe较低，1974后保险杠加长,可入库,all-07,无可用尺码,跑车|CAB=通用,,,,,,,,,,,,,,,,3XXXXL-0,,0.6,超长
Lincoln Continental Sedan 1974,Lincoln,Continental,,,,Sedan,gen5,1974,三厢车,232.6,80,55.4,1974 Lincoln Continental Sedan,1974长度增加,可入库,all-07,无可用尺码,三厢车|CAB=通用,,,,,,,,,,,,,,,,3XXXXL-0,,0.6,超长
Lincoln Continental Coupe 1975,Lincoln,Continental,,,,Coupe,gen5,1975,跑车,232.9,79.6,55.4,1975 Lincoln Continental Town Coupe,1975 coupe高度较sedan低,可入库,all-07,无可用尺码,跑车|CAB=通用,,,,,,,,,,,,,,,,3XXXXL-0,,0.9,超长
Lincoln Continental Sedan 1975,Lincoln,Continental,,,,Sedan,gen5,1975,三厢车,232.9,79.6,55.6,1975 Lincoln Continental Sedan / Town Car,1975宽度低于1976,可入库,all-07,无可用尺码,三厢车|CAB=通用,,,,,,,,,,,,,,,,3XXXXL-0,,0.9,超长
Lincoln Continental Coupe 1976,Lincoln,Continental,,,,Coupe,gen5,1976,跑车,232.9,80.3,55.3,1976 Lincoln Continental Coupe,保险杠时代coupe,可入库,all-07,无可用尺码,跑车|CAB=通用,,,,,,,,,,,,,,,,3XXXXL-0,,0.9,超长
Lincoln Continental Sedan 1976,Lincoln,Continental,,,,Sedan,gen5,1976,三厢车,232.9,80.3,55.5,1976 Lincoln Continental Sedan,保险杠时代sedan,可入库,all-07,无可用尺码,三厢车|CAB=通用,,,,,,,,,,,,,,,,3XXXXL-0,,0.9,超长
Lincoln Continental Coupe 1977-1979,Lincoln,Continental,,,,Coupe,gen5,1977-1979,跑车,233.1,79.9,55.5,1979 Lincoln Continental Coupe / Town Car,末期最长段,可入库,all-07,无可用尺码,跑车|CAB=通用,,,,,,,,,,,,,,,,3XXXXL-0,,1.1,超长
Lincoln Continental Sedan 1977-1979,Lincoln,Continental,,,,Sedan,gen5,1977-1979,三厢车,233.1,79.9,55.5,1979 Lincoln Continental Sedan / Town Car,末期最长段,可入库,all-07,无可用尺码,三厢车|CAB=通用,,,,,,,,,,,,,,,,3XXXXL-0,,1.1,超长
Mercury Cougar Wagon 1977,Mercury,Cougar,,,,Wagon,gen4,1977,两厢车,223.1,79.6,54.9,1977 Mercury Cougar Station Wagon,wagon更长高,可入库,all-07,无可用尺码,两厢车|CAB=通用,,,,,,,,,,,,,,,,2XXL-525,,17.1,超长
Mercury Cougar Wagon 1978-1979,Mercury,Cougar,,,,Wagon,gen4,1978-1979,两厢车,221.3,78.6,54.2,1978-1979 Mercury Cougar Wagon / 1978-1979 Mercury Cougar Wagon,wagon更长高,可入库,all-07,无可用尺码,两厢车|CAB=通用,,,,,,,,,,,,,,,,2XXL-525,,15.3,超长
Mercury Marquis Wagon 1973,Mercury,Marquis,,,,Wagon,gen3,1973,两厢车,223.4,79.6,55,1973 Mercury Marquis Station Wagon,wagon早期较短,可入库,all-07,无可用尺码,两厢车|CAB=通用,,,,,,,,,,,,,,,,2XXL-525,,17.4,超长
Mercury Marquis Wagon 1974,Mercury,Marquis,,,,Wagon,gen3,1974,两厢车,225.6,79.8,57.1,1974 Mercury Marquis Station Wagon,1974 wagon独立,可入库,all-07,无可用尺码,两厢车|CAB=通用,,,,,,,,,,,,,,,,2XXL-525,,19.6,超长
Mercury Marquis Wagon 1975-1977,Mercury,Marquis,,,,Wagon,gen3,1975-1977,两厢车,231,79.6,55,1975-1977 Mercury Marquis Colony Park Wagon,wagon超长,可入库,all-07,无可用尺码,两厢车|CAB=通用,,,,,,,,,,,,,,,,2XXL-525,,25,超长
Mercury Marquis Wagon 1978,Mercury,Marquis,,,,Wagon,gen3,1978,两厢车,227.1,79.7,56.9,1978 Mercury Marquis Colony Park Wagon,1978 wagon末年,可入库,all-07,无可用尺码,两厢车|CAB=通用,,,,,,,,,,,,,,,,2XXL-525,,21.1,超长
Mercury Marquis Wagon 1979-1982,Mercury,Marquis,,,,Wagon,gen4,1979-1982,两厢车,218,79.3,57.2,1979-1980 Mercury Marquis Colony Park / Station Wagon,downsized全尺寸wagon,可入库,all-07,无可用尺码,两厢车|CAB=通用,,,,,,,,,,,,,,,,2XXL-525,,12,超长
Mercury Monterey Hatchback 1955-1956,Mercury,Monterey,,,,Hatchback,gen2,1955-1956,两厢车,206.4,76.4,64.5,1955-1956 Mercury Monterey,50年代高车身,可入库,all-07,无可用尺码,两厢车|CAB=通用,,,,,,,,,,,,,,,,2XXL-525,,0.4,超长
Mercury Monterey Wagon 1955-1956,Mercury,Monterey,,,,Wagon,gen2,1955-1956,两厢车,206.3,76.4,61.2,1955-1956 Mercury Monterey / full-size Mercury Station Wagon,1955-1956可作为Monterey wagon补行；长宽高取1955 Mercury full-size安全口径，1956宽度取76.4,可入库,all-07,无可用尺码,两厢车|CAB=通用,,,,,,,,,,,,,,,,2XXL-525,,0.3,超长
Mercury Monterey Wagon 1959-1960,Mercury,Monterey,,,,Wagon,gen4,1959-1960,两厢车,219.2,80,57,1959-1960 Mercury Monterey Wagon,wagon更高,可入库,all-07,无可用尺码,两厢车|CAB=通用,,,,,,,,,,,,,,,,2XXL-525,,13.2,超长
Mercury Monterey Wagon 1969-1974,Mercury,Monterey,,,,Wagon,gen7,1969-1974,两厢车,221.8,79.8,55.5,1969/1972 Mercury Monterey Wagon,wagon更高,可入库,all-07,无可用尺码,两厢车|CAB=通用,,,,,,,,,,,,,,,,2XXL-525,,15.8,超长
Mitsubishi Montero 2dr SWB SUV 1990,Mitsubishi,Montero,2dr SWB,,,SUV,gen1,1990,越野车,153.7,66.1,72.8,1990 Mitsubishi Montero 2-Door SWB,第一代Montero两门短轴车身；美国市场SWB版本,,all-07,无可用尺码,越野车|CAB=通用,,,,,,,,,,,,,,,,YM+,,2.3,超余量
Nissan Frontier Pickup 1998 Regular 6,Nissan,Frontier,,Regular,6,Pickup,gen1,1998,皮卡,184.3,66.5,66.1,1998 Frontier Regular Cab XE,早期单排短车身; 按可查XE高度修正,可入库,all-07,无可用尺码,皮卡|CAB=通用,,,,,,,,,,,,,,,,PK-M,,0.7,超余量
Nissan Frontier Pickup 1999 Regular 6,Nissan,Frontier,,Regular,6,Pickup,gen1,1999,皮卡,184.3,71.9,66.1,1999 Frontier Regular Cab XE,早期单排短车身; 4WD宽高更大,可入库,all-07,无可用尺码,皮卡|CAB=通用,,,,,,,,,,,,,,,,PK-M,,0.7,超余量
Nissan Frontier Pickup 2000 Regular 6,Nissan,Frontier,,Regular,6,Pickup,gen1,2000,皮卡,184.3,66.5,62.8,2000 Frontier Regular Cab,早期单排短车身,可入库,all-07,无可用尺码,皮卡|CAB=通用,,,,,,,,,,,,,,,,PK-M,,0.7,超余量
Oldsmobile 88 Hatchback 1957-1958,Oldsmobile,88,,,,Hatchback,gen3,1957-1958,两厢车,207,78.5,56.8,1957-1958 Oldsmobile 88,低化宽体,可入库,all-07,无可用尺码,两厢车|CAB=通用,,,,,,,,,,,,,,,,2XXL-525,,1,超长
Oldsmobile 88 Hatchback 1959-1960,Oldsmobile,88,,,,Hatchback,gen4,1959-1960,两厢车,218.4,80.8,56,1959-1960 Oldsmobile Dynamic 88,尾翼时代超宽,可入库,all-07,无可用尺码,两厢车|CAB=通用,,,,,,,,,,,,,,,,2XXL-525,,12.4,超长
Oldsmobile 88 Wagon 1961,Oldsmobile,88,,,,Wagon,gen5,1961,两厢车,212,77.2,55.8,"1961 Oldsmobile Dynamic 88 wagon, Oldsmobile brochure",full-size低车身,可入库,all-07,无可用尺码,两厢车|CAB=通用,,,,,,,,,,,,,,,,2XXL-525,,6,超长
Oldsmobile 88 Hatchback 1961-1964,Oldsmobile,88,,,,Hatchback,gen5,1961-1964,两厢车,215,78.6,55,1961/1964 Oldsmobile 88,full-size低车身,可入库,all-07,无可用尺码,两厢车|CAB=通用,,,,,,,,,,,,,,,,2XXL-525,,9,超长
Oldsmobile 88 Wagon 1962,Oldsmobile,88,,,,Wagon,gen5,1962,两厢车,213.9,77.9,56.6,"1962 Oldsmobile Dynamic 88 Fiesta Station Wagon, Oldsmobile brochure",高顶wagon,可入库,all-07,无可用尺码,两厢车|CAB=通用,,,,,,,,,,,,,,,,2XXL-525,,7.9,超长
Oldsmobile 88 Wagon 1963,Oldsmobile,88,,,,Wagon,gen5,1963,两厢车,214.4,77.9,56.3,"1963 Oldsmobile Super 88 Fiesta Wagon, Automobile-Catalog",高顶wagon,可入库,all-07,无可用尺码,两厢车|CAB=通用,,,,,,,,,,,,,,,,2XXL-525,,8.4,超长
Oldsmobile 88 Wagon 1964,Oldsmobile,88,,,,Wagon,gen5,1964,两厢车,215.3,78,55.9,"1964 Oldsmobile Dynamic 88 Station Wagon, Conceptcarz / Automobile-Catalog",full-size低车身,可入库,all-07,无可用尺码,两厢车|CAB=通用,,,,,,,,,,,,,,,,2XXL-525,,9.3,超长
Oldsmobile 88 Hatchback 1965-1970,Oldsmobile,88,,,,Hatchback,gen6,1965-1970,两厢车,220,79.7,54.4,1965/1968/1970 Oldsmobile Delta 88,B-body长车身,可入库,all-07,无可用尺码,两厢车|CAB=通用,,,,,,,,,,,,,,,,2XXL-525,,14,超长
Oldsmobile 88 Wagon 1972,Oldsmobile,88,,,,Wagon,gen7,1972,两厢车,228.3,79.5,57.1,"1971-1973 Oldsmobile Custom Cruiser Wagon, Automobile-Catalog / brochure cross-check",clamshell wagon,可入库,all-07,无可用尺码,两厢车|CAB=通用,,,,,,,,,,,,,,,,2XXL-525,,22.3,超长
Oldsmobile 88 Wagon 1974,Oldsmobile,88,,,,Wagon,gen7,1974,两厢车,231.2,79.5,53.6,"1974-1975 Oldsmobile Custom Cruiser Wagon, Automobile-Catalog",长轴wagon,可入库,all-07,无可用尺码,两厢车|CAB=通用,,,,,,,,,,,,,,,,2XXL-525,,25.2,超长
Oldsmobile 88 Wagon 1975,Oldsmobile,88,,,,Wagon,gen7,1975,两厢车,231.2,79.5,57.2,"1974 Oldsmobile Custom Cruiser Wagon, Automobile-Catalog / brochure",,可入库,all-07,无可用尺码,两厢车|CAB=通用,,,,,,,,,,,,,,,,2XXL-525,,25.2,超长
Oldsmobile 88 Wagon 1977-1978,Oldsmobile,88,,,,Wagon,gen8,1977-1978,两厢车,217.1,79.8,58.5,"1977-1978 Oldsmobile Custom Cruiser Wagon, Automobile-Catalog / Edmunds height cross-check",downsized wagon,可入库,all-07,无可用尺码,两厢车|CAB=通用,,,,,,,,,,,,,,,,2XXL-525,,11.1,超长
Oldsmobile 88 Wagon 1979-1980,Oldsmobile,88,,,,Wagon,gen8,1979-1980,两厢车,219.4,79.8,58.5,"1979-1980 Oldsmobile Custom Cruiser Wagon, Automobile-Catalog / Edmunds height cross-check",downsized wagon,可入库,all-07,无可用尺码,两厢车|CAB=通用,,,,,,,,,,,,,,,,2XXL-525,,13.4,超长
Oldsmobile 88 Wagon 1981-1985,Oldsmobile,88,,,,Wagon,gen8,1981-1985,两厢车,220.3,79.8,58.5,"1981-1985 Oldsmobile Custom Cruiser Wagon, Automobile-Catalog / Edmunds height cross-check",downsized wagon,可入库,all-07,无可用尺码,两厢车|CAB=通用,,,,,,,,,,,,,,,,2XXL-525,,14.3,超长
Oldsmobile Custom Cruiser 455 V8 Wagon 1976,Oldsmobile,Custom Cruiser,455 V8,,,Wagon,gen1,1976,两厢车,231,80,57.1,"1976 Oldsmobile Custom Cruiser 455 V8, Automobile-Catalog",全尺寸长轴旅行车；GM B-body平台；455 V8动力版本,,all-07,无可用尺码,两厢车|CAB=通用,,,,,,,,,,,,,,,,2XXL-525,,25,超长
Oldsmobile Cutlass Wagon 1968-1972,Oldsmobile,Cutlass,,,,Wagon,gen3,1968-1972,两厢车,207.6,76.8,55.2,1969/1971 Oldsmobile Cutlass Wagon,wagon更高,可入库,all-07,无可用尺码,两厢车|CAB=通用,,,,,,,,,,,,,,,,2XXL-525,,1.6,超长
Plymouth Fury Wagon 1962-1964,Plymouth,Fury,,,,Wagon,gen2,1962-1964,两厢车,210,75.6,56.2,"1962 Plymouth Savoy/Fury Station Wagon, Automobile-Catalog / 1962 Fury Station Wagon",旅行版长尾厢,可入库,all-07,无可用尺码,两厢车|CAB=通用,,,,,,,,,,,,,,,,2XXL-525,,4,超长
Pontiac Bonneville Hatchback 1958,Pontiac,Bonneville,,,,Hatchback,gen1,1958,两厢车,210.5,77.4,59.1,1958 Pontiac Safari / full-size fact sheet,Safari高车身,可入库,all-07,无可用尺码,两厢车|CAB=通用,,,,,,,,,,,,,,,,2XXL-525,,4.5,超长
Pontiac Bonneville Grand Safari Wagon 1971,Pontiac,Bonneville,Grand Safari,,,Wagon,gen5,1971,两厢车,230.2,79.9,57.8,1971-1973 Pontiac Grand Safari Wagon / Grand Safari first generation,Grand Safari是1971-1978顶级全尺寸wagon；1971长230.2宽79.5，1973宽取79.9，高度按同代wagon包络,可入库,all-07,无可用尺码,两厢车|CAB=通用,,,,,,,,,,,,,,,,2XXL-525,,24.2,超长
Pontiac Bonneville Grand Safari Wagon 1972,Pontiac,Bonneville,Grand Safari,,,Wagon,gen5,1972,两厢车,230.2,79.5,57.8,"1971 Pontiac Grand Safari Wagon, Automobile-Catalog / Pontiac Grand Safari spec reference",长轴距wagon,可入库,all-07,无可用尺码,两厢车|CAB=通用,,,,,,,,,,,,,,,,2XXL-525,,24.2,超长
Pontiac Bonneville Grand Safari Wagon 1973,Pontiac,Bonneville,Grand Safari,,,Wagon,gen5,1973,两厢车,228.8,79.9,57.8,"1973 Pontiac Grand Safari Wagon, Automobile-Catalog / Pontiac Grand Safari spec reference",1973长度变化,可入库,all-07,无可用尺码,两厢车|CAB=通用,,,,,,,,,,,,,,,,2XXL-525,,22.8,超长
Pontiac Bonneville Grand Safari Wagon 1974-1976,Pontiac,Bonneville,Grand Safari,,,Wagon,gen5,1974-1976,两厢车,231.3,79.6,57.5,"1974 Grand Safari / Catalina Safari / 1974-1976 Pontiac Grand Safari Wagon, Automobile-Catalog / 1974 Grand Safari Wagon",长轴距wagon; 最大wagon,可入库,all-07,无可用尺码,两厢车|CAB=通用,,,,,,,,,,,,,,,,2XXL-525,,25.3,超长
Pontiac Bonneville Grand Safari Wagon 1977,Pontiac,Bonneville,Grand Safari,,,Wagon,gen6,1977,两厢车,214.7,75.4,57.3,"1977 Pontiac Grand Safari Wagon 6.6-litre V8, Automobile-Catalog",downsized wagon；1977仍为Grand Safari命名,可入库,all-07,无可用尺码,两厢车|CAB=通用,,,,,,,,,,,,,,,,2XXL-525,,8.7,超长
Pontiac Bonneville Grand Safari Wagon 1978,Pontiac,Bonneville,Grand Safari,,,Wagon,gen6,1978,两厢车,215.1,80,57.3,"1978 Pontiac Grand Safari Wagon 5.7/6.6-litre V8, Automobile-Catalog",1978 Grand Safari口径,可入库,all-07,无可用尺码,两厢车|CAB=通用,,,,,,,,,,,,,,,,2XXL-525,,9.1,超长
Pontiac Bonneville Safari Wagon 1961-1964,Pontiac,Bonneville,Safari,,,Wagon,gen3,1961-1964,两厢车,212.8,78.7,57,1961/1963 Bonneville Safari,旅行版更高,可入库,all-07,无可用尺码,两厢车|CAB=通用,,,,,,,,,,,,,,,,2XXL-525,,6.8,超长
Pontiac Bonneville Safari Wagon 1965-1968,Pontiac,Bonneville,Safari,,,Wagon,gen4,1965-1968,两厢车,217.9,79.6,56,1965 Pontiac Bonneville Safari / full-size wagon fact sheet,wagon较短较高,可入库,all-07,无可用尺码,两厢车|CAB=通用,,,,,,,,,,,,,,,,2XXL-525,,11.9,超长
Pontiac Bonneville Safari Wagon 1969,Pontiac,Bonneville,Safari,,,Wagon,gen4,1969,两厢车,220.5,79.8,56,Pontiac Bonneville Station Wagon / Safari reference,1969 wagon加长,可入库,all-07,无可用尺码,两厢车|CAB=通用,,,,,,,,,,,,,,,,2XXL-525,,14.5,超长
Pontiac Bonneville Safari Wagon 1970,Pontiac,Bonneville,Safari,,,Wagon,gen4,1970,两厢车,220.9,79.8,56.1,1970 Pontiac Safari / Executive Safari wagon reference,1970 wagon加长,可入库,all-07,无可用尺码,两厢车|CAB=通用,,,,,,,,,,,,,,,,2XXL-525,,14.9,超长
Pontiac Bonneville Safari Wagon 1977-1981,Pontiac,Bonneville,Safari,,,Wagon,gen6,1977-1981,两厢车,216.7,79.9,57.1,"1981 Bonneville Safari / 1980-1981 Pontiac Bonneville Safari Wagon / 1981 Safari Wagon, Automobile-Catalog",downsized wagon,可入库,all-07,无可用尺码,两厢车|CAB=通用,,,,,,,,,,,,,,,,2XXL-525,,10.7,超长
Pontiac Grand Safari 455-4 V8 Wagon 1974-1975,Pontiac,Grand Safari,455-4 V8,,,Wagon,gen1,1974-1975,两厢车,231.3,79.6,57.5,"1974-1975 Pontiac Grand Safari 455-4 V8 Wagon, Automobile-Catalog",全尺寸长轴Grand Safari旅行车；455-4 V8版本；1974-1975年外廓尺寸,,all-07,无可用尺码,两厢车|CAB=通用,,,,,,,,,,,,,,,,2XXL-525,,25.3,超长
Pontiac Grand Safari 455-4 V8 Wagon 1976,Pontiac,Grand Safari,455-4 V8,,,Wagon,gen1,1976,两厢车,231.3,79.4,57.5,"1976 Pontiac Grand Safari 455-4 V8 Wagon, Automobile-Catalog",全尺寸长轴Grand Safari旅行车；455-4 V8版本；1976年外廓尺寸,,all-07,无可用尺码,两厢车|CAB=通用,,,,,,,,,,,,,,,,2XXL-525,,25.3,超长
Pontiac LeMans Hatchback 1968,Pontiac,LeMans,,,,Hatchback,gen3,1968,两厢车,211,74.8,54.4,"1968 Pontiac Mid-Size Cars Fact Sheet, Over-Drive Magazine",1968 wagon更长更高,可入库,all-07,无可用尺码,两厢车|CAB=通用,,,,,,,,,,,,,,,,2XXL-525,,5,超长
Pontiac LeMans Wagon 1968-1970,Pontiac,LeMans,,,,Wagon,gen3,1968-1970,两厢车,210.6,76.7,54.5,"1970 Pontiac LeMans Station Wagon, Automobile-Catalog / 1970 Pontiac Mid-Size Cars Fact Sheet / 1970 LeMans Wagon",1970 wagon最长最高; 含wagon最大,可入库,all-07,无可用尺码,两厢车|CAB=通用,,,,,,,,,,,,,,,,2XXL-525,,4.6,超长
Pontiac LeMans Hatchback 1969,Pontiac,LeMans,,,,Hatchback,gen3,1969,两厢车,211,76.3,54.3,"1969 Pontiac Mid-Size Cars Fact Sheet, Over-Drive Magazine",1969 wagon更长,可入库,all-07,无可用尺码,两厢车|CAB=通用,,,,,,,,,,,,,,,,2XXL-525,,5,超长
Pontiac LeMans Wagon 1973,Pontiac,LeMans,,,,Wagon,gen4,1973,两厢车,213.3,77.7,55,"1973 Pontiac LeMans Safari Wagon, Automobile-Catalog",Colonnade wagon,可入库,all-07,无可用尺码,两厢车|CAB=通用,,,,,,,,,,,,,,,,2XXL-525,,7.3,超长
Pontiac LeMans Wagon 1974,Pontiac,LeMans,,,,Wagon,gen4,1974,两厢车,216,78,55,"1974 Pontiac Luxury Le Mans Safari Wagon, Automobile-Catalog",Colonnade wagon最长,可入库,all-07,无可用尺码,两厢车|CAB=通用,,,,,,,,,,,,,,,,2XXL-525,,10,超长
Pontiac LeMans Wagon 1975-1976,Pontiac,LeMans,,,,Wagon,gen4,1975-1976,两厢车,215.4,77.4,55,"1975-1976 Pontiac Grand LeMans Safari Wagon, Automobile-Catalog",Colonnade wagon,可入库,all-07,无可用尺码,两厢车|CAB=通用,,,,,,,,,,,,,,,,2XXL-525,,9.4,超长
Pontiac LeMans Hatchback 1977,Pontiac,LeMans,,,,Hatchback,gen4,1977,两厢车,208,77.4,52.7,1977 LeMans,末年大中型,可入库,all-07,无可用尺码,两厢车|CAB=通用,,,,,,,,,,,,,,,,2XXL-525,,2,超长
Suzuki Sidekick SUV 1989-1991,Suzuki,Sidekick,,,,SUV,gen1,1989-1991,越野车,142.5,64.2,65.6,"1993 Suzuki Sidekick JX, Edmunds / 1989 AutoDetective/Automobile-Catalog; 1990-1991 Edmunds",2dr短轴,可入库,all-07,无可用尺码,越野车|CAB=通用,,,,,,,,,,,,,,,,YM+,,13.5,超余量
Suzuki Sidekick SUV 1993,Suzuki,Sidekick,,,,SUV,gen1,1993,越野车,142.5,64.2,65.6,"1993 Suzuki Sidekick JX, Edmunds / 1989 AutoDetective/Automobile-Catalog; 1990-1991 Edmunds",2dr短轴,可入库,all-07,无可用尺码,越野车|CAB=通用,,,,,,,,,,,,,,,,YM+,,13.5,超余量
Toyota Land Cruiser 20 Series Pickup Pickup 1955-1959 Regular,Toyota,Land Cruiser,20 Series Pickup,Regular,,Pickup,gen1,1955-1959,皮卡,,,,1955-1959 Toyota Land Cruiser 20 Series Pickup,由错误的 20/40 Series 合并记录拆分；Toyota 官方历史确认 20 Series 于 1955 年推出且包含 Pickup；BED 与具体版本尺寸需另行维护,待补尺寸,all-07,数据不全,,,,,,,,,,,,,,,,,,,,L-IN/W-IN/H-IN 缺失或非正数
Toyota Land Cruiser 20/40 Series Pickup Pickup 1958-1980,Toyota,Land Cruiser,20/40 Series Pickup,,,Pickup,gen1,1958-1980,皮卡,,,,1958-1980 Toyota Land Cruiser 20/40 Series Pickup,自动生成 record_id；结构拆分已批准，CAB/BED 与具体版本尺寸需另行维护,待补尺寸,all-07,数据不全,,,,,,,,,,,,,,,,,,,,L-IN/W-IN/H-IN 缺失或非正数
Toyota Land Cruiser 20/40 Series Van/Hardtop SUV 1958-1980,Toyota,Land Cruiser,20/40 Series Van/Hardtop,,,SUV,gen1,1958-1980,越野车,,,,1958-1980 Toyota Land Cruiser 20/40 Series Van/Hardtop,自动生成 record_id；结构拆分已批准，具体版本尺寸需另行维护,待补尺寸,all-07,数据不全,,,,,,,,,,,,,,,,,,,,L-IN/W-IN/H-IN 缺失或非正数
Toyota Land Cruiser 40 Series Pickup Pickup 1960-1986 Regular,Toyota,Land Cruiser,40 Series Pickup,Regular,,Pickup,gen1,1960-1986,皮卡,,,,1960-1986 Toyota Land Cruiser 40 Series Pickup,由错误的 20/40 Series 合并记录拆分；Toyota 官方历史确认 40 Series 于 1960 年推出且包含 Pickup；不同轴距与具体版本尺寸需另行维护,待补尺寸,all-07,数据不全,,,,,,,,,,,,,,,,,,,,L-IN/W-IN/H-IN 缺失或非正数
Toyota RAV4 SUV 1996-1997,Toyota,RAV4,,,,SUV,gen1,1996-1997,越野车,145.9,66.7,65.2,1996-1997 Toyota RAV4 2dr Edmunds,2门短轴,可入库,all-07,无可用尺码,越野车|CAB=通用,,,,,,,,,,,,,,,,YM+,,10.1,超余量
Toyota RAV4 SUV 1998-2000,Toyota,RAV4,,,,SUV,gen1,1998-2000,越野车,147.6,66.7,65.2,1998-2000 Toyota RAV4 2dr Edmunds,2门短轴,可入库,all-07,无可用尺码,越野车|CAB=通用,,,,,,,,,,,,,,,,YM+,,8.4,超余量
Toyota Tacoma Pickup 1995-2004 Regular 6,Toyota,Tacoma,,Regular,6,Pickup,gen1,1995-2004,皮卡,184.4,70.3,67.7,1995-2004 Tacoma Regular Cab 6 ft,,可入库,all-07,无可用尺码,皮卡|CAB=通用,,,,,,,,,,,,,,,,PK-M,,0.6,超余量
