queue_key,MAKE,MODEL,record_count,year_ranges,example_reference,status,worker,updated_at
112402a703361023ac8e,Cadillac,ATS,3,2013-2015; 2015-2019; 2016-2019,2015-2019 Cadillac ATS Coupe / ATS-V Coupe,in_progress,codex,2026-08-13T05:29:46+00:00
85775c784cb3bcd705e0,Cadillac,Catera,3,1997-1998; 1999; 2000-2001,1997-1998 Cadillac Catera,in_progress,codex,2026-08-13T05:29:46+00:00
16f64e68c3704ee331ce,Cadillac,CT4,1,2020-2026,2020-2026 Cadillac CT4 / CT4-V / CT4-V Blackwing,in_progress,codex,2026-08-13T05:29:46+00:00
bdd3f048fc59cc2f9e82,Cadillac,CT5,3,2020-2024; 2025-2026,2020-2024 Cadillac CT5 / CT5-V,in_progress,codex,2026-08-13T05:29:46+00:00
1520bfb515dfbe682525,Cadillac,CT6,5,2016; 2017-2018; 2019-2020,2016 Cadillac CT6,in_progress,codex,2026-08-13T05:29:46+00:00
ca394b47f67d4bf91095,Cadillac,CTS,11,2003; 2004-2007; 2008-2009; 2010; 2011; 2011-2013; 2011-2014; 2012-2015; 2014-2019,2011 Cadillac CTS Coupe,in_progress,codex,2026-08-13T05:29:46+00:00
5bb32623404d01e84c05,Cadillac,DeVille,70,1949; 1950; 1951; 1952-1953; 1954; 1955; 1956; 1957; 1958; 1959; 1959-1960; 1960; 1961; 1962; 1963; 1964; 1965; 1966; 1967; 1968-1970; 1971; 1972; 1973; 1974; 1975-1976; 1977; 1978; 1979-1980; 1981; 1982; 1983; 1984; 1985; 1986; 1987-1988; 1989; 1990; 1991; 1992; 1993; 1994-1995; 1996-1997; 1998-1999; 2000-2005,1967 Cadillac De Ville Convertible,in_progress,codex,2026-08-13T05:29:46+00:00
2e0d25f9e84c39c71e00,Cadillac,DTS,1,2006-2011,2006-2011 Cadillac DTS,in_progress,codex,2026-08-13T05:29:46+00:00
a553512c78b0bfac3e26,Cadillac,DTS-L,1,2007-2011,2007-2011 Cadillac DTS-L,in_progress,codex,2026-08-13T05:29:46+00:00
ebe784a2caf6af4e2645,Cadillac,Eldorado,44,1953; 1954; 1955; 1956; 1957; 1958; 1959-1960; 1961; 1962; 1963; 1964; 1965; 1966; 1967-1968; 1969; 1970; 1971; 1972; 1973; 1974-1975; 1976-1978; 1979; 1980; 1981-1982; 1983; 1984-1985; 1986; 1987-1988; 1989; 1990; 1991; 1992; 1995; 1998-2002,1953 Cadillac Eldorado Convertible,in_progress,codex,2026-08-13T05:29:46+00:00
de6497f0625f0e7415cf,Cadillac,ELR,1,2014-2016,2014-2016 Cadillac ELR,pending,,2026-08-13T03:21:41+00:00
53d8674b81fd5907cbf3,Cadillac,Escalade EXT,2,2002-2006; 2007-2013,"2002-2006 Cadillac Escalade EXT Crew Cab, Edmunds",pending,,2026-08-13T03:21:41+00:00
2775bf37c9b25d46dbf3,Cadillac,Lyriq,3,2023-2025; 2026,2023-2025 Cadillac Lyriq,pending,,2026-08-13T03:21:41+00:00
7b3c1851bc7b28670c97,Cadillac,Optiq,1,2025-2026,2025-2026 Cadillac Optiq,pending,,2026-08-13T03:21:41+00:00
84ecccfa2c4dcf22a9b8,Cadillac,Seville,15,1976-1979; 1980; 1981; 1982; 1983-1984; 1985; 1986; 1987; 1988-1989; 1990; 1991; 1992; 1993; 1994-1997; 1998-2004,1976-1979 Cadillac Seville Sedan,pending,,2026-08-13T03:21:41+00:00
efab0e9dd7959eb2a2f7,Cadillac,SRX,2,2004-2009; 2010-2016,2010-2011/2014-2016 Cadillac SRX,pending,,2026-08-13T03:21:41+00:00
f482fb349ecde0d0fa26,Cadillac,STS,3,2005-2007; 2006-2009; 2008-2011,2005-2007 Cadillac STS,pending,,2026-08-13T03:21:41+00:00
801067a59c666118c02e,Cadillac,Vistiq,1,2026,2026 Cadillac Vistiq,pending,,2026-08-13T03:21:41+00:00
85c0388a48280193a3e8,Cadillac,XLR,2,2004-2009; 2006-2009,2004-2009 Cadillac XLR,pending,,2026-08-13T03:13:36+00:00
8fd012071205bb6c0b4a,Cadillac,XT4,2,2019-2023; 2024-2025,2019-2023 Cadillac XT4 Sport/Premium Luxury,pending,,2026-08-13T03:21:41+00:00
5c3e2f2c25c579fca359,Cadillac,XT5,2,2017-2019; 2020-2026,2017-2019 Cadillac XT5,pending,,2026-08-13T03:21:41+00:00
49bf143e6d11e64db4a6,Cadillac,XT6,1,2020-2025,2020/2025 Cadillac XT6,pending,,2026-08-13T03:21:41+00:00
259230699d7851af0096,Cadillac,XTS,2,2015-2017; 2018-2019,2015-2017 Cadillac XTS,pending,,2026-08-13T03:21:41+00:00
7cfd3756a048f153b105,Chevrolet,Astro,5,1985-1988; 1989; 1990-1994; 1995-2005,1985 Chevrolet Astro Van; 1986 Chevrolet Astro Van; 1987 Chevrolet Astro Van; 1988 Chevrolet Astro Van,pending,,2026-08-13T03:21:41+00:00
d4c49e49d67350a3426d,Chevrolet,Avalanche,5,2002; 2003-2006; 2007-2013,2002 Chevrolet Avalanche 1500 Crew Cab,pending,,2026-08-13T03:21:41+00:00
7ab6e668ffdac900c33a,Chevrolet,Aveo,6,2004-2005; 2004-2006; 2006; 2007-2008; 2007-2011; 2009-2011,2004-2005 Chevrolet Aveo Hatchback / 2007-2008 Chevrolet Aveo Hatchback,pending,,2026-08-13T03:21:41+00:00
4240e2fa1bbd7ebcbf4f,Chevrolet,Bel Air,55,1953; 1954; 1955; 1956; 1957; 1958; 1959; 1960; 1961; 1962; 1963; 1963-1964; 1964; 1965; 1966; 1967; 1967-1969; 1968-1969; 1970; 1971; 1972; 1973; 1974; 1975,"1955 Chevrolet Bel Air 2-Door Hardtop, ConceptCarz / 1955 Chevrolet Bel Air Convertible, ConceptCarz",pending,,2026-08-13T03:21:41+00:00
530b657678c77bec0d2f,Chevrolet,Beretta,5,1987; 1988-1990; 1991; 1992-1994; 1995-1996,"1987 Chevrolet Beretta, Carfolio / Drive.place / Auto-data",pending,,2026-08-13T03:21:41+00:00
316b4b94d59ed637b0c6,Chevrolet,Blazer,21,1969-1970; 1971; 1972; 1973-1974; 1975; 1976-1977; 1978-1979; 1980-1991; 1992-1994; 1995; 1996; 1997; 1998; 1998-2000; 2001; 2002; 2003-2004; 2003-2005; 2019-2022; 2023-2026,"1969-1970 Chevrolet K5 Blazer, Automobile-Catalog / CK5 specs",pending,,2026-08-13T03:21:41+00:00
11212febbb528ef86a69,Chevrolet,Blazer EV,2,2024-2026; 2025-2026,2024 Chevrolet Blazer EV; 2025 Chevrolet Blazer EV; 2026 Chevrolet Blazer EV,pending,,2026-08-13T03:13:36+00:00
9483f26c9a85da25c2bc,Chevrolet,Bolt,3,2017-2021; 2022-2023; 2027,2017-2021 Chevrolet Bolt EV,pending,,2026-08-13T03:21:41+00:00
889a7c6d459de389459c,Chevrolet,Bolt EUV,1,2022-2023,2022-2023 Chevrolet Bolt EUV,pending,,2026-08-13T03:21:41+00:00
bade2345aff8a86bd5da,Chevrolet,C/K,35,1960-1966; 1967-1972; 1968-1972; 1973-1986; 1987-1988; 1987-1991; 1988-1998; 1989-1998; 1992-1998; 1999; 1999-2000,1973-1986 Chevrolet C/K Crew Cab 8ft,pending,,2026-08-13T03:21:41+00:00
37a6543a17500f9d4beb,Chevrolet,Camaro,39,1967-1969; 1970-1973; 1974; 1975-1976; 1977; 1978-1981; 1982; 1983-1984; 1985-1988; 1987; 1988-1990; 1989-1990; 1991; 1991-1992; 1992; 1993; 1994-1997; 1995; 1996-1997; 1998; 1999; 2000-2002; 2010-2013; 2011-2013; 2014-2015; 2016-2024; 2017-2018; 2017-2019; 2019; 2020-2024,1967-1969 Chevrolet Camaro Convertible proxy,pending,,2026-08-13T03:21:41+00:00
bf265d13d04c6c2ea88a,Chevrolet,Caprice,16,1966-1967; 1968; 1968-1970; 1969-1970; 1971; 1972; 1972-1974; 1973; 1974-1975; 1976,1973-1974 Chevrolet Caprice Convertible proxy,pending,,2026-08-13T03:21:41+00:00
37ff53c931561da79183,Chevrolet,Captiva,1,2012-2015,2014 Chevrolet Captiva Sport,pending,,2026-08-13T03:21:41+00:00
9d34e0aa7d4d297804e8,Chevrolet,Cavalier,35,1982; 1983; 1983-1986; 1984; 1985; 1985-1987; 1986; 1987; 1988; 1989; 1990; 1991-1994; 1992; 1993-1994; 1995; 1996; 1996-1997; 1997; 1998; 1998-1999; 1999; 2000-2002; 2000-2004; 2000-2005,"1995 Chevrolet Cavalier Convertible, AutoDetective/AutoEvolution",pending,,2026-08-13T03:21:41+00:00
858228a1aeabbdfdb18a,Chevrolet,Chevelle,18,1964; 1964-1965; 1966; 1966-1967; 1967; 1968; 1968-1972; 1971; 1973-1977; 1974,1964-1965 Chevrolet Chevelle Convertible,pending,,2026-08-13T03:21:41+00:00
f431a1e0f280bfc0ef15,Chevrolet,Chevy Van,90,1964; 1965; 1966; 1967-1969; 1970; 1971-1972; 1973; 1974; 1975; 1976; 1977; 1978; 1979; 1980; 1981-1982; 1983-1988; 1989; 1990; 1991-1992; 1993-1994; 1995; 1996,1964 Chevrolet G10 Chevy Van 90-in Wheelbase,pending,,2026-08-13T03:21:41+00:00
ab25153409ee19dcc577,Chevrolet,City Express,1,2015-2018,2015/2017-2018 Chevrolet City Express,pending,,2026-08-13T03:13:36+00:00
f37b7c93b103c0825972,Chevrolet,Cobalt,3,2005-2010,"2005-2010 Chevrolet Cobalt Coupe, Edmunds",pending,,2026-08-13T03:21:41+00:00
6aae4664cc058a28639e,Chevrolet,Corsica,1,1987-1996,1996 Chevrolet Corsica,pending,,2026-08-13T03:21:41+00:00
6815f16cb0c84bb9c4ff,Chevrolet,Corvette,26,1953-1955; 1956-1957; 1958-1960; 1961-1962; 1963-1964; 1965-1967; 1968-1975; 1968-1977; 1978-1982; 1984-1996; 1986-1996; 1990-1995; 1997-1999; 1998-1999; 2000-2004; 2005; 2005-2013; 2006-2008; 2009-2010; 2014; 2015-2019; 2020-2026; 2025-2026,1953-1955 Chevrolet Corvette Convertible,pending,,2026-08-13T03:21:41+00:00
21774d93f5e40210f5f1,Chevrolet,Cruze,3,2011-2016; 2017-2019,2019 Chevrolet Cruze Hatchback Premier,pending,,2026-08-13T03:21:41+00:00
720daceb73d105a74b4a,Chevrolet,El Camino,16,1959; 1960; 1964; 1965; 1966; 1967; 1968-1969; 1970; 1971-1972; 1973; 1974-1975; 1976; 1977; 1978; 1979-1986; 1987,1959 Chevrolet El Camino,pending,,2026-08-13T03:21:41+00:00
29a4ee046addda6507d8,Chevrolet,Equinox,4,2005-2009; 2010-2017; 2018-2024; 2025-2026,2005-2009 Chevrolet Equinox,pending,,2026-08-13T03:21:41+00:00
225b9c5740fee03d2d5b,Chevrolet,Equinox EV,2,2024; 2025-2026,2024 Chevrolet Equinox EV,pending,,2026-08-13T03:21:41+00:00
2fd883296129a78bc587,Chevrolet,HHR,4,2006-2011; 2007-2011; 2008-2010; 2009,2006 Chevrolet HHR; 2007 Chevrolet HHR; 2008 Chevrolet HHR; 2009 Chevrolet HHR; 2010 Chevrolet HHR; 2011 Chevrolet HHR,pending,,2026-08-13T03:21:41+00:00
9a2b9e1453ef0c94c3de,Chevrolet,Impala,20,1962-1963; 1965-1968; 1973; 1973-1976; 1974; 1976; 1994; 1994-1996; 2009; 2010-2013; 2014; 2014-2020; 2015-2016; 2017-2020; 2018-2019; 2019-2020,1971-1976 Chevrolet Impala Convertible,pending,,2026-08-13T03:13:36+00:00
90e635588f588dac1782,Chevrolet,K5 Blazer,6,1969-1970; 1971-1972; 1973; 1974; 1975-1991; 1992-1994,1969 brochure / 1970 Automobile-Catalog,pending,,2026-08-13T03:21:41+00:00
8c5f95a63f0e61c751b1,Chevrolet,Lumina,10,1990; 1991; 1992-1993; 1994; 1995-1999; 2000-2001,1990 Chevrolet Lumina Coupe,pending,,2026-08-13T03:21:41+00:00
d6ec72d66cd6688022a1,Chevrolet,Lumina APV,3,1990-1992; 1993; 1994-1996,1990 Chevrolet Lumina APV; 1991 Chevrolet Lumina APV; 1992 Chevrolet Lumina APV,pending,,2026-08-13T03:21:41+00:00
293a6dd137b0da5f7b39,Chevrolet,Metro,2,1998-2000; 1998-2001,1998 Chevrolet Metro Hatchback; 1999 Chevrolet Metro Hatchback; 2000 Chevrolet Metro Hatchback,pending,,2026-08-13T03:21:41+00:00
008592df0d25056db371,Chevrolet,Monte Carlo,9,1970; 1971; 1972; 1973-1977; 1978-1980; 1981-1988; 1983-1988; 1995-1999; 2000-2007,1970 Chevrolet Monte Carlo 350 V8,pending,,2026-08-13T03:21:41+00:00
673840066e6add1740b0,Chevrolet,Nova,31,1962-1963; 1964; 1964-1965; 1965; 1966; 1966-1967; 1967; 1968-1972; 1973; 1974; 1975; 1976-1979; 1985; 1986; 1987-1988,1962 Chevrolet Chevy II Nova,pending,,2026-08-13T03:21:41+00:00
6131ac686037dc196354,Chevrolet,Prizm,1,1998-2002,2001 Chevrolet Prizm / 2000-2002 Chevrolet Prizm Sedan,pending,,2026-08-13T03:21:41+00:00
ef4838964eb16651b3af,Chevrolet,S-10 Blazer,20,1983; 1984; 1985; 1986; 1987; 1988; 1989; 1990; 1991; 1992-1993; 1994; 1995; 1995-2003; 1996; 1997; 1998-2005; 2004,1983 Chevrolet S-10 Blazer 2-Door,pending,,2026-08-13T03:21:41+00:00
4ffbe43bb451945a8b0b,Chevrolet,S10,102,1982; 1983-1988; 1989-1990; 1991; 1992; 1993; 1994; 1995; 1996-1997; 1997; 1998; 1999; 1999-2000; 2000; 2001; 2002; 2002-2003; 2003; 2004,1982 Chevrolet S-10 Regular Cab 6.0-ft Bed,pending,,2026-08-13T03:21:41+00:00
3567c35dedcd009a7549,Chevrolet,Silverado 1500HD,4,2001-2003; 2005; 2006; 2007,2001 Chevrolet Silverado 1500HD Crew Cab 6.6-ft Bed; 2002 Chevrolet Silverado 1500HD Crew Cab 6.6-ft Bed; 2003 Chevrolet Silverado 1500HD Crew Cab 6.6-ft Bed,pending,,2026-08-13T03:21:41+00:00
2a51677cb94429b311e4,Chevrolet,Silverado 2500HD/3500HD,62,2001-2004; 2005; 2005-2006; 2006; 2007; 2008; 2008-2010; 2009; 2010; 2011; 2012; 2013; 2014; 2015; 2015-2019; 2016; 2017; 2018; 2019; 2020; 2020-2022; 2020-2023; 2021; 2022; 2022-2023; 2023; 2024; 2024-2026; 2025; 2026,2008-2010 Chevrolet Silverado 2500HD Crew Cab standard bed; 2008-2010 Chevrolet Silverado 3500HD Crew Cab 8ft/long bed non-matching reference,pending,,2026-08-13T03:21:41+00:00
c6f928c4487ee9522a58,Chevrolet,Silverado EV,1,2024-2026,2024-2026 Silverado EV,pending,,2026-08-13T03:21:41+00:00
8fb7eb995aa23423f6e1,Chevrolet,Sonic,2,2012-2020,2012/2020 Chevrolet Sonic Hatchback,pending,,2026-08-13T03:21:41+00:00
818cb25dfe41f8516441,Chevrolet,Spark,2,2013-2015; 2016-2022,2013/2015 Chevrolet Spark,pending,,2026-08-13T03:21:41+00:00
02afe4cb7efb72a70dc7,Chevrolet,SS,1,2014-2017,2017 Chevrolet SS,pending,,2026-08-13T03:21:41+00:00
796b4e178dc8e91c5eda,Chevrolet,SSR,2,2003-2005; 2006,2003-2005 Chevrolet SSR 2dr Regular Cab Convertible 4.1-ft Bed,pending,,2026-08-13T03:21:41+00:00
d9c671beb2c96ba9de64,Chevrolet,Suburban,37,1935-1940; 1941; 1946; 1947-1954; 1955; 1956-1959; 1960; 1961-1963; 1964-1966; 1967-1968; 1969; 1970-1971; 1972; 1973-1975; 1976-1980; 1981; 1982-1984; 1985-1989; 1990-1991; 1992; 1993-1994; 1995; 1996; 1997; 1998; 1999; 2000; 2001; 2002-2003; 2004-2005; 2006; 2007-2014; 2015; 2016-2020; 2021-2024; 2025; 2026,1947-1954 Chevrolet Suburban,pending,,2026-08-13T03:13:36+00:00
46f58bdb129d541095b5,Chevrolet,Tracker,5,1998-2004; 1999; 2000-2002; 2003; 2004,1998-2004 Chevrolet Tracker 2-Door,pending,,2026-08-13T03:21:41+00:00
ff71747c036c60911951,Chevrolet,Trailblazer,3,2002-2005; 2006-2009; 2021-2026,2005 Chevrolet Trailblazer LT,pending,,2026-08-13T03:21:41+00:00
740bd756f331bdfb3739,Chevrolet,Traverse,5,2009-2012; 2013-2017; 2018-2023; 2024; 2024-2026,2009 Chevrolet Traverse / 2009/2017 Chevrolet Traverse,pending,,2026-08-13T03:21:41+00:00
e9c26b10206ecdc9fdeb,Chevrolet,Trax,2,2015-2022; 2024-2026,2015 Chevrolet Trax LT,pending,,2026-08-13T03:21:41+00:00
7f6c269642055d970975,Chevrolet,Uplander,2,2005-2008; 2006-2008,2005 Chevrolet Uplander LWB; 2006 Chevrolet Uplander LWB; 2007 Chevrolet Uplander LWB; 2008 Chevrolet Uplander LWB,pending,,2026-08-13T03:21:41+00:00
352a15bb9a33ba4bd64a,Chevrolet,Venture,2,1997-2004; 1997-2005,1997 Chevrolet Venture SWB; 1998 Chevrolet Venture SWB; 1999 Chevrolet Venture SWB; 2000 Chevrolet Venture SWB; 2001 Chevrolet Venture SWB; 2002 Chevrolet Venture SWB; 2003 Chevrolet Venture SWB; 2004 Chevrolet Venture SWB,pending,,2026-08-13T03:21:41+00:00
3694f302f66324cec66b,Chevrolet,Volt,2,2011-2015; 2016-2019,2011/2015 Chevrolet Volt,pending,,2026-08-13T03:21:41+00:00
79753dcb78d492570af4,Chrysler,200,3,2011-2014; 2015-2017,"2014 Chrysler 200 Convertible, Edmunds",pending,,2026-08-13T03:21:41+00:00
2fd657df9e29bdaf0655,Chrysler,200 Series,3,2011-2014; 2015-2017,2011-2014 Chrysler 200 convertible,pending,,2026-08-13T03:21:41+00:00
6136f99397fefe49d40d,Chrysler,300,2,2005-2010; 2011-2023,2010 Chrysler 300,pending,,2026-08-13T03:21:41+00:00
3b571ffddb701734153a,Chrysler,300 series,3,1999-2004; 2005-2010; 2011-2023,2005-2010 Chrysler 300,pending,,2026-08-13T03:21:41+00:00
f60f1c028db836edcc70,Chrysler,300M,1,1999-2004,1999-2004 Chrysler 300M Base,pending,,2026-08-13T03:21:41+00:00
5692adcd870ac28d9d9d,Chrysler,Aspen,1,2007-2009,2009 Chrysler Aspen,pending,,2026-08-13T03:21:41+00:00
44d9d929c4ddea93088c,Chrysler,Cirrus,4,1995; 1996-1997; 1998; 1999-2000,"1995 Chrysler Cirrus, Edmunds",pending,,2026-08-13T03:21:41+00:00
f768c8bc4640da623029,Chrysler,Concorde,6,1993; 1994; 1995-1997; 1998; 1999-2001; 2002-2004,1993 Chrysler Concorde,pending,,2026-08-13T03:21:41+00:00
36bd762b4241ef10cc6c,Chrysler,Crossfire,2,2004-2008; 2005-2008,2008 Chrysler Crossfire Coupe / 2008 Chrysler Crossfire Roadster / 2005-2008 Chrysler Crossfire Roadster,pending,,2026-08-13T03:13:36+00:00
c812f8637755cd0d31cf,Chrysler,LHS,2,1994-1997; 1999-2001,1994-1997 Chrysler LHS,pending,,2026-08-13T03:21:41+00:00
a1cf0f178ab09bb1596e,Chrysler,PT Cruiser,1,2001-2010,2010 Chrysler PT Cruiser,pending,,2026-08-13T03:21:41+00:00
f55b3906cee1ec7ddeab,Chrysler,Sebring,16,1995; 1996; 1997; 1998-2000; 2001-2002; 2001-2006; 2003-2005; 2007; 2008-2009; 2010,"1996 Chrysler Sebring Convertible JX/JXi, Edmunds",pending,,2026-08-13T03:21:41+00:00
cc2ceab3e2c35e8d0cfa,Chrysler,Town & Country,5,1990; 1991-1995; 1996-2000; 2001-2007; 2008-2016,"1990 Chrysler Town & Country 3dr Minivan, Edmunds",pending,,2026-08-13T03:13:36+00:00
5dfe7da7b509053298d9,Chrysler,Voyager,4,2000; 2001-2003; 2020-2021; 2022-2026,"2000 Chrysler Voyager, Edmunds",pending,,2026-08-13T03:13:36+00:00
56d931a10f3835e3f601,Dodge,Avenger,2,1995-2000; 2008-2014,1997 Dodge Avenger Coupe,pending,,2026-08-13T03:21:41+00:00
001ccdf494ee7182c6e0,Dodge,Caliber,1,2007-2012,2012 Dodge Caliber,pending,,2026-08-13T03:21:41+00:00
710852d4b741a6d31895,Dodge,Caravan,8,1984-1990; 1987-1989; 1990; 1991-1995; 1996-2000; 2001-2007; 2008-2020,"1987/1988/1989 Dodge Grand Caravan LWB, Edmunds/Automobile-Catalog; 1989 Dodge Caravan brochure overall length",pending,,2026-08-13T03:13:36+00:00
fe8a62cede3cb498b752,Dodge,Challenger,6,1970-1972; 1973-1974; 1978-1983; 2008-2014; 2015-2023,1970 Dodge Challenger Hardtop,pending,,2026-08-13T03:21:41+00:00
ca984c38044917c1b803,Dodge,Charger,11,1966-1967; 1968-1970; 1971-1972; 1973-1974; 1975-1978; 1982-1987; 2006-2010; 2011-2014; 2015-2023; 2024-2026,1966 Dodge Charger,pending,,2026-08-13T03:21:41+00:00
f5dafc77f91c7274e7bc,Dodge,Dakota,11,1987-1989; 1990-1996; 1997-1999; 1997-2004; 2000-2004; 2005-2011,"1995-1996 Dodge Dakota Club Cab, KBB/Edmunds",pending,,2026-08-13T03:21:41+00:00
1e64d1ac9615bff89211,Dodge,Dart,1,2013-2016,2016 Dodge Dart Sedan,pending,,2026-08-13T03:21:41+00:00
180ce47c0a7b73d20b51,Dodge,Daytona,5,1984-1985; 1986; 1987-1990; 1991; 1992-1993,1984-1985 Dodge Daytona Turbo Z,pending,,2026-08-13T03:21:41+00:00
b0b80770dabb2efb9e16,Dodge,Durango,5,1998; 1999-2001; 2002-2003; 2004-2009; 2011-2026,1998 Dodge Durango SUV,pending,,2026-08-13T03:21:41+00:00
ec58b78b87fffc2d5c55,Dodge,Hornet,1,2023-2025,2024 Dodge Hornet GT / R/T PHEV,pending,,2026-08-13T03:13:36+00:00
0d97be1ff7b36df7b59c,Dodge,Intrepid,2,1993-1997; 1998-2004,1997 Dodge Intrepid,pending,,2026-08-13T03:21:41+00:00
7acae30a777333f0cb60,Dodge,Journey,2,2009-2020,2020 Dodge Journey,pending,,2026-08-13T03:13:36+00:00
37f4c94bfbe91b0364ee,Dodge,Magnum,1,2005-2008,2008 Dodge Magnum,pending,,2026-08-13T03:21:41+00:00
0ed1ac7030496eb83055,Dodge,Neon,2,1995-1999; 2000-2005,1999 Dodge Neon,pending,,2026-08-13T03:21:41+00:00
21a6487af56a29c7bb80,Dodge,Nitro,1,2007-2010,"2007-2010 Dodge Nitro, Edmunds",pending,,2026-08-13T03:21:41+00:00
0105af6707d4ec1e3e1a,Dodge,Ramcharger,10,1974; 1975; 1976-1977; 1978-1980; 1981-1982; 1983-1987; 1988-1990; 1991-1993,"1988-1990 Dodge Ramcharger 2WD, AutoDetective / Automobile-Catalog",pending,,2026-08-13T03:21:41+00:00
802ddcde05538dff5e92,Dodge,Stealth,3,1991-1993; 1994; 1995-1996,"1991-1993 Dodge Stealth R/T Turbo, Edmunds",pending,,2026-08-13T03:21:41+00:00
4cc505ca1163027ab7b4,Dodge,Stratus,6,1995; 1996-1997; 1998; 1999; 2000; 2001-2006,"1995 Dodge Stratus, Edmunds",pending,,2026-08-13T03:21:41+00:00
47eea02cbd2db2d32583,Dodge,Viper,15,1992-1993; 1994-1999; 2000; 2001; 2002; 2003-2005; 2003-2006; 2006; 2008-2010; 2010; 2013-2015; 2013-2017,"2001 Dodge Viper RT/10 Convertible, Edmunds",pending,,2026-08-13T03:13:36+00:00
9725697e4b2bf73acae3,Fiat,124 Spider,1,2017-2020,Fiat 124 Spider Abarth,pending,,2026-08-13T03:21:41+00:00
8b9728baa4b8aa26e3c8,Fiat,500,3,2012-2019,"2012-2019 Fiat 500 Convertible / C Abarth, Edmunds",pending,,2026-08-13T03:21:41+00:00
bb4f9bb39ada2b643885,FIAT,500L,5,2014; 2015; 2016; 2017; 2018-2020,"2014 FIAT 500L, Edmunds",pending,,2026-08-13T03:21:41+00:00
1925641baa9947885ccd,Fiat,500X,3,2016-2017; 2018; 2019-2023,"2016-2017 FIAT 500X, Edmunds",pending,,2026-08-13T03:21:41+00:00
0736f74eda6218517cd2,Ford,C-MAX,2,2013-2017; 2013-2018,"2013-2018 Ford C-Max Hybrid, Edmunds",pending,,2026-08-13T03:21:41+00:00
9460c81df68c37925294,Ford,Crown Victoria,10,1983-1987; 1988; 1992; 1993-1994; 1995-1996; 1997-2004; 2005; 2006; 2007; 2008-2011,"1983-1985 Ford LTD Crown Victoria 4-door, Automobile-Catalog",pending,,2026-08-13T03:21:41+00:00
1a5e31c34afc7b9e3384,Ford,EcoSport,1,2018-2022,2018-2021 Ford EcoSport trims，S/SES 高度取 65.1,pending,,2026-08-13T03:21:41+00:00
fceddc3e85bd299e1ba6,Ford,Edge,4,2007-2010; 2011-2014; 2015-2018; 2019-2024,Ford Edge Limited,pending,,2026-08-13T03:21:41+00:00
b9d551582a259eb34db2,Ford,Escape,9,2001-2004; 2005-2007; 2008-2009; 2010; 2011; 2012; 2013-2019; 2020-2022; 2023-2026,"2001-2004 Ford Escape, Edmunds",pending,,2026-08-13T03:21:41+00:00
6764bcf7a1872ce26083,Ford,Escort,11,1981-1990; 1991-1996; 1997-1998; 1997-1999; 1998-2003; 1999; 2000-2002,1981-1990 Ford Escort Hatchback / NA Escort gen1,pending,,2026-08-13T03:21:41+00:00
d590c3e15544cbb58be2,Ford,Excursion,1,2000-2005,"2001-2004 Ford Excursion 4WD, Edmunds",pending,,2026-08-13T03:21:41+00:00
74a9e72f70428ff61fef,Ford,Explorer,18,1991-1994; 1995-1997; 1998; 1999-2000; 2001; 2001-2005; 2002; 2003-2005; 2006; 2007-2010; 2011-2015; 2016-2018; 2020; 2021-2022; 2023; 2024; 2025,Ford Explorer Sport,pending,,2026-08-13T03:21:41+00:00
632c9a84f21f012bfdf5,Ford,F-100,20,1953-1956; 1956; 1957-1960; 1961-1964; 1965-1966; 1967; 1968-1972; 1973; 1974-1979; 1980-1983,1953/1956,pending,,2026-08-13T03:21:41+00:00
8e5add9bec0eaa622b47,Ford,F-250/F-350 Super Duty,27,1999-2000; 1999-2007; 2001-2004; 2005-2007; 2008-2010; 2011-2016; 2017-2022; 2023-2026,1999-2007 Ford F-250/F-350 Super Duty Crew Cab 6.75 ft SRW,pending,,2026-08-13T03:21:41+00:00
e56d4a5eb0c9daec363a,Ford,F-350 Super Duty,48,1999; 1999-2007; 2000; 2001; 2002; 2003; 2004; 2005; 2006; 2007; 2008; 2009; 2010; 2011; 2012; 2013; 2014; 2015; 2016; 2017; 2018; 2019; 2020; 2021; 2022; 2023; 2024; 2025; 2026,1999 F-350 Crew Cab DRW 8 ft,pending,,2026-08-13T03:21:41+00:00
ad00d4f7a9b9a7cb9cc4,Ford,Fiesta,8,2011; 2012-2013; 2014-2017; 2018-2019,2011 Ford Fiesta Hatchback,pending,,2026-08-13T03:21:41+00:00
da8c6671d9c3167815a6,Ford,Five Hundred,1,2005-2007,2007 Ford Five Hundred,pending,,2026-08-13T03:21:41+00:00
a613be1afead6fcbe73f,Ford,Flex,1,2009-2019,Ford Flex,pending,,2026-08-13T03:13:36+00:00
3e305489a5467997c8a8,Ford,Focus,14,2000; 2000-2002; 2000-2004; 2001-2004; 2003-2004; 2005-2007; 2008-2011; 2012-2017; 2012-2018; 2016-2018; 2018,2008-2011 Ford Focus Coupe Edmunds,pending,,2026-08-13T03:21:41+00:00
0127bba0394ecdecba3e,Ford,Freestyle,1,2005-2007,2007 Ford Freestyle,pending,,2026-08-13T03:13:36+00:00
66c61795dc0f7d50d001,Ford,Fusion,3,2006-2009; 2010-2012; 2013-2020,Ford Fusion SEL,pending,,2026-08-13T03:21:41+00:00
57970bd242ad5dc516e5,Ford,GT,2,2005-2006; 2017-2022,Ford GT Base,pending,,2026-08-13T03:21:41+00:00
f422e7fa70fab109551d,Ford,Maverick,5,2022-2024; 2023-2024; 2025-2026,"2022-2024 Ford Maverick SuperCrew 4.5ft, Edmunds",pending,,2026-08-13T03:21:41+00:00
7cafdb01b19d3000b943,Ford,Mustang Mach-E,7,2021-2022; 2023; 2024; 2024-2025; 2025; 2026,2021-2022 Ford Mustang Mach-E trims,pending,,2026-08-13T03:13:36+00:00
4c619356627a9aed1342,Ford,Taurus,13,1986-1991; 1992-1995; 1996; 1996-1999; 1997-1999; 2000-2005; 2000-2007; 2008-2009; 2010-2016; 2017-2018; 2019,"1986-1990 Ford Taurus Sedan, Automobile-Catalog/AutoDetective/Carfolio / Ford Taurus 1st gen sedan",pending,,2026-08-13T03:21:41+00:00
ae828a072094023ed31e,Ford,Thunderbird,22,1955; 1956; 1957; 1958; 1959-1960; 1961-1963; 1964-1966; 1967-1969; 1970-1971; 1972-1976; 1977-1979; 1980-1982; 1983-1986; 1989-1993; 1996-1997; 2002-2005,1955 Ford Thunderbird Convertible,pending,,2026-08-13T03:21:41+00:00
98b7cccb9e33172e9307,GMC,Acadia,5,2007-2016; 2017; 2017-2020; 2021-2023; 2024-2026,"2016 GMC Acadia, Edmunds / 2013-2016 GMC Acadia, Edmunds",pending,,2026-08-13T03:21:41+00:00
07f8fa8d6ab60963631d,GMC,Canyon,14,2004-2005; 2004-2012; 2006-2008; 2008; 2009-2010; 2012; 2015; 2015-2018; 2015-2022; 2018-2020; 2020-2022; 2023-2026,2004-2005 Canyon Crew Cab 5 ft,pending,,2026-08-13T03:21:41+00:00
9369e381061295b28e38,GMC,Envoy,1,2002-2009,2009 GMC Envoy,pending,,2026-08-13T03:21:41+00:00
fa6b93a4b21a7de785c4,GMC,Hummer SUV,1,2024-2026,2024/2026 GMC Hummer EV SUV,pending,,2026-08-13T03:21:41+00:00
b8b6374822222c6a6712,GMC,Jimmy,8,1983-1994; 1991-1994; 1995; 1995-2000; 1996; 1997; 1998-2000; 2001,1983-1994 GMC S-15 Jimmy 2-Door,pending,,2026-08-13T03:21:41+00:00
d90596e60aa2bfb07e0b,GMC,Sierra 2500HD/3500HD,26,2001-2007; 2008-2014; 2015-2019; 2020-2023; 2024-2026,Sierra HD Crew Cab standard bed SRW,pending,,2026-08-13T03:21:41+00:00
8e06abf827b7136855a6,GMC,Sierra EV,1,2024-2026,2024-2026 Sierra EV,pending,,2026-08-13T03:21:41+00:00
9b425f555303f011d0ed,GMC,Yukon XL,4,2000-2006; 2007-2014; 2015-2020; 2021-2026,2000 GMC Yukon XL 1500,pending,,2026-08-13T03:21:41+00:00
0d0cb8c958aedae2666a,Honda,Civic,31,1973-1979; 1980-1983; 1984-1987; 1988-1991; 1992-1995; 1996-2000; 2001-2005; 2006-2011; 2012-2015; 2016-2020; 2016-2021; 2017-2021; 2022-2026,2016-2020 Honda Civic coupe,pending,,2026-08-13T03:21:41+00:00
0ff53ad8b182cba32962,Honda,Clarity,1,2017-2021,2021 Honda Clarity Fuel Cell / Plug-In Hybrid,pending,,2026-08-13T03:21:41+00:00
4da8e990b5e38ff6224e,Honda,Clarity Plug In,1,2018-2021,2021 Honda Clarity Plug-In Hybrid Touring,pending,,2026-08-13T03:21:41+00:00
d8193d50e6d5bab8911f,Honda,CR-Z,2,2011-2015; 2016,2015 Honda CR-Z,pending,,2026-08-13T03:21:41+00:00
b5b2192655bf2e068da6,Honda,Crosstour,2,2010-2012; 2013-2015,"2010 Honda Accord Crosstour, Edmunds",pending,,2026-08-13T03:21:41+00:00
6ad9ce0430e9a1bd6e95,Honda,Element,4,2003; 2004-2005; 2006-2007; 2008-2009,"2003 Honda Element, Edmunds",pending,,2026-08-13T03:13:36+00:00
917e4ab9d731652c605b,Honda,Fit,4,2007-2008; 2009-2014; 2015-2017; 2018-2020,2007-2008 Honda Fit,pending,,2026-08-13T03:21:41+00:00
c6aeb77064efe2be975f,Honda,HR-V,3,2016-2018; 2019-2021; 2023-2026,"2016-2018 Honda HR-V, Edmunds / 2016 Honda HR-V",pending,,2026-08-13T03:21:41+00:00
e53e12cbdb9cd12dea6c,Honda,Insight,3,2000-2006; 2010-2014; 2019-2022,2000-2006 Honda Insight,pending,,2026-08-13T03:21:41+00:00
27cc67fefe06775ca8a8,Honda,Passport,3,1994-2002; 2019-2025; 2026,1994-2002 Honda Passport,pending,,2026-08-13T03:21:41+00:00
73d6b62b2b52ff9476e2,Honda,Pilot,8,2003-2005; 2006-2008; 2009-2015; 2016-2022; 2023-2025; 2026,"2005 Honda Pilot, Edmunds / 2005 Honda Pilot, Edmunds / Honda official specs",pending,,2026-08-13T03:21:41+00:00
4cf54d512cd51a1782b4,Honda,Prelude,6,1979-1982; 1983-1987; 1988-1991; 1992-1996; 1997-2001; 2026,1979 Honda Prelude,pending,,2026-08-13T03:21:41+00:00
f6a41035ed7a890f1c7e,Honda,Prologue,1,2024-2026,2024-2025 Honda Prologue,pending,,2026-08-13T03:21:41+00:00
23c16a879de3b0d4e640,Honda,Ridgeline,4,2006-2014; 2017-2020; 2021-2023; 2024-2026,"2017-2020 Honda Ridgeline Crew Cab, Edmunds",pending,,2026-08-13T03:21:41+00:00
7a996440c174ac9baddd,Honda,S2000,1,2000-2009,"2000-2003 Honda S2000, Edmunds / 2003 Honda S2000",pending,,2026-08-13T03:13:36+00:00
b77205b73b30ff7d05ff,Hyundai,Accent,9,1995-1999; 2000-2005; 2006-2011; 2012-2017; 2018-2022,"1995 Hyundai Accent Hatchback, Edmunds / Carspecs",pending,,2026-08-13T03:21:41+00:00
52c6f593d1d60ec6e3be,Hyundai,Azera,4,2006-2010; 2011; 2012-2014; 2015-2017,2006 Hyundai Azera Limited,pending,,2026-08-13T03:21:41+00:00
d999800322f1d87c1a03,Hyundai,Elantra,12,1992-1995; 1996-1999; 1996-2000; 2000; 2001-2006; 2007-2010; 2009-2012; 2011-2016; 2013-2017; 2017-2020; 2018-2020; 2021-2026,2013 Hyundai Elantra GT,pending,,2026-08-13T03:21:41+00:00
ae0a0fb0f4df844f1841,Hyundai,Elantra GT,2,2013-2017; 2018-2020,2017 Hyundai Elantra GT,pending,,2026-08-13T03:21:41+00:00
59f17a979103959e7378,Hyundai,Elantra Tour,1,2009-2012,2012 Hyundai Elantra Touring SE / 2012 Hyundai Elantra Touring,pending,,2026-08-13T03:21:41+00:00
97cadda7e258daa78154,Hyundai,Equus,1,2011-2016,2016 Hyundai Equus Signature / Ultimate,pending,,2026-08-13T03:21:41+00:00
1e37346166365b6797db,Hyundai,Genesis,4,2009-2011; 2012-2014; 2015-2016,"2009-2011 Hyundai Genesis Sedan, Edmunds",pending,,2026-08-13T03:21:41+00:00
da7f0ad6fa54f45b730d,Hyundai,Ioniq,2,2017-2020; 2021-2022,2017 Hyundai Ioniq Hybrid / Electric,pending,,2026-08-13T03:21:41+00:00
4f06ab33274c03a8f384,Hyundai,IONIQ 5,3,2022-2024; 2025; 2025-2026,2022 Hyundai IONIQ 5 SE Standard Range,pending,,2026-08-13T03:21:41+00:00
db4bacb2621b98d0670c,Hyundai,IONIQ 6,2,2023-2026; 2026,2023-2025 Hyundai IONIQ 6 SE / SEL / Limited / 2025 Hyundai IONIQ 6 Limited,pending,,2026-08-13T03:21:41+00:00
017dbfe2ff96319f9ea1,Hyundai,Ioniq 9,1,2026,2026 Hyundai IONIQ 9,pending,,2026-08-13T03:21:41+00:00
092f2e8dbd5d2619afe7,Hyundai,Kona,2,2019-2023; 2024-2026,2019-2023 Hyundai Kona Electric,pending,,2026-08-13T03:13:36+00:00
1ab0c4914ed5f0b944f4,Hyundai,Nexo,2,2019-2022; 2023-2024,2019-2022 Hyundai Nexo Blue,pending,,2026-08-13T03:21:41+00:00
b54718cc4b86e4343785,Hyundai,Palisade,3,2020-2022; 2023-2025; 2026,2020 Hyundai Palisade Limited / SEL,pending,,2026-08-13T03:21:41+00:00
817a2a771246b6596f71,Hyundai,Santa Cruz,4,2022-2024; 2024; 2025-2026,2022-2024,pending,,2026-08-13T03:21:41+00:00
cc9ff7b9f2ef365ad406,Hyundai,Santa Fe,11,2001-2003; 2004-2006; 2007-2012; 2013-2014; 2013-2019; 2015-2016; 2017; 2018; 2019-2020; 2021-2023; 2024-2026,2001-2003 Hyundai Santa Fe GL,pending,,2026-08-13T03:21:41+00:00
88e98ad9b06e919fe1f0,Hyundai,Sonata,10,1989-1993; 1994; 1995-1998; 1999-2002; 2003-2005; 2006-2010; 2011-2014; 2015-2019; 2020-2023; 2024-2026,1989-1993 Hyundai Sonata,pending,,2026-08-13T03:21:41+00:00
38d50053b71fb7704571,Hyundai,Tiburon,2,1997-2001; 2003-2008,2008 Hyundai Tiburon,pending,,2026-08-13T03:21:41+00:00
a09db59d5484159e0e6c,Hyundai,Tucson,5,2005-2009; 2010-2015; 2016-2021; 2022-2024; 2025-2026,2005 Hyundai Tucson LX / 2006 Tucson SUV,pending,,2026-08-13T03:21:41+00:00
24978c551a0115f8f9ae,Hyundai,Veloster,4,2012-2014; 2015-2017; 2019-2020; 2021-2022,Hyundai Veloster Base,pending,,2026-08-13T03:21:41+00:00
8efbb838c888ea9a70d7,Hyundai,Venue,1,2020-2026,2020 / 2025 Hyundai Venue,pending,,2026-08-13T03:21:41+00:00
ab87fcefedf84bf941c4,Hyundai,Veracruz,1,2007-2012,2012 Hyundai Veracruz,pending,,2026-08-13T03:21:41+00:00
bd8c6e353f1f07c5b58e,Hyundai,XG,2,2001-2003; 2004-2005,2001 Hyundai XG300 / 2002-2003 Hyundai XG350,pending,,2026-08-13T03:21:41+00:00
69914cafcc60225272a0,Ineos Automotive,Grenadier,3,2024; 2024-2026; 2025-2026,Grenadier SUV,pending,,2026-08-13T03:21:41+00:00
cfc57eac7d0deddbc4c9,Infiniti,EX,1,2008-2013,"2008-2013 Infiniti EX35/EX37, Edmunds/Cars.com",pending,,2026-08-13T03:21:41+00:00
fe7c3833274e1a1b64d9,Infiniti,FX,2,2003-2008; 2009-2013,2003-2004 Infiniti FX35 / 2004 Infiniti FX35,pending,,2026-08-13T03:13:36+00:00
cd2bb51a69ff89b8bb69,Infiniti,G,9,1991-1996; 1999-2002; 2003-2006; 2003-2007; 2003-2013; 2007-2013; 2008-2013; 2009-2013,2009-2013 Infiniti G37 Convertible / IPL Convertible,pending,,2026-08-13T03:21:41+00:00
98bc5c353d61ec8f5c4f,Infiniti,I,3,1996-1999; 2000-2001; 2002-2004,1996-1999 Infiniti I30,pending,,2026-08-13T03:21:41+00:00
6744a5bd0f5154b513d4,Infiniti,JX,1,2013,2013 Infiniti JX35,pending,,2026-08-13T03:13:36+00:00
650539321eccd03834bc,Infiniti,M,7,1990-1992; 1991-1992; 2003-2004; 2006-2007; 2008-2009; 2010; 2011-2013,1991-1992 Infiniti M30 Convertible,pending,,2026-08-13T03:21:41+00:00
88ee01dced536c51f816,Infiniti,Q40,1,2015,Q40 sedan,pending,,2026-08-13T03:21:41+00:00
22b304f2c0e97d83e55a,Infiniti,Q45,4,1990-1991; 1992-1996; 1997-2001; 2002-2006,1990-1991 Infiniti Q45,pending,,2026-08-13T03:21:41+00:00
391e23abda3550f4522c,Infiniti,Q50,4,2014; 2015; 2016-2020; 2021-2024,2014 Infiniti Q50 Hybrid Sport / Premium,pending,,2026-08-13T03:21:41+00:00
88335ec69bb252794f1c,Infiniti,Q60,5,2014-2015; 2016; 2017-2022,2016 Infiniti Q60 Convertible,pending,,2026-08-13T03:21:41+00:00
da5f1c534f30fe0ad60f,Infiniti,Q70,2,2014; 2015-2019,Q70 short wheelbase,pending,,2026-08-13T03:21:41+00:00
248f0a7c2a0890f66c9e,Infiniti,Q70L,1,2015-2019,2016/2019 Infiniti Q70L,pending,,2026-08-13T03:21:41+00:00
1186651d50873c23e077,Infiniti,QX30,2,2017-2018; 2019,QX30 AWD/LUXE higher body,pending,,2026-08-13T03:21:41+00:00
32d903419479e4dd0442,Infiniti,QX4,1,1997-2003,1997 Infiniti QX4 / 1999.5/2003 Infiniti QX4,pending,,2026-08-13T03:21:41+00:00
72927342241f63286ba7,Infiniti,QX50,3,2014-2015; 2016-2017; 2019-2025,QX50 old short body,pending,,2026-08-13T03:21:41+00:00
cdb15124e3861fe788ca,Infiniti,QX55,1,2022-2025,QX55 AWD,pending,,2026-08-13T03:13:36+00:00
fc2a09128b69d8b4c459,Infiniti,QX56,2,2004-2010; 2011-2013,2007 Infiniti QX56,pending,,2026-08-13T03:21:41+00:00
c629b21e611734b45ea8,Infiniti,QX60,6,2014-2015; 2016; 2017-2019; 2020; 2022-2025; 2026,2014-2015 INFINITI QX60 Hybrid / gas Edmunds,pending,,2026-08-13T03:21:41+00:00
10fb3677791d9b73c27b,Infiniti,QX70,1,2014-2017,QX70,pending,,2026-08-13T03:13:36+00:00
5dac3ec561fd0fc459d6,Infiniti,QX80,5,2014-2017; 2018; 2019-2024; 2025; 2026,"2014/2017 Infiniti QX80, Edmunds/C&D",pending,,2026-08-13T03:21:41+00:00
1678150d509d9cea8e1a,Jaguar,E-Pace,1,2018-2024,2018 Jaguar E-Pace P250 First Edition,pending,,2026-08-13T03:21:41+00:00
6e95a19328726ed2fbd6,Jaguar,F-Pace,1,2017-2023,2017 Jaguar F-Pace First Edition / S,pending,,2026-08-13T03:21:41+00:00
bc98f9c64bdb386320c6,Jaguar,F-Type,13,2014; 2015-2020; 2016-2020; 2017-2020; 2021-2023; 2022-2024; 2024,2014 Jaguar F-Type Convertible,pending,,2026-08-13T03:21:41+00:00
b7a959ecf5aec2b2e272,Jaguar,I-Pace,1,2019-2024,2024 Jaguar I-Pace,pending,,2026-08-13T03:21:41+00:00
b045066bc7f78af52e2b,Jaguar,S-Type,2,2000-2004; 2005-2008,2003-2004 Jaguar S-Type length/height; width corrected by 2008 S-Type / KBB mirror-width check,pending,,2026-08-13T03:21:41+00:00
01d6b0728b641e2743bc,Jaguar,X-Type,2,2002-2008; 2005-2008,"2007 Jaguar X-Type Sedan, Edmunds",pending,,2026-08-13T03:21:41+00:00
af34fbf615b88ea569c5,Jaguar,XE,2,2017-2019; 2020,2017 Jaguar XE,pending,,2026-08-13T03:21:41+00:00
b0608a35401f4b16574d,Jaguar,XF,4,2009-2015; 2016-2020; 2018-2020; 2021-2024,2010 Jaguar XF XFR,pending,,2026-08-13T03:21:41+00:00
1879ff427ef24eb7bffb,Jaguar,XJ,11,1979-1992; 1988-1994; 1995; 1995-1997; 1996-1997; 1998-2003; 2004-2009; 2011-2019,1987/1990 Jaguar XJ6 Series III 美规,pending,,2026-08-13T03:21:41+00:00
95c55ecd576de49e305c,Jaguar,XJS,4,1976-1983; 1984-1991; 1992-1996,"1984/1989-1991 Jaguar XJS Convertible, CarsGuide/Edmunds",pending,,2026-08-13T03:21:41+00:00
0175f30fbf517d1d7dd7,Jaguar,XK,8,1997-2004; 2005-2006; 2007-2015; 2012-2014,"1997/2004 Jaguar XK8 Convertible, Edmunds / Automobile-Catalog",pending,,2026-08-13T03:21:41+00:00
3fe6b55aa882220a5b2a,Jeep,Cherokee,7,1974-1983; 1984-1990; 1991-1993; 1994-1996; 1997-2001; 2014-2023; 2026,Jeep Cherokee Chief / SJ,pending,,2026-08-13T03:21:41+00:00
c7e309c0fcfd1b0b3511,Jeep,Commander,1,2006-2010,"2006/2010 Jeep Commander, Edmunds / C&D",pending,,2026-08-13T03:21:41+00:00
78affc3047f2189419f5,Jeep,Compass,3,2007-2010; 2011-2016; 2017-2026,2007-2010 Jeep Compass,pending,,2026-08-13T03:21:41+00:00
a345975dd6b2aca4ac1a,Jeep,Gladiator,6,2020; 2020-2023; 2021-2023; 2024-2025; 2024-2026; 2026,"2020-2023 Jeep Gladiator Sport/Sport S, Edmunds",pending,,2026-08-13T03:21:41+00:00
084a4f5fde03de09ac9a,Jeep,Grand Cherokee,18,1993; 1994; 1995; 1996; 1997-1998; 1999-2000; 2001-2003; 2004; 2005-2009; 2010; 2011-2013; 2014-2017; 2014-2021; 2018-2019; 2020-2021; 2021-2025; 2022-2026; 2026,"1993 Jeep Grand Cherokee, Edmunds",pending,,2026-08-13T03:21:41+00:00
57fa7a89096a309c5d3f,Jeep,Grand Wagoneer,5,1984-1991; 2022-2026; 2023-2024; 2025; 2026,"1991 Jeep Grand Wagoneer, Edmunds/Automobile-Catalog",pending,,2026-08-13T03:21:41+00:00
20fe8396ae484454a530,Jeep,Liberty,6,2002; 2003-2005; 2006-2007; 2008-2010; 2011; 2012,"2002 Jeep Liberty Limited/Renegade, Edmunds",pending,,2026-08-13T03:21:41+00:00
f4351e91b7aa9c54b1ab,Jeep,Patriot,2,2007-2010; 2011-2017,"2007 Jeep Patriot Limited, Edmunds / 2007 Jeep Patriot Limited",pending,,2026-08-13T03:21:41+00:00
3ba566b5437b69d2845d,Jeep,Renegade,2,2015-2018; 2019-2023,2015-2018 Jeep Renegade,pending,,2026-08-13T03:21:41+00:00
b5212a9450dd71637d68,Jeep,Wagoneer,5,1963-1991; 2023; 2023-2025; 2024; 2025,"1991 Jeep Grand Wagoneer, Edmunds / Automobile-Catalog",pending,,2026-08-13T03:21:41+00:00
4e2b129eec71e13d56b7,Jeep,Wagoneer S,1,2025-2026,2025 Jeep Wagoneer S,pending,,2026-08-13T03:21:41+00:00
8469eaeaa5546a98d2e6,Karma Automotive,GS-6,1,2021-2022,2021-2022 Karma GS-6 Luxury/Sport,pending,,2026-08-13T03:21:41+00:00
fe28fd67a05dde396a7b,Karma Automotive,Revero,3,2017-2020; 2021; 2025,2025 Karma Revero,pending,,2026-08-13T03:21:41+00:00
402af4b37e7c1c5bd692,Kia,Amanti,1,2004-2009,"2009 Kia Amanti, Edmunds / KBB / 2007-2009 Kia Amanti, Edmunds / C&D",pending,,2026-08-13T03:21:41+00:00
7ef30971ec883653026a,Kia,Borrego,1,2009,"2009 Kia Borrego, Edmunds",pending,,2026-08-13T03:21:41+00:00
0709a47104696c05de24,Kia,Cadenza,3,2014; 2015-2016; 2017-2020,"2014 Kia Cadenza Sedan, Edmunds",pending,,2026-08-13T03:21:41+00:00
d0e9d6665d333331802c,Kia,EV6,1,2022-2026,"2025 Kia EV6 GT / 2023-2025 Kia EV6 GT/GT-Line, Edmunds",pending,,2026-08-13T03:13:36+00:00
5188c8824c8d6eb9dd3c,Kia,EV9,1,2024-2026,"2026 Kia EV9 GT-Line / 2025-2026 Kia EV9 GT-Line, Edmunds",pending,,2026-08-13T03:21:41+00:00
55810409a929c609b1e7,Kia,Forte,6,2010-2013; 2014-2016; 2014-2018; 2019-2024,"2010-2013 Kia Forte Koup, Edmunds",pending,,2026-08-13T03:21:41+00:00
0dc6ea567e660934816c,Kia,K5,2,2021-2024; 2025-2026,2021-2024 Kia K5,pending,,2026-08-13T03:21:41+00:00
6d26105c88068cb1429f,Kia,K900,2,2015-2017; 2019-2020,"2015/2017 Kia K900, Edmunds",pending,,2026-08-13T03:21:41+00:00
ae656bdce6082313477f,Kia,NIRO,4,2017-2022; 2019-2022; 2023-2026,"2017-2022 Kia Niro HEV/PHEV, Edmunds",pending,,2026-08-13T03:13:36+00:00
4a518e894e37b0b01c51,Kia,Optima,8,2001-2005; 2006-2010; 2011-2015; 2016; 2016-2020; 2017-2020,2001-2006 Kia Optima Sedan,pending,,2026-08-13T03:21:41+00:00
b61115564b3bea6d69a8,Kia,Rio,8,2001-2005; 2006-2011; 2012-2017; 2018-2023,2001-2005 Kia Rio Sedan,pending,,2026-08-13T03:21:41+00:00
fb8db51b66c6981b7412,Kia,Rondo,2,2007-2008; 2009-2010,"2007-2008 Kia Rondo, Edmunds",pending,,2026-08-13T03:21:41+00:00
e156976eb75bcba2ed07,Kia,SELTOS,2,2021-2023; 2024-2025,"2021-2023 Kia Seltos, Edmunds",pending,,2026-08-13T03:21:41+00:00
12b71fc44841d729d54c,Kia,Sephia,3,1994; 1995-1997; 1998-2001,"1994 Kia Sephia, Edmunds",pending,,2026-08-13T03:21:41+00:00
b850f483b6b70da34ad3,Kia,Sorento,7,2003-2009; 2011-2015; 2016-2018; 2019-2020; 2021-2023; 2024; 2024-2026,"2009 Kia Sorento EX / 2007-2009 Kia Sorento EX, Edmunds",pending,,2026-08-13T03:21:41+00:00
fd9d11812a25a8f73138,Kia,Soul,4,2010-2013; 2014-2019; 2020-2025,"2013 Kia Soul ! / 2012-2013 Kia Soul, Edmunds",pending,,2026-08-13T03:21:41+00:00
579702ece78eedb6accc,Kia,Spectra,7,2000-2001; 2002-2004; 2004; 2005-2006; 2006; 2007-2009,"2002/2004 Kia Spectra hatchback, Edmunds",pending,,2026-08-13T03:21:41+00:00
fde9eca8400b04528ffc,Kia,Sportage,10,1995; 1995-2002; 1996; 1997; 2005-2010; 2011-2016; 2017-2022; 2023-2025; 2023-2026; 2026,"1995 Kia Sportage 4dr SUV, Edmunds",pending,,2026-08-13T03:21:41+00:00
bfca61c218216dde395b,Kia,Stinger,3,2018-2021; 2022-2023,"2018-2021 Kia Stinger GT-Line/Base, Edmunds",pending,,2026-08-13T03:21:41+00:00
435bd30e47453d64d365,Kia,Telluride,2,2020-2023; 2024-2026,"2020-2023 Kia Telluride, Edmunds",pending,,2026-08-13T03:21:41+00:00
2f27600a9d496cc3cc9d,Land Rover,Discovery,10,1994-1998; 1999; 2000-2004; 2010-2016; 2017; 2018-2019; 2020; 2021; 2022; 2023-2024,"1994/1998 Land Rover Discovery, CarsGuide / Automobile-Catalog cross-check",pending,,2026-08-13T03:21:41+00:00
8899bee63ff087a0b38a,Land Rover,Discovery Sport,2,2015-2019; 2020-2026,2015-2019 Land Rover Discovery Sport,pending,,2026-08-13T03:21:41+00:00
0741cbe848c4bdb4a323,Land Rover,Evoque,2,2012-2018; 2020-2026,"2012/2016 Range Rover Evoque, Edmunds",pending,,2026-08-13T03:21:41+00:00
752d19105b3ddcf004cb,Land Rover,Freelander,3,2002-2003; 2004; 2005,"2002-2003 Land Rover Freelander SE3, Edmunds",pending,,2026-08-13T03:21:41+00:00
5edd7200b5583dedb9cb,Land Rover,LR2,1,2008-2015,"2012 Land Rover LR2, Edmunds / KBB width cross-check / 2008-2010 Land Rover LR2, Edmunds / 2015 Land Rover LR2, Edmunds / KBB / 2014-2015 Land Rover LR2, Edmunds length-height / C&D width cross-check",pending,,2026-08-13T03:21:41+00:00
e235e071499951fb41df,Land Rover,LR3,1,2005-2009,"2009 Land Rover LR3, Edmunds / C&D / 2007-2009 Land Rover LR3, Edmunds / C&D",pending,,2026-08-13T03:21:41+00:00
71924023c4f663665ef0,Land Rover,LR4,4,2010; 2011-2012; 2013; 2014-2016,2010 Land Rover LR4,pending,,2026-08-13T03:21:41+00:00
e660aa106feddff591c0,Land Rover,Range Rover,12,1987-1992; 1993-1995; 1995-2002; 2003-2005; 2006-2012; 2013-2021; 2014-2017; 2018; 2019; 2020-2021; 2022-2026,1987-1992 Range Rover Classic SWB,pending,,2026-08-13T03:21:41+00:00
480767418e72ccb2137b,Land Rover,Range Rover Evoque,3,2012-2016; 2017-2019; 2020-2026,2017-2019 Land Rover Range Rover Evoque 5D / Convertible checked,pending,,2026-08-13T03:21:41+00:00
a52d513eb3337d8138a7,Lexus,CT,2,2011-2013; 2014-2017,2011 Lexus CT 200h Base,pending,,2026-08-13T03:21:41+00:00
ca9e50b0b87e83e9d9ae,Lexus,ES,8,1991; 1992-1996; 1997-2001; 2002-2006; 2007-2012; 2013-2018; 2019-2025; 2026,1991 Lexus ES 250 Sedan,pending,,2026-08-13T03:21:41+00:00
4faca637199e5c879092,Lexus,GS,6,1993-1996; 1997; 1998; 2000-2005; 2006-2011; 2013-2020,"1995 Lexus GS 300 Base / 1993-1995 Lexus GS 300 Base, Edmunds",pending,,2026-08-13T03:21:41+00:00
b76965affce5793bb67d,Lexus,GX,5,2003-2009; 2010-2013; 2014-2023; 2024-2025; 2026,2007 Lexus GX 470,pending,,2026-08-13T03:21:41+00:00
844004f11d5ccd5cda38,Lexus,HS,1,2010-2012,"2010/2012 Lexus HS 250h, Edmunds",pending,,2026-08-13T03:21:41+00:00
f2f516a31fa0fd7b3f86,Lexus,IS,7,2001-2005; 2006-2009; 2010-2013; 2010-2015; 2014-2020; 2021; 2022-2026,2014 Lexus IS 350 C Convertible,pending,,2026-08-13T03:21:41+00:00
3e03fbe4609c0494bbb5,Lexus,LC,2,2018-2026; 2021-2026,2021 Lexus LC 500 Convertible / Lexus LC brochure,pending,,2026-08-13T03:21:41+00:00
216b8785498604f03b71,Lexus,LFA,1,2012,2012 Lexus LFA Base,pending,,2026-08-13T03:21:41+00:00
e766547c11ee0380d087,Lexus,LS,17,1990; 1991; 1992; 1993-1994; 1995-1996; 1997-2000; 2001; 2002-2004; 2005-2006; 2007-2009; 2010-2012; 2013-2017; 2018-2020; 2021-2026,1990 Lexus LS 400 / 1992 Lexus LS 400,pending,,2026-08-13T03:21:41+00:00
5dec4a09f4650cfb9d15,Lexus,LX,10,1996-1997; 1998; 1999-2007; 2008-2011; 2012; 2013-2015; 2016-2017; 2018-2021; 2022-2024; 2025-2026,1996 Lexus LX 450,pending,,2026-08-13T03:21:41+00:00
cce5baab68448074d14b,Lexus,NX,3,2015-2017; 2018-2021; 2022-2026,2015-2017 Lexus NX 200t / NX 300h,pending,,2026-08-13T03:21:41+00:00
72ae1ffddd35ae5e8f8f,Lexus,RC,5,2015-2018; 2015-2019; 2019-2024; 2020-2025; 2025,2015-2018 Lexus RC 350,pending,,2026-08-13T03:21:41+00:00
d436c3eb963795f8aa46,Lexus,RX,12,1999-2000; 2001-2002; 2003; 2004-2009; 2010; 2011-2012; 2013-2014; 2015; 2016-2022; 2018; 2019-2022; 2023-2026,2003 Lexus RX 300 / 1999-2000 Lexus RX 300 SUV Base,pending,,2026-08-13T03:21:41+00:00
3ff5a43ddb0066d18b6f,Lexus,RZ,2,2023; 2024-2026,2023 Lexus RZ 450e Premium,pending,,2026-08-13T03:21:41+00:00
c907b0eb1d465dc36779,Lexus,SC,2,1992-2000; 2002-2010,"2010 Lexus SC 430, Edmunds / 2006-2010 Lexus SC 430 Convertible",pending,,2026-08-13T03:21:41+00:00
cc604e029a8443521da4,Lexus,TX,1,2024-2026,2024 Lexus TX 500h F SPORT Performance / 2025-2026 Lexus TX 500h F SPORT Performance / TX 550h+,pending,,2026-08-13T03:21:41+00:00
5e36da48f39d0f097c2b,Lexus,UX,2,2019-2024; 2025-2026,2019 Lexus UX 200 / UX 250h,pending,,2026-08-13T03:21:41+00:00
06cf6c6e612e8c120bda,Lincoln,Aviator,6,2003; 2004; 2005; 2020; 2021-2024; 2025-2026,2003 Lincoln Aviator SUV,pending,,2026-08-13T03:21:41+00:00
55556592f86fe25790d2,Lincoln,Continental,39,1940-1942; 1946-1948; 1956-1957; 1958-1960; 1961-1963; 1964-1965; 1966-1967; 1968-1969; 1970-1972; 1973; 1974; 1975; 1976; 1977-1979; 1980; 1982; 1983; 1984; 1985-1987; 1988-1993; 1994; 1995; 1996-1998; 1999-2001; 2002; 2017-2020,1939-1942 Lincoln Continental Convertible,pending,,2026-08-13T03:21:41+00:00
3acf7ba75a19a1065f46,Lincoln,Corsair,2,2020-2021; 2020-2026,2026 Lincoln Corsair / Grand Touring PHEV / 2023-2026 Lincoln Corsair,pending,,2026-08-13T03:21:41+00:00
7a2ebd60ebdf47705f54,Lincoln,LS,4,2000-2001; 2002-2004; 2005; 2006,2000 Lincoln LS V6/V8,pending,,2026-08-13T03:21:41+00:00
766de11634955f17f320,Lincoln,Mark VII,1,1984-1992,1984/1988/1992 Lincoln Mark VII LSC,pending,,2026-08-13T03:21:41+00:00
91393699c84704f8546d,Lincoln,Mark VIII,3,1993; 1994-1997; 1998,1993 Lincoln Mark VIII,pending,,2026-08-13T03:21:41+00:00
a8386b16e1a34a1890bb,Lincoln,MKC,1,2015-2019,2019 Lincoln MKC,pending,,2026-08-13T03:21:41+00:00
6ddc7b7083a03c6f0b01,Lincoln,MKS,2,2009-2012; 2013-2016,2009 Lincoln MKS,pending,,2026-08-13T03:21:41+00:00
b9e2f5dceb5832f891ff,Lincoln,MKT,1,2010-2019,2019 Lincoln MKT,pending,,2026-08-13T03:13:36+00:00
15f60c0f0ad138c4ab9e,Lincoln,MKX,3,2007-2008; 2009-2015; 2016-2018,2007-2008 Lincoln MKX,pending,,2026-08-13T03:13:36+00:00
ba790a56ecd63862d0b9,Lincoln,MKZ,6,2008-2009; 2010-2012; 2013; 2014; 2015-2017; 2018-2020,2008-2009 Lincoln MKZ,pending,,2026-08-13T03:21:41+00:00
3997718308e7feea7e70,Lincoln,Nautilus,2,2019-2023; 2024-2026,2023 Lincoln Nautilus / 2019 Lincoln official tech specs,pending,,2026-08-13T03:21:41+00:00
43fa78f829d74dc9555a,Lincoln,Navigator,14,1998-2000; 2001; 2002; 2003-2006; 2007; 2007-2014; 2008-2010; 2011-2014; 2015-2017; 2018-2024; 2025-2026,"1998 Lincoln Navigator / 2000 Lincoln Navigator, Cars.com / 2000 Lincoln Navigator brochure / 2002 Lincoln Navigator",pending,,2026-08-13T03:21:41+00:00
010123c89c9f90cb7d66,Lincoln,Town Car,13,1981; 1982; 1983-1988; 1989; 1990; 1991; 1992-1997; 1998-2002; 2000-2002; 2003-2004; 2005-2011,"1981 Lincoln Town Car, Automobile-Catalog",pending,,2026-08-13T03:21:41+00:00
b2a09171cbc2c655d37e,Lincoln,Zephyr,1,2006,"2006 Lincoln Zephyr, Edmunds",pending,,2026-08-13T03:21:41+00:00
797e8f1e6db1e2191e41,Lucid Motors,Air,1,2022-2026,2025 Lucid Air Pure / Grand Touring,pending,,2026-08-13T03:21:41+00:00
5268e2111e400d3a5a1b,Lucid Motors,Gravity,1,2025-2026,2026 Lucid Gravity,pending,,2026-08-13T03:21:41+00:00
37d2388e3597c4e3ba6b,Maserati,Ghibli,2,2014-2017; 2018-2024,2014 Maserati Ghibli Sedan / 2015-2016 Maserati Ghibli S Q4 / 2017 Maserati Ghibli Base/S,pending,,2026-08-13T03:21:41+00:00
802c8be1c4375085814d,Maserati,GranTurismo,5,2008-2014; 2015-2016; 2017-2018; 2019; 2024-2026,2019 Maserati GranTurismo / GranTurismo Convertible,pending,,2026-08-13T03:21:41+00:00
17b2ee7b1f98a6168f64,Maserati,Grecale,2,2023-2024; 2025-2026,2023 Maserati Grecale Trofeo / Modena,pending,,2026-08-13T03:21:41+00:00
9d9f464053985177667a,Maserati,Levante,5,2017-2018; 2019-2020; 2021; 2022-2023; 2024,2024 Maserati Levante GT Ultima / 2017 Maserati Levante SUV,pending,,2026-08-13T03:21:41+00:00
dd94863f08ae5ced2766,Maserati,MC20,2,2022-2025; 2023-2025,2022 Maserati MC20 Coupe,pending,,2026-08-13T03:21:41+00:00
61bf3ff872e161618fef,Maserati,Quattroporte,3,2005-2008; 2009-2013; 2014-2024,2005-2008 Maserati Quattroporte Base,pending,,2026-08-13T03:21:41+00:00
7e6b5e3d3aa5397cf2c4,Mazda,2,1,2011-2014,2014 Mazda 2 Sport,pending,,2026-08-13T03:21:41+00:00
fdad0e57f73c31a20769,Mazda,3,9,2004-2006; 2004-2009; 2007-2009; 2010-2013; 2014-2018; 2019-2026,2004-2006 Mazda 3 Hatchback,pending,,2026-08-13T03:21:41+00:00
d909a42f3664d746c75e,Mazda,5,2,2006-2011; 2012-2015,"2006-2009 Mazda 5 / 2015 Mazda 5, Edmunds / C&D",pending,,2026-08-13T03:21:41+00:00
38e8cdb0cf3e86b7ecbf,Mazda,6,5,2003-2008; 2004-2007; 2009-2013; 2014-2017; 2018-2021,"2008 Mazda 6 Hatchback, Edmunds / 2004-2008 Mazda 6 Hatchback, Edmunds",pending,,2026-08-13T03:21:41+00:00
011277696bb12473347a,Mazda,CX-3,2,2016-2019; 2020-2021,2016-2019 Mazda CX-3,pending,,2026-08-13T03:21:41+00:00
b3f6258e4055ebb73617,Mazda,CX-30,5,2020; 2021; 2022-2024; 2025; 2026,2020 Mazda CX-30 / 2020 Mazda CX-30 Select / 2022-2024 Mazda CX-30,pending,,2026-08-13T03:21:41+00:00
fbc99c52e566b22ea154,Mazda,CX-50,3,2023-2024; 2025; 2026,Mazda CX-50,pending,,2026-08-13T03:21:41+00:00
e4755b3b9dc25833f184,Mazda,CX-7,2,2007; 2008-2012,2007 Mazda CX-7,pending,,2026-08-13T03:21:41+00:00
98584453e5dbc4c7198b,Mazda,CX-70,1,2025-2026,2026 Mazda CX-70 PHEV / CX-70,pending,,2026-08-13T03:21:41+00:00
43f0bdeadceb24914203,Mazda,CX-9,6,2007; 2008; 2009-2010; 2011-2012; 2013-2015; 2016-2023,2007 Mazda CX-9 trims max height,pending,,2026-08-13T03:21:41+00:00
c4e444c9196a13545387,Mazda,CX-90,2,2024-2025; 2026,2024-2025 Mazda CX-90 / CX-90 PHEV,pending,,2026-08-13T03:21:41+00:00
6ca15522a66b8753db78,Mazda,Miata,5,1990-1997; 1999-2005; 2006-2015; 2016-2026; 2017-2026,"1990/1995 Mazda MX-5 Miata, Edmunds",pending,,2026-08-13T03:21:41+00:00
58bd9dbea501988628e3,Mazda,Millenia,2,1995-2000; 2001-2002,"1995-2000 Mazda Millenia, Edmunds / Cars.com",pending,,2026-08-13T03:21:41+00:00
24fb921ce14808c0d160,Mazda,MX-30,1,2022-2023,2023 Mazda MX-30 EV,pending,,2026-08-13T03:21:41+00:00
edc09c834257e8529219,Mazda,MX-5,5,1990-1997; 1999-2005; 2006-2015; 2016-2026; 2017-2026,"1997 Mazda MX-5 Miata, Edmunds",pending,,2026-08-13T03:21:41+00:00
c5d601044bf0111a16fc,Mazda,MX-6,2,1990-1992; 1993-1997,"1990 Mazda MX-6, Edmunds",pending,,2026-08-13T03:21:41+00:00
a1abdbaea343c5cd96e1,Mazda,Protege,5,1990-1994; 1995-1998; 1999-2000; 2001-2003; 2002-2003,1990-1994 Mazda Protege Sedan,pending,,2026-08-13T03:21:41+00:00
9c167c5a3b6f3c3cd480,Mazda,RX-7,5,1979-1980; 1981-1982; 1983-1985; 1986-1991; 1993-1995,1986/1988/1991 Mazda RX-7 FC / 1990-1991 Mazda RX-7 Convertible Edmunds,pending,,2026-08-13T03:21:41+00:00
7a66f5e8d293dbffbbd0,Mazda,RX-8,1,2009-2011,"2009-2011 Mazda RX-8, Edmunds / C&D",pending,,2026-08-13T03:21:41+00:00
f61d399f1b0c0ef3315b,Mazda,Speed3,2,2007-2009; 2010-2013,"2009 Mazda Mazdaspeed3, Edmunds",pending,,2026-08-13T03:21:41+00:00
78be9bd8dc91c23c2bc2,Mazda,Tribute,5,2001-2004; 2005-2006; 2008; 2009; 2010-2011,"2001-2004 Mazda Tribute, Edmunds",pending,,2026-08-13T03:21:41+00:00
f1c919e1357f1e0739d1,Mercedes-Benz,190,2,1984-1988; 1989-1993,1984 Mercedes-Benz 190 / W201 early specs / CarsGuide,pending,,2026-08-13T03:21:41+00:00
7d37a2004fe463bf5b13,Mercedes-Benz,A-Class,2,2019-2022; 2020-2021,"2019-2022 Mercedes-Benz A 220 Sedan, Edmunds/MBUSA",pending,,2026-08-13T03:21:41+00:00
35717175cd8b2250c4ef,Mercedes-Benz,B-Class,1,2014-2017,2014-2017 Mercedes-Benz B-Class Electric Drive / B250e,pending,,2026-08-13T03:21:41+00:00
b7b5f9c1fe117815ff8c,Mercedes-Benz,C-Class,27,1994-1996; 1995; 1996-1997; 1997-2000; 1998-2000; 2001-2007; 2002-2004; 2002-2005; 2005-2006; 2008-2011; 2008-2014; 2012-2014; 2012-2015; 2015; 2016; 2016-2018; 2016-2021; 2017-2023; 2019-2021; 2022-2026; 2023; 2024-2026,2012-2015 Mercedes-Benz C-Class Coupe,pending,,2026-08-13T03:21:41+00:00
4bf51ac3607e352f1c0e,Mercedes-Benz,CL-Class,10,1998-1999; 2000-2001; 2002; 2003; 2004-2005; 2006; 2007-2010; 2008-2009; 2011-2014; 2012-2013,"1998-1999 Mercedes-Benz CL500/CL600, Edmunds",pending,,2026-08-13T03:21:41+00:00
a9b7ece39801eace1f7f,Mercedes-Benz,CLA-Class,6,2014-2019; 2020-2025; 2020-2026; 2026; 2027,2014-2019 Mercedes-Benz CLA250 Sedan,pending,,2026-08-13T03:21:41+00:00
a197cffdf7f4b47ae67a,Mercedes-Benz,CLK-Class,7,1998-2003; 1999-2003; 2004-2005; 2006-2008; 2009,"1999 Mercedes-Benz CLK Convertible, Edmunds",pending,,2026-08-13T03:21:41+00:00
06405ed858528fc60f83,Mercedes-Benz,CLS-Class,6,2006-2011; 2012-2018; 2019-2021; 2019-2023,2006-2011 Mercedes-Benz CLS-Class,pending,,2026-08-13T03:21:41+00:00
500652b0e7fe940f2c33,Mercedes-Benz,E-Class,32,1994-1995; 1996-2002; 1998-2003; 1999-2002; 2003-2006; 2003-2009; 2004-2009; 2007-2009; 2010-2016; 2010-2017; 2011-2016; 2011-2017; 2017-2018; 2017-2020; 2017-2023; 2018-2023; 2019; 2020-2022; 2021-2023; 2023; 2024-2026; 2025-2026; 2026,1994-1995 Mercedes-Benz E-Class Sedan,pending,,2026-08-13T03:21:41+00:00
ae0281907e3051cbb6c7,Mercedes-Benz,EQB,2,2022-2023; 2024-2025,2022-2023 Mercedes-Benz EQB,pending,,2026-08-13T03:21:41+00:00
42a680b37390aa2ca15b,Mercedes-Benz,GL-Class,2,2007-2012; 2013-2016,"2007-2012 Mercedes-Benz GL450 / GL550 SUV, Edmunds",pending,,2026-08-13T03:21:41+00:00
ace3509873d44237b30c,Mercedes-Benz,GLA-Class,6,2015-2019; 2015-2020; 2021-2023; 2024-2026,2015-2020 Mercedes-Benz GLA 250 SUV,pending,,2026-08-13T03:21:41+00:00
338c4275f74d6be0c7ad,Mercedes-Benz,GLB-Class,1,2020-2026,"2026 Mercedes-Benz GLB, Edmunds / C&D",pending,,2026-08-13T03:21:41+00:00
cf9ec7d5bfd16fb14b0b,Mercedes-Benz,GLC-Class,5,2016-2019; 2017-2023; 2020-2022; 2023-2026; 2024-2026,"2016-2017 Mercedes-Benz GLC-Class SUV, Edmunds",pending,,2026-08-13T03:13:36+00:00
a0176e184af112620926,Mercedes-Benz,GLE-Class,4,2016-2019; 2020-2026; 2021-2026,AMG GLE 43 Coupe / AMG GLE 63 S Coupe,pending,,2026-08-13T03:21:41+00:00
3697f962326b83fbcb6c,Mercedes-Benz,GLK-Class,1,2011-2015,"2011-2015 Mercedes-Benz GLK 350 / GLK 350 4MATIC, Edmunds",pending,,2026-08-13T03:21:41+00:00
376999ea6e2bd3c1721f,Mercedes-Benz,GLS-Class,2,2017-2019; 2020-2026,GLS 450 SUV / AMG GLS 63 SUV,pending,,2026-08-13T03:21:41+00:00
9e0514c8ca6b496f5db1,Mercedes-Benz,M-Class,8,1998-2001; 2002-2005; 2006-2007; 2008-2009; 2008-2010; 2010-2011; 2011; 2012-2015,"1998 Mercedes-Benz ML320, Edmunds",pending,,2026-08-13T03:21:41+00:00
cac7c6df2009f7ac87a2,Mercedes-Benz,ML-Class,5,1998-2001; 2002-2005; 2006-2010; 2011; 2012-2015,"1998-2001 Mercedes-Benz ML320 / ML430 / ML55 AMG, Edmunds / C&D",pending,,2026-08-13T03:21:41+00:00
37d198296bce23fa8898,Mercedes-Benz,S-Class,38,1994-1995; 1994-1999; 2000-2005; 2001-2006; 2006; 2007-2009; 2007-2013; 2010-2013; 2014; 2015; 2015-2016; 2015-2017; 2016-2020; 2017; 2017-2020; 2018; 2018-2019; 2019; 2019-2020; 2020; 2021-2025; 2021-2026; 2023-2025; 2026,2018 Mercedes-Benz S-Class Cabriolet,pending,,2026-08-13T03:21:41+00:00
981ddcfb40d349405087,Mercedes-Benz,SL-Class,29,1954-1957; 1955-1963; 1957-1963; 1963-1971; 1972; 1972-1989; 1973-1980; 1981-1985; 1986-1989; 1990-1991; 1992-1993; 1993; 1994-1996; 1997-2001; 1997-2002; 2003-2004; 2005-2008; 2005-2012; 2009; 2010; 2011-2012; 2013-2020; 2022-2026; 2026,1954/1955/1956/1957 Mercedes-Benz 300 SL Gullwing Coupe,pending,,2026-08-13T03:13:36+00:00
99e6d5459158a73fb016,Mercedes-Benz,SLC-Class,2,2017-2020,2017-2020 Mercedes-Benz SLC-Class SLC300 Roadster,pending,,2026-08-13T03:13:36+00:00
eee95e483509c0408c04,Mercedes-Benz,SLK-Class,5,1998-2004; 2002-2004; 2005-2011; 2012-2016,1998-2004 Mercedes-Benz SLK-Class Roadster,pending,,2026-08-13T03:13:36+00:00
a924f4e9a7c70c4982f2,Mercury,Cougar,16,1967-1970; 1969-1970; 1971-1973; 1974-1976; 1977; 1977-1979; 1978-1979; 1980-1982; 1983; 1984-1988; 1989-1997; 1999-2002,1969-1970 Mercury Cougar Convertible,pending,,2026-08-13T03:21:41+00:00
eff5724b541e54adff22,Mercury,Grand Marquis,6,1975-1978; 1979-1982; 1983-1991; 1992-1997; 1998-2005; 2006-2011,1975 Mercury Grand Marquis,pending,,2026-08-13T03:21:41+00:00
52517d6b0b923d1dfefd,Mercury,Marauder,1,2003-2004,"2004 Mercury Marauder, Edmunds / KBB",pending,,2026-08-13T03:21:41+00:00
bec3556fe25210de0c02,Mercury,Mariner,2,2005-2007; 2008-2011,"2007 Mercury Mariner, Edmunds",pending,,2026-08-13T03:21:41+00:00
bab855bdc2000696c473,Mercury,Marquis,21,1967-1968; 1969-1970; 1971-1972; 1973; 1974; 1974-1978; 1975-1977; 1975-1978; 1978; 1979; 1979-1982; 1980-1982; 1981; 1982; 1983-1985; 1983-1986; 1986,1967 Mercury Marquis 2-Door Hardtop,pending,,2026-08-13T03:21:41+00:00
a7853b0f6f06cdcb6d42,Mercury,Milan,2,2006-2009; 2010-2011,"2009 Mercury Milan, Edmunds",pending,,2026-08-13T03:21:41+00:00
54a2d8ec375f41f42ca7,Mercury,Monterey,28,1952-1953; 1954; 1955-1956; 1957-1958; 1959-1960; 1961-1964; 1965-1968; 1969-1974; 2004-2005; 2006-2007,1961-1964 Mercury Monterey Convertible / S-55,pending,,2026-08-13T03:13:36+00:00
1f3edb2cb5694df6454c,Mercury,Mountaineer,8,1997; 1998; 1999; 2000-2001; 2002; 2003-2005; 2006-2007; 2008-2010,"1997 Mercury Mountaineer, Edmunds",pending,,2026-08-13T03:21:41+00:00
cf0441b0a7f19aeaeed3,Mercury,Sable,13,1986-1987; 1986-1991; 1988-1989; 1990-1991; 1992-1995; 1996; 1996-1999; 1997-1999; 2000; 2000-2005; 2001-2005; 2008-2009,1986/1989 Mercury Sable Sedan,pending,,2026-08-13T03:21:41+00:00
47063e7dd18c9b929e56,Mercury,Tracer,6,1988-1989; 1990; 1991-1994; 1991-1996; 1997-1999,"1991 Mercury Tracer sedan as early body reference, Edmunds",pending,,2026-08-13T03:21:41+00:00
c67138037b1267603441,MINI,Clubman,4,2008-2010; 2011-2014; 2016-2023; 2024,"2008-2010 MINI Cooper Clubman S / JCW, Edmunds",pending,,2026-08-13T03:21:41+00:00
563f7497c10b53e5bf4d,MINI,Convertible,8,2005-2008; 2009-2010; 2011-2015; 2016-2023; 2024; 2025-2026,2005-2008 MINI Cooper S Convertible,pending,,2026-08-13T03:21:41+00:00
86349e91f84070b32fee,MINI,Cooper,12,2002-2006; 2007; 2008-2010; 2011-2013; 2014; 2015; 2015-2023; 2016-2023; 2024; 2025-2026,2002 MINI Cooper S Hatchback,pending,,2026-08-13T03:21:41+00:00
6f716d5adc49c15b2b70,MINI,Cooper SE,1,2020-2024,"2024 MINI Hardtop 2 Door Cooper SE, Edmunds / 2021-2024 MINI Hardtop 2 Door Cooper SE, Edmunds",pending,,2026-08-13T03:21:41+00:00
cf0b5b0fe11170cca152,MINI,Countryman,5,2011-2015; 2016; 2017-2022; 2023-2024; 2025-2026,2011-2015 MINI Cooper Countryman S ALL4,pending,,2026-08-13T03:21:41+00:00
45707a1bc9a41315fe80,MINI,Coupe,1,2012-2015,2012-2015 MINI Cooper Coupe John Cooper Works,pending,,2026-08-13T03:21:41+00:00
7c2c7762d1bc5c5b8ce5,MINI,Hardtop,14,2002-2006; 2007; 2008; 2009; 2010; 2011; 2012; 2013; 2014-2015; 2015; 2016-2019; 2016-2024; 2020; 2021-2024,2002-2006 MINI Cooper Hardtop 2dr Hatchback,pending,,2026-08-13T03:21:41+00:00
0bf6e3c664ad8abddf8e,MINI,Hatchback,5,2002-2006; 2007-2013; 2014-2024; 2015-2024; 2020-2024,2020-2024 MINI Cooper SE / Mini Electric 2dr Hatchback,pending,,2026-08-13T03:21:41+00:00
2a9d97ed06a27793d3cb,MINI,Paceman,2,2013-2015; 2016,2013-2015 MINI Cooper Paceman,pending,,2026-08-13T03:13:36+00:00
76be67f1fe46b66706b3,MINI,Roadster,2,2012-2014; 2015,2012-2014 MINI Cooper Roadster,pending,,2026-08-13T03:13:36+00:00
a893337b688e29c883da,Mitsubishi,3000GT,7,1991; 1992; 1993-1995; 1995-1996; 1996; 1997; 1998-1999,1996 Mitsubishi 3000GT Spyder VR-4 Edmunds / Spyder SL Automobile-Catalog,pending,,2026-08-13T03:21:41+00:00
5ec7e58e0969012c2b50,Mitsubishi,Diamante,4,1992-1993; 1994-1996; 1997; 1998-2004,"1992-1993 Mitsubishi Diamante ES, Edmunds",pending,,2026-08-13T03:21:41+00:00
94c10ed52f59d2088ca8,Mitsubishi,Eclipse,23,1990-1994; 1995; 1995-1999; 1996; 1997; 1997-1999; 1998; 2000-2002; 2000-2005; 2000-2012; 2001-2005; 2003-2005; 2006-2007; 2006-2012; 2007; 2007-2012; 2008; 2009-2010; 2011-2012,"1996 Mitsubishi Eclipse Spyder GS-T, Edmunds / Automobile-Catalog",pending,,2026-08-13T03:21:41+00:00
a656becc3c275b0ae64b,Mitsubishi,Eclipse Cross,3,2018-2019; 2020; 2022-2026,"2018 Mitsubishi Eclipse Cross SEL/SE AWD, Edmunds",pending,,2026-08-13T03:13:36+00:00
2c4054c1cf7043221301,Mitsubishi,Endeavor,3,2004-2006; 2007-2008; 2009-2011,"2004 Mitsubishi Endeavor XLS, Edmunds",pending,,2026-08-13T03:21:41+00:00
48f29085648f07c85453,Mitsubishi,Galant,9,1989-1993; 1994-1998; 1999-2003; 2004-2005; 2006; 2007; 2008-2009; 2010; 2011-2012,"1990 Mitsubishi Galant, prior batch source",pending,,2026-08-13T03:21:41+00:00
56dd5179f52ae2ffc34c,Mitsubishi,i-MiEV,4,2012; 2014; 2016; 2017,Mitsubishi i-MiEV ES 4dr Hatchback,pending,,2026-08-13T03:21:41+00:00
8521a0670546f5d7e84c,Mitsubishi,Lancer,7,2002-2003; 2004-2007; 2008-2010; 2011; 2011-2015; 2015; 2016-2017,Mitsubishi Lancer ES 4dr Sedan,pending,,2026-08-13T03:13:36+00:00
69709a9e425dbe4b601e,Mitsubishi,Mirage,5,2014; 2014-2015; 2017-2020; 2017-2024; 2021-2024,"2014 Mitsubishi Mirage ES, Edmunds",pending,,2026-08-13T03:21:41+00:00
c215eb42cbc92aae8cb4,Mitsubishi,Montero,10,1983; 1984-1986; 1987-1989; 1989; 1990; 1991; 1992-1997; 1999-2000; 2001-2006,1983 Mitsubishi Montero 2-door,pending,,2026-08-13T03:21:41+00:00
35d3315e981a67feaf95,Mitsubishi,Montero Sport,1,1997-2004,"2004 Mitsubishi Montero Sport LS, Edmunds",pending,,2026-08-13T03:21:41+00:00
61ed3b9015ee2364b569,Mitsubishi,Outlander,11,2003; 2004; 2005; 2006; 2007-2009; 2010-2013; 2014-2015; 2014-2021; 2016-2017; 2022-2024; 2025-2026,2003 Mitsubishi Outlander LS Fwd 4dr SUV,pending,,2026-08-13T03:21:41+00:00
165f22fe6672f31a4f33,Mitsubishi,Outlander Sport,3,2011-2012; 2013-2015; 2016-2025,2011-2012 Mitsubishi Outlander Sport SE 4dr SUV,pending,,2026-08-13T03:21:41+00:00
662849d56a6b09a1e8f0,Nissan,240SX,5,1989-1992; 1989-1993; 1992-1994; 1995-1998,1995-1998 Nissan 240SX Coupe Edmunds / Cars.com,pending,,2026-08-13T03:21:41+00:00
06710aed044f3faec802,Nissan,300ZX,12,1984-1985; 1986-1989; 1990; 1990-1992; 1990-1994; 1991-1992; 1993-1994; 1993-1996; 1995; 1995-1996; 1996,1992/1994 Nissan 300ZX 2+2 / Convertible,pending,,2026-08-13T03:21:41+00:00
dc86ee963e66416b450c,Nissan,350Z,4,2003-2005; 2003-2008; 2004-2005; 2004-2009,"2004-2005 Nissan 350Z Convertible/Roadster, Edmunds",pending,,2026-08-13T03:13:36+00:00
1edde14eb13e740b1d29,Nissan,370Z,4,2009-2014; 2010-2019; 2015-2020,"2013 Nissan 370Z Convertible, Edmunds",pending,,2026-08-13T03:21:41+00:00
4e902e3b1ecf23111d70,Nissan,Ariya,1,2023-2026,"2023-2025 Nissan Ariya, Edmunds / 2025 Nissan Ariya Engage",pending,,2026-08-13T03:21:41+00:00
e622bd9a2fdbbe355f71,Nissan,Armada,6,2004-2007; 2008-2015; 2017-2024; 2025; 2026,"2004-2005 Nissan Armada LE, Edmunds / Carspecs / 2004 Nissan Armada SE Off-Road, Edmunds",pending,,2026-08-13T03:21:41+00:00
7bb354d62bfa122e9fe0,Nissan,Cube,1,2009-2014,2014 Nissan Cube 1.8 SL,pending,,2026-08-13T03:21:41+00:00
11415fbb69f6984492ed,Nissan,Frontier,38,1998; 1999; 2000; 2001; 2002; 2003; 2004; 2005-2007; 2005-2021; 2008-2009; 2010-2013; 2014-2015; 2016; 2017; 2018-2021; 2022; 2022-2026; 2023; 2023-2024; 2024; 2025; 2026,2000 Frontier Crew Cab SE/XE SB,pending,,2026-08-13T03:21:41+00:00
171580b726ad88362b20,Nissan,GT-R,3,2009-2016; 2017-2021; 2023-2024,2009-2016 Nissan GT-R,pending,,2026-08-13T03:21:41+00:00
c3731975081878e51f03,Nissan,Juke,1,2011-2017,2017 Nissan Juke SL,pending,,2026-08-13T03:13:36+00:00
2f614a3610475b6dae40,Nissan,Kicks,2,2018-2024; 2025-2026,2019 Nissan Kicks S / SV / SR,pending,,2026-08-13T03:21:41+00:00
c1dd3156c335243fbed4,Nissan,Leaf,3,2011-2017; 2018-2025; 2026,2026 Nissan Leaf SV+,pending,,2026-08-13T03:13:36+00:00
935ee98eaaad911d779a,Nissan,Maxima,9,1981-1984; 1985-1988; 1989-1994; 1995-1999; 2000-2003; 2004-2008; 2009-2014; 2016-2023,"1981-1984 Datsun Maxima Sedan, Edmunds / Automobile-Catalog",pending,,2026-08-13T03:21:41+00:00
3f0fbc9b10fa96311af1,Nissan,Murano,4,2003-2008; 2009-2014; 2015-2024; 2025-2026,2003 Nissan Murano SE / SL,pending,,2026-08-13T03:21:41+00:00
fbc316f7171a81486778,Nissan,Pathfinder,10,1987; 1988-1995; 1990-1995; 1996-2004; 2005-2011; 2012; 2013-2020; 2022-2023; 2024; 2025-2026,"1987 Nissan Pathfinder 4x4 SE-V6, Automobile-Catalog / CarGurus",pending,,2026-08-13T03:21:41+00:00
68a78431512f2b4d1574,Nissan,Rogue Sport,1,2017-2022,"2022 Nissan Rogue Sport trims, Edmunds",pending,,2026-08-13T03:21:41+00:00
dbf50cff7402e475c97e,Nissan,Sentra,23,1982; 1982-1983; 1982-1990; 1983-1984; 1984; 1984-1986; 1985; 1985-1986; 1986; 1987; 1988-1989; 1990; 1991-1992; 1993-1994; 1995-1999; 2000-2006; 2007-2012; 2013-2019; 2020-2026,"1982 Nissan Sentra Coupe XE / 1983 Nissan Sentra Hatchback Coupe XE, Automobile-Catalog / 1983 Nissan brochure",pending,,2026-08-13T03:21:41+00:00
94c4ffb9b982c4525c60,Nissan,Versa,6,2007-2011; 2007-2012; 2012-2019; 2014-2019; 2020-2025; 2026,2007 Nissan Versa 5-door hatchback,pending,,2026-08-13T03:21:41+00:00
104526d12c089d915141,Nissan,Versa Note,1,2014-2019,"2014/2019 Nissan Versa Note, Edmunds / C&D / JD Power",pending,,2026-08-13T03:21:41+00:00
4d159d7f9bda66efc1f1,Nissan,Xterra,2,2000-2004; 2005-2015,2000 Nissan Xterra SE,pending,,2026-08-13T03:21:41+00:00
22c5343cd1cc9687785f,Nissan,Z,2,2023-2026; 2024-2026,2024-2025 Nissan Z Performance,pending,,2026-08-13T03:21:41+00:00
f917d22833025b7d1c26,Oldsmobile,88,67,1949-1950; 1951-1953; 1954-1956; 1957-1958; 1959-1960; 1961; 1961-1964; 1962; 1963; 1964; 1965; 1965-1970; 1966; 1966-1967; 1967; 1968; 1968-1969; 1969; 1970; 1971; 1972; 1973; 1974; 1975; 1976; 1977-1978; 1977-1979; 1979-1980; 1980; 1981-1985; 1986; 1986-1989; 1987-1988; 1989-1990; 1991; 1992-1995; 1996; 1997-1999,"1949-1950 Oldsmobile 88 Club Coupe / Holiday Coupe, Over-Drive / Automobile-Catalog",pending,,2026-08-13T03:21:41+00:00
472890a9f98342614891,Oldsmobile,Achieva,2,1992-1998,"1997 Oldsmobile Achieva, Edmunds / 1996-1998 Oldsmobile Achieva Coupe/Sedan, Edmunds",pending,,2026-08-13T03:21:41+00:00
5e3d008d8386e6852e19,Oldsmobile,Alero,2,1999-2004,"2004 Oldsmobile Alero Coupe GLS, Edmunds",pending,,2026-08-13T03:21:41+00:00
4d96575e167d21f65335,Oldsmobile,Aurora,2,1995-1999; 2001-2003,"1995-1999 Oldsmobile Aurora, spec cross-check",pending,,2026-08-13T03:21:41+00:00
b73df0a6d61782a27409,Oldsmobile,Bravada,3,1991-1994; 1996-2001; 2002-2004,1991-1994 Oldsmobile Bravada early body spec cross-check,pending,,2026-08-13T03:21:41+00:00
7a769c684ed8b49aa896,Oldsmobile,Custom Cruiser,1,1976,"1976 Oldsmobile Custom Cruiser 455 V8, Automobile-Catalog",pending,,2026-08-13T03:21:41+00:00
d6f2214540db132ae67d,Oldsmobile,Cutlass,54,1961; 1962; 1962-1963; 1964; 1965; 1966; 1966-1967; 1967; 1968; 1968-1972; 1969; 1970; 1971-1972; 1973; 1974; 1975-1976; 1977; 1978; 1979; 1981; 1983; 1983-1988; 1984-1991; 1984-1996; 1989; 1989-1991; 1990; 1991-1995; 1991-1996; 1996; 1997; 1997-1999,1965 Oldsmobile Cutlass Convertible / 1965 Oldsmobile mid-size fact sheet,pending,,2026-08-13T03:21:41+00:00
b6b7883de22b8b016f8a,Oldsmobile,Intrigue,1,1998-2002,"1999 Oldsmobile Intrigue GLS, Edmunds",pending,,2026-08-13T03:21:41+00:00
8dd73df1114266b72d1a,Plymouth,Acclaim,1,1989-1995,"1989 Plymouth Acclaim Sedan, brochure / AutoDetective / Wikipedia / Automobile-Catalog cross-check / 1994 Plymouth Acclaim, Edmunds / Automobile-Catalog height check / 1991-1995 Plymouth Acclaim Sedan, Automobile-Catalog / Edmunds / Wikipedia cross-check",pending,,2026-08-13T03:21:41+00:00
168d0e2eabfa8404b007,Plymouth,Barracuda,9,1964-1966; 1967; 1967-1969; 1968; 1969; 1970-1971; 1972-1973; 1974,1964 Plymouth Barracuda,pending,,2026-08-13T03:21:41+00:00
bc4da948c4e4e280b33b,Plymouth,Breeze,1,1996-2000,"1999 Plymouth Breeze, Edmunds / Cars.com / 1999-2000 Plymouth Breeze Sedan, Edmunds / Cars.com",pending,,2026-08-13T03:21:41+00:00
1921f05314ee58b599fe,Plymouth,Fury,39,1956; 1957-1958; 1959; 1959-1960; 1960; 1961; 1962; 1962-1963; 1962-1964; 1963; 1964; 1965; 1965-1968; 1966; 1966-1968; 1968; 1969-1972; 1973; 1974; 1975-1978,"1961 Plymouth passenger car, 1961 Plymouth fact sheet",pending,,2026-08-13T03:21:41+00:00
dff40ab2e39590493726,Plymouth,Laser,4,1990-1991; 1992; 1993; 1994,"1990 Mitsubishi Eclipse Base, Edmunds / 1991 Plymouth Laser RS, Edmunds",pending,,2026-08-13T03:21:41+00:00
f3e81a944cd0cf906a1f,Plymouth,Neon,5,1995; 1996-1999; 2000-2001,"1995 Plymouth Neon Coupe Sport, Edmunds",pending,,2026-08-13T03:21:41+00:00
5b8c4a19388458d66182,Plymouth,Road Runner,6,1968-1970; 1971; 1972; 1973; 1974; 1975,"1968 Plymouth Road Runner Coupe, Automobile-Catalog",pending,,2026-08-13T03:21:41+00:00
98fd5e6b991681784426,Plymouth,Sundance,1,1992-1994,"1992-1994 Plymouth Sundance Hatchback, Auto-Data / Edmunds cross-check",pending,,2026-08-13T03:21:41+00:00
ed73c2384dd81bf21041,Plymouth,Valiant,17,1960; 1960-1962; 1961; 1962; 1963; 1964-1966; 1967-1972; 1972; 1973-1976,1967-1968 Valiant Coupe,pending,,2026-08-13T03:21:41+00:00
135818d5cb2ea7183550,Polestar,1,1,2020-2021,2020-2021 Polestar 1 Coupe,pending,,2026-08-13T03:21:41+00:00
9b71b163b878f9b40275,Polestar,2,1,2021-2025,2022-2025 Polestar 2 Long Range / Performance,pending,,2026-08-13T03:21:41+00:00
df75c15ed31f6f13fb3f,Polestar,3,1,2025-2026,2025 Polestar 3 Long Range Dual Motor / Performance,pending,,2026-08-13T03:21:41+00:00
db72894f95ef4ad9f997,Polestar,4,1,2026,2026 Polestar 4 Long Range / RAC-EVSpecifications fallback width,pending,,2026-08-13T03:13:36+00:00
37847d99952d27741b8a,Pontiac,Astre,3,1975-1977,"1977 Astre Formula Hatchback / 1975-1977 Pontiac Astre Hatchback / 1977 Formula Hatchback, Automobile-Catalog",pending,,2026-08-13T03:21:41+00:00
24fe49bb028193391197,Pontiac,Aztec,1,2001-2005,"2005 Pontiac Aztek, Edmunds / Cars.com / KBB",pending,,2026-08-13T03:13:36+00:00
7d4721c3aed641d4be95,Pontiac,Bonneville,59,1957; 1958; 1959-1960; 1961; 1961-1964; 1962; 1963; 1964; 1965-1968; 1969; 1969-1970; 1970; 1971; 1971-1973; 1971-1976; 1972; 1973; 1973-1976; 1974-1976; 1977; 1977-1979; 1977-1981; 1978; 1980; 1981; 1982; 1983-1984; 1985-1986; 1987-1991; 1992; 1993-1995; 1996; 1997-1998; 1999; 2000-2005,1957 Bonneville Convertible,pending,,2026-08-13T03:21:41+00:00
184728c0fc7979eae961,Pontiac,Firebird,17,1967; 1968; 1969; 1970-1971; 1972; 1973; 1974-1981; 1982; 1983-1988; 1989-1990; 1991-1992; 1993-1997; 1994-1997; 1998-2002,1969 Pontiac Firebird Convertible,pending,,2026-08-13T03:21:41+00:00
58764c3ad0ccf441a79b,Pontiac,G3,1,2009,"2009 Pontiac G3, Aveo-platform spec cross-check",pending,,2026-08-13T03:21:41+00:00
b04bdb990a0d244edaca,Pontiac,G5,1,2007-2009,"2009 Pontiac G5, Edmunds / C&D",pending,,2026-08-13T03:21:41+00:00
87401a693937ca6d409f,Pontiac,G6,2,2005-2010; 2006-2009,"2009 Pontiac G6 Convertible, Edmunds",pending,,2026-08-13T03:21:41+00:00
6e3e06aef89bba4e144c,Pontiac,G8,1,2008-2009,"2009 Pontiac G8 GT/GXP, Edmunds / C&D",pending,,2026-08-13T03:21:41+00:00
26b16228aa2614b91091,Pontiac,Grand Am,9,1992; 1993-1994; 1993-1995; 1995; 1996-1998; 1999-2005,"1992 Pontiac Grand Am Coupe, Edmunds / Automobile-Catalog",pending,,2026-08-13T03:21:41+00:00
d11ab48ad0d11a499b31,Pontiac,Grand Prix,22,1963; 1964; 1965; 1966; 1967; 1968; 1969-1970; 1971; 1972; 1974; 1975; 1976-1977; 1978-1987; 1988-1991; 1992-1993; 1994-1995; 1996; 1997-2001; 1997-2002; 2002; 2003; 2004-2008,"1963 Pontiac Grand Prix Coupe, Carfolio / Automobile-Catalog",pending,,2026-08-13T03:21:41+00:00
6c9386879d2294315afb,Pontiac,Grand Safari,2,1974-1975; 1976,"1974-1975 Pontiac Grand Safari 455-4 V8 Wagon, Automobile-Catalog",pending,,2026-08-13T03:21:41+00:00
18d75a941e79f1a14c93,Pontiac,GTO,13,1964; 1965; 1965-1967; 1966; 1967; 1968; 1969; 1970; 1971; 1972; 1974; 2004-2006,"1964 Pontiac GTO Convertible, Automobile-Catalog",pending,,2026-08-13T03:21:41+00:00
1205cf63678fcd618d4d,Pontiac,LeMans,66,1961-1962; 1961-1963; 1962; 1963; 1964; 1964-1967; 1965; 1966; 1967; 1968; 1968-1970; 1969; 1970; 1971; 1972; 1973; 1973-1976; 1974; 1974-1976; 1975-1976; 1977; 1978; 1979; 1979-1980; 1980; 1981; 1988-1992; 1988-1993; 1993,1964 LeMans Convertible,pending,,2026-08-13T03:21:41+00:00
f6aef170810d61005587,Pontiac,Solstice,3,2006-2009; 2009,"2009 Pontiac Solstice Coupe / GXP Coupe, Edmunds / C&D",pending,,2026-08-13T03:13:36+00:00
de1ccc0f967dbd83e2b4,Pontiac,Sunfire,15,1995; 1995-1996; 1995-1997; 1995-2000; 1995-2005; 1996; 1997; 1997-1998; 1998; 1998-2000; 1999; 1999-2000; 2000-2005; 2001-2005,"1995-1996 Pontiac Sunfire Convertible, Edmunds / 2001-2005 Pontiac Sunfire Convertible, Edmunds",pending,,2026-08-13T03:21:41+00:00
c7fd44a2e7e20f8f596e,Pontiac,Torrent,1,2006-2009,"2009 Pontiac Torrent, Edmunds / C&D / CarBuzz",pending,,2026-08-13T03:21:41+00:00
a214be32015b3b175ef3,Pontiac,Vibe,2,2003-2008; 2009-2010,"2003 Pontiac Vibe GT/Base, Edmunds",pending,,2026-08-13T03:21:41+00:00
bddb38d74659caf9bbd8,Porsche,911,72,1965-1966; 1967-1973; 1974-1982; 1976-1980; 1983-1989; 1986-1989; 1990-1993; 1990-1994; 1991-1994; 1995; 1996-1998; 1999-2001; 2001-2005; 2002-2004; 2002-2005; 2004; 2004-2005; 2005-2006; 2006; 2007-2008; 2007-2012; 2008-2009; 2009-2011; 2010-2011; 2011; 2012-2013; 2014-2016; 2014-2019; 2016; 2017-2019; 2018; 2018-2019; 2019; 2020; 2021-2024; 2022-2024; 2023-2024; 2025; 2025-2026,2012-2013 Porsche 911 Carrera/Carrera S/Carrera 4/Carrera 4S Cabriolet,pending,,2026-08-13T03:13:36+00:00
404fd52fac5fc7ce7a86,Porsche,912,2,1965-1969; 1976,"1965/1969 Porsche 912 Coupe / 1967-1969 Porsche 912 Targa, Automobile-Catalog / Conceptcarz",pending,,2026-08-13T03:21:41+00:00
48bda5483a0a99ef76b4,Porsche,Boxster,11,1997-2004; 2005-2012; 2013; 2013-2016; 2014; 2015; 2017-2025; 2020; 2021-2023; 2024; 2025,"2016 Porsche Boxster GTS / Boxster, Edmunds / 2016 Porsche Boxster Spyder/GTS",pending,,2026-08-13T03:13:36+00:00
0ffb73661fc5e8920c72,Porsche,Cayenne,7,2003-2006; 2008-2010; 2011-2018; 2019; 2019-2023; 2024-2026; 2025-2026,2023 Porsche Cayenne Coupe S,pending,,2026-08-13T03:21:41+00:00
0a65f6e137789ca6be23,Porsche,Cayman,4,2009-2011; 2012; 2014-2016; 2017-2025,"2009-2011 Porsche Cayman/Cayman S, Edmunds",pending,,2026-08-13T03:21:41+00:00
ccf693e7f5529d35260b,Porsche,Macan,3,2015-2018; 2019-2025; 2026,2017 Porsche Macan GTS / 2016 Macan S,pending,,2026-08-13T03:21:41+00:00
288762cab6f93a9d18b9,Porsche,Panamera,7,2010-2013; 2014-2016; 2017-2023; 2018-2023; 2024-2026,2010-2013 Porsche Panamera Liftback,pending,,2026-08-13T03:13:36+00:00
b72433851f8300b05640,Ram,1500 Classic,1,2019-2023,2019-2023 Ram 1500 Classic Crew Cab 5.6 ft,pending,,2026-08-13T03:21:41+00:00
fdf14e4f1d42eadac91b,Ram,2500/3500,15,1994-2002; 2003-2009; 2006-2009; 2010-2018; 2019-2026,Ram HD Crew Cab 6.4 ft SRW,pending,,2026-08-13T03:21:41+00:00
4f6773c32a5440123892,Rivian,R1S,1,2022-2026,Rivian R1S,pending,,2026-08-13T03:21:41+00:00
c679ec4c48e62c312c7c,Rivian,R1T,3,2022; 2023-2024; 2025-2026,"2025-2026 Rivian R1T Dual / Tri / Quad, Edmunds; Rivian official R1T size",pending,,2026-08-13T03:21:41+00:00
06c9f4dc30ae21648a27,Saab,9-3,3,1999-2011; 2006-2011,"2011 Saab 9-3 Convertible, Edmunds",pending,,2026-08-13T03:21:41+00:00
aac46283a4a31e4d7c01,Saab,9-5,3,1999-2009; 2010-2011,"2008 Saab 9-5 Sedan, C&D",pending,,2026-08-13T03:21:41+00:00
366653c3681373853e43,Saab,900,4,1979-1993; 1986-1993; 1994-1998,"1993-1994 Saab 900 Convertible, Edmunds",pending,,2026-08-13T03:21:41+00:00
dc1e85058254797ef0ee,Saturn,Astra,1,2008-2009,"2008 Saturn Astra, Edmunds / Cars.com height check",pending,,2026-08-13T03:21:41+00:00
3681b4416fa03652924b,Saturn,Aura,1,2007-2009,"2009 Saturn Aura, Edmunds / C&D",pending,,2026-08-13T03:21:41+00:00
0e82affa40a653f2c0d8,Saturn,Ion,2,2003-2007,"2007 Saturn Ion Coupe, Edmunds",pending,,2026-08-13T03:21:41+00:00
1fbffcdaff720eb2a4a2,Saturn,L-Series,2,2000-2004; 2000-2005,"2002 Saturn L-Series Sedan, Edmunds",pending,,2026-08-13T03:21:41+00:00
70d0ba2dea5e26e8dff6,Saturn,Outlook,1,2007-2010,"2009 Saturn Outlook XR, Edmunds / CarSpecs height check",pending,,2026-08-13T03:21:41+00:00
024ab6ab0fdd363345f5,Saturn,S-Series,14,1991-1993; 1993-1995; 1995-1996; 1996; 1997; 1998-1999; 1998-2001; 2000-2002,"1991-1993 Saturn S-Series SC Coupe, Edmunds",pending,,2026-08-13T03:21:41+00:00
3cb6a94d6b8c0bae2333,Saturn,Sky,1,2007-2010,"2009 Saturn Sky Red Line, Edmunds / C&D / JD Power",pending,,2026-08-13T03:13:36+00:00
8ac055753bae73704652,Saturn,Vue,5,2002; 2003; 2004-2006; 2007; 2008-2010,"2002 Saturn VUE Base, Edmunds / 2004-2006 Saturn VUE Base, Edmunds",pending,,2026-08-13T03:21:41+00:00
ad94db295e6bb65f08b9,Scion,FR-S,1,2013-2016,2013 Scion FR-S Base / 2016 Scion FR-S Base,pending,,2026-08-13T03:21:41+00:00
53fd0c4ca9829dfed43b,Scion,iA,1,2016,2016 Scion iA Base,pending,,2026-08-13T03:21:41+00:00
fa0ddffc084c78176fff,Scion,iM,1,2016,2016 Scion iM Base,pending,,2026-08-13T03:21:41+00:00
498a59addb2f7bb4f880,Scion,iQ,1,2012-2015,2012 Scion iQ / 2015 Scion iQ Base,pending,,2026-08-13T03:21:41+00:00
532f467a24a330ebf994,Scion,tC,3,2005-2010; 2011-2013; 2014-2016,2005 Scion tC Base,pending,,2026-08-13T03:21:41+00:00
e5a54293421b4517efd4,Scion,XA,1,2004-2006,"2006 Scion xA, Edmunds / Consumer Reports",pending,,2026-08-13T03:21:41+00:00
7ed71a93acb7c81c2698,Scion,xB,4,2004-2006; 2008-2010; 2011-2014; 2015,2006 Scion xB Base,pending,,2026-08-13T03:21:41+00:00
ba5dbc851337c51e3666,Scion,xD,2,2008-2010; 2011-2014,2009 Scion xD Base / 2010 Scion xD Base,pending,,2026-08-13T03:21:41+00:00
490c86c8b0721f13af18,Subaru,Ascent,1,2019-2026,2019-2021 Subaru Ascent / 2026 Subaru Ascent Touring,pending,,2026-08-13T03:21:41+00:00
287bfcb904929eac7282,Subaru,BRZ,1,2013-2020,2013 Subaru BRZ Premium,pending,,2026-08-13T03:21:41+00:00
8c589b5391fd75dcda42,Subaru,Crosstrek,3,2013-2017; 2018-2023; 2024-2026,2013-2017 Subaru XV Crosstrek,pending,,2026-08-13T03:13:36+00:00
6368ad1824ca18fc9efb,Subaru,Forester,8,1998-2002; 2003-2008; 2009-2013; 2014-2018; 2019-2021; 2022-2024; 2025; 2026,1998 Subaru Forester,pending,,2026-08-13T03:21:41+00:00
15aa5bbc4b0acc61f862,Subaru,Impreza,14,1993-1994; 1993-1996; 1995-2001; 1997-2001; 2002-2007; 2008-2011; 2012-2016; 2017-2023; 2024-2026,1995-2001 Subaru Impreza Coupe,pending,,2026-08-13T03:21:41+00:00
a52c3c58dd61eb4e1167,Subaru,Legacy,14,1990-1991; 1992-1994; 1995-1999; 1997-1999; 2000-2004; 2005-2007; 2005-2008; 2009; 2010-2014; 2015-2019; 2020-2025,"1990-1991 Subaru Legacy Sedan, Edmunds / 1990 Subaru Legacy sedan, Edmunds",pending,,2026-08-13T03:21:41+00:00
19442fd717583de4d426,Subaru,Outback,8,1995-1999; 2000-2004; 2005-2009; 2010-2014; 2015-2019; 2020-2024; 2025; 2026,2010 Subaru Outback 2.5i / 3.6R,pending,,2026-08-13T03:21:41+00:00
285f884f2dfc0dbf846d,Subaru,Outback Sport,8,1995-2001; 2001; 2002-2003; 2004; 2005; 2006; 2007; 2008-2011,1998/2001 Subaru Impreza Outback Sport,pending,,2026-08-13T03:21:41+00:00
effd26174dfd04053b81,Subaru,Solterra,1,2023-2026,2026 Subaru Solterra Limited / Touring XT,pending,,2026-08-13T03:21:41+00:00
82ad08823a0c96598c67,Subaru,Tribeca,1,2006-2014,"2014 Subaru Tribeca, Edmunds / C&D",pending,,2026-08-13T03:21:41+00:00
7fc083c3a49500d7f0c3,Subaru,WRX,8,2002; 2002-2003; 2004-2007; 2008-2014; 2015-2021; 2022-2026,2008-2014 Subaru WRX STI hatchback,pending,,2026-08-13T03:21:41+00:00
55abb5c1075938f82511,Suzuki,Aerio,2,2002-2005; 2002-2007,"2002 Suzuki Aerio Sedan, Edmunds",pending,,2026-08-13T03:21:41+00:00
3f7205ee6bc7802e4a4b,Suzuki,Forenza,2,2004-2008,"2004-2008 Suzuki Forenza Sedan, Edmunds / C&D",pending,,2026-08-13T03:21:41+00:00
de7a3c61634054d39e89,Suzuki,Grand Vitara,10,1999; 2000; 2001; 2002-2003; 2004; 2005; 2006; 2007-2008; 2009; 2011-2013,"1999 Suzuki Grand Vitara, Edmunds",pending,,2026-08-13T03:21:41+00:00
c11ee2f1e5af46b8108b,Suzuki,Sidekick,6,1989-1991; 1992; 1993; 1994; 1995; 1996-1998,"1993 Suzuki Sidekick JX, Edmunds / 1989 AutoDetective/Automobile-Catalog; 1990-1991 Edmunds",pending,,2026-08-13T03:21:41+00:00
603cefa08c6d5a140642,Suzuki,SX4,4,2007-2013; 2008-2013; 2010; 2011,"2007 Suzuki SX4 Hatchback, Edmunds",pending,,2026-08-13T03:13:36+00:00
6dd9bdc0919bf759dc06,Suzuki,XL7,4,2002-2003; 2004-2005; 2006; 2007-2009,"2002-2003 Suzuki XL-7, Edmunds",pending,,2026-08-13T03:21:41+00:00
662d427f8ca030bcc81e,Tesla,Model S,2,2012-2020; 2021-2026,2012-2020 Tesla Model S,pending,,2026-08-13T03:21:41+00:00
9205060922d86542b978,Tesla,Model X,1,2016-2026,2026 Tesla Model X,pending,,2026-08-13T03:21:41+00:00
970c8c834ca5505201bb,Tesla,Model Y L,1,2026,2026 Tesla Model Y L,pending,,2026-08-13T03:21:41+00:00
64f55d8fd53973cfe0d6,Toyota,86,2,2017-2020; 2022-2026,2020 Toyota 86 GT,pending,,2026-08-13T03:21:41+00:00
3c7d53c4ffc3319a481d,Toyota,Avalon,5,1995-1999; 2000-2004; 2005-2012; 2013-2018; 2019-2022,1995-1999 Toyota Avalon XL/XLS,pending,,2026-08-13T03:21:41+00:00
769555382d836d72f810,Toyota,bZ,2,2026,"2026 Toyota bZ, Edmunds",pending,,2026-08-13T03:21:41+00:00
7f6660e95bc072a02e73,Toyota,bZ4X,1,2023-2025,"2025 Toyota bZ4X, Edmunds / TheCarConnection",pending,,2026-08-13T03:21:41+00:00
940247fa7df6a67c4bd9,Toyota,C-HR,2,2018-2019; 2020-2022,2018 Toyota C-HR XLE,pending,,2026-08-13T03:13:36+00:00
1ccad1312a2132cb471a,Toyota,Celica,7,1971-1977; 1978-1981; 1982-1985; 1986-1989; 1990-1993; 1994-1999; 2000-2005,1996 Celica GT Convertible,pending,,2026-08-13T03:21:41+00:00
b1ffafe298f21e796885,Toyota,Corolla,25,1968-1974; 1975-1979; 1980-1983; 1984-1987; 1988-1991; 1988-1992; 1993-1997; 1998-2002; 2003-2008; 2009-2013; 2014-2019; 2019-2024; 2020-2026; 2023-2026; 2025-2026,1968-1974 Toyota Corolla Coupe,pending,,2026-08-13T03:21:41+00:00
875b88b9b1a147fb9fd8,Toyota,Corolla Cross,1,2022-2026,2026 Toyota Corolla Cross / Corolla Cross Hybrid,pending,,2026-08-13T03:21:41+00:00
b2aee23fb0407a55be23,Toyota,Corolla GR,1,2023-2026,"2026 Toyota GR Corolla, Edmunds",pending,,2026-08-13T03:21:41+00:00
db7bb3a9b33d78f97ebf,Toyota,Corolla iM,1,2017-2018,2018 Toyota Corolla iM Base,pending,,2026-08-13T03:21:41+00:00
2644382df8ad8392d91f,Toyota,Crown,1,2023-2026,2026 Toyota Crown XLE / Platinum,pending,,2026-08-13T03:21:41+00:00
41a35d20be8259070df4,Toyota,Crown Signia,1,2025-2026,2026 Toyota Crown Signia Limited,pending,,2026-08-13T03:21:41+00:00
e592589c2d654ae14eec,Toyota,Echo,1,2000-2005,"2005 Toyota Echo, Edmunds / KBB",pending,,2026-08-13T03:21:41+00:00
19fb9601dee6ec10e45c,Toyota,FJ Cruiser,1,2007-2014,2014 Toyota FJ Cruiser,pending,,2026-08-13T03:21:41+00:00
e6cce7d07dba11ba917a,Toyota,Grand Highlander,1,2024-2026,2026 Toyota Grand Highlander Limited,pending,,2026-08-13T03:21:41+00:00
4b5caf64bf5e4b574fd0,Toyota,Land Cruiser,8,1958-1980; 1967-1980; 1981-1990; 1991-1997; 1998-2007; 2008-2021; 2024-2026,2024-2026 Toyota Land Cruiser First Edition / 1958,pending,,2026-08-13T03:13:36+00:00
4ad25dc5483512150cb8,Toyota,Matrix,5,2003-2008; 2009-2010; 2011; 2012; 2013,"2003-2008 Toyota Matrix, Edmunds",pending,,2026-08-13T03:21:41+00:00
3c0de78c27d7bf013fe3,Toyota,MIRAI,2,2016-2020; 2021-2024,2020 Toyota Mirai,pending,,2026-08-13T03:21:41+00:00
eba58ff269b1fca1ec72,Toyota,MR2,3,1985-1989; 1991-1995; 2000-2005,2002/2005 MR2 Spyder,pending,,2026-08-13T03:21:41+00:00
aed6b398fd78a89bbada,Toyota,Prius,6,2001-2003; 2004-2009; 2010-2011; 2012-2015; 2016-2022; 2023-2026,2004-2009 Toyota Prius hatchback,pending,,2026-08-13T03:21:41+00:00
a86771becb59e37276e9,Toyota,Prius C,2,2012-2017; 2018-2019,2012-2017 Toyota Prius C,pending,,2026-08-13T03:21:41+00:00
cfe2e42e4e0f430595b4,Toyota,Prius Plug-in Hybrid,1,2012-2015,2012-2015 Toyota Prius Plug-in Hybrid,pending,,2026-08-13T03:21:41+00:00
be4364ef66fa46c6c0d4,Toyota,Prius Prime,2,2017-2022; 2023-2026,"2017-2022 Prius Prime, Edmunds",pending,,2026-08-13T03:21:41+00:00
69559917acf34df3e05e,Toyota,Prius V,3,2012-2014; 2015-2016; 2017,"2012-2014 Toyota Prius v / 2013 Toyota Prius v, Edmunds / CarBuzz",pending,,2026-08-13T03:21:41+00:00
4761a8797c4c612bd7cf,Toyota,Sequoia,3,2001-2007; 2008-2022; 2023-2026,2004 Toyota Sequoia Limited / SR5,pending,,2026-08-13T03:21:41+00:00
3be21a09e52e4b70b2f2,Toyota,Solara,6,1999-2001; 2000-2001; 2002-2003; 2004-2008,2000 Toyota Camry Solara Convertible / 2000-2001 Toyota Camry Solara Convertible,pending,,2026-08-13T03:21:41+00:00
ff1c7a685b4b0b72b081,Toyota,Supra,10,1979-1981; 1982-1986; 1987-1992; 1993-1994; 1995; 1996; 1997-1998; 2020; 2021-2023; 2024-2026,Toyota Celica Supra Mk1,pending,,2026-08-13T03:21:41+00:00
b6a9f488faad74d0eef5,Toyota,Tercel,12,1980; 1980-1982; 1981; 1982; 1983-1985; 1986-1988; 1989-1990; 1991-1994; 1995-1999,1989-1990 Tercel Coupe,pending,,2026-08-13T03:21:41+00:00
32198dc9392fd76f9242,Toyota,Tundra,19,2000; 2000-2002; 2000-2006; 2003-2006; 2004-2005; 2004-2006; 2007-2012; 2007-2017; 2007-2021; 2008-2010; 2012-2015; 2014-2016; 2017-2020; 2018-2019; 2021; 2022-2026,2000-2006 Tundra Access Cab 6.5 ft,pending,,2026-08-13T03:21:41+00:00
623b2270d584dc7ffa82,Toyota,Venza,2,2009-2015; 2021-2024,2024 Toyota Venza LE/XLE/Limited,pending,,2026-08-13T03:21:41+00:00
1db16226abc3ea4dbe3a,Toyota,Yaris,7,2007; 2007-2011; 2008-2011; 2012-2018; 2017-2018; 2019-2020; 2020,2007-2011 Toyota Yaris hatchback,pending,,2026-08-13T03:21:41+00:00
509e52fb80e450eaffda,Toyota,Yaris iA,1,2017-2018,2018 Toyota Yaris iA Base,pending,,2026-08-13T03:21:41+00:00
a0b92797a5b17d515565,VinFast,VF8,2,2023-2025,"2023-2025 VinFast VF8 Eco, VinFast",pending,,2026-08-13T03:21:41+00:00
b0da6d96f7eca9ac2f58,Volkswagen,Arteon,2,2019-2021; 2022-2024,"2022-2024 Volkswagen Arteon SE R-Line, Edmunds",pending,,2026-08-13T03:21:41+00:00
ddc1c650c43aa4c5fbd3,Volkswagen,Atlas,9,2018-2020; 2020; 2021; 2021-2022; 2022; 2023; 2024-2026,"2020 Volkswagen Atlas Cross Sport, Edmunds / 2022 Volkswagen Atlas Cross Sport, Edmunds / VW official tech specs / 2024 Volkswagen Atlas Cross Sport SE w/Technology Specs & Features",pending,,2026-08-13T03:21:41+00:00
7ff37cc53e56e67e1f9d,Volkswagen,Atlas Cross,4,2021; 2022; 2023; 2024-2026,"2021 VW Atlas Cross Sport, Edmunds",pending,,2026-08-13T03:21:41+00:00
e7bfd9e8979bc75d71fe,Volkswagen,Beetle,7,1998; 1998-2010; 1999-2010; 2012-2019; 2018,"2010 Volkswagen New Beetle Convertible, Edmunds / 2003-2010 Volkswagen New Beetle Convertible, Edmunds",pending,,2026-08-13T03:21:41+00:00
362dc45b9f63bd0defb3,Volkswagen,Dasher,2,1978,"1978 Volkswagen Dasher, Volkswagen of America Limited Champagne Edition II official specifications",pending,,2026-08-13T03:21:41+00:00
c093bf5a227efc0fa28f,Volkswagen,Eos,3,2007-2009; 2010-2011; 2012-2016,"2007 Volkswagen Eos Base/2.0T, Edmunds / 2007 Volkswagen Eos Base Specs & Features",pending,,2026-08-13T03:21:41+00:00
b0b35696830cd3c50be6,Volkswagen,ID.4,3,2021-2022; 2023; 2024-2026,2021-2022 Volkswagen ID.4 Specs & Features,pending,,2026-08-13T03:21:41+00:00
3e32849da16717a35ce3,Volkswagen,Jetta,18,1980-1984; 1985; 1986; 1987; 1988; 1989; 1990-1992; 1993-1999; 2000-2005; 2006-2010; 2009-2014; 2011-2014; 2015-2016; 2017; 2018; 2019-2020; 2021-2022; 2023-2026,1984 Volkswagen Jetta brochure / Volkswagen Newsroom Jetta I profile / 1983 Volkswagen Jetta specs,pending,,2026-08-13T03:21:41+00:00
a5e95350677e25de91de,Volkswagen,Passat,42,1974; 1975; 1976; 1977; 1979; 1980; 1981; 1982; 1983; 1984; 1985; 1986; 1987; 1988; 1990-1992; 1990-1994; 1993-1994; 1995-1997; 1998-2003; 1998-2005; 2004; 2005; 2006-2010; 2007-2010; 2012-2015; 2016-2019; 2020-2022,"1974 Volkswagen Dasher, Car and Driver archive",pending,,2026-08-13T03:21:41+00:00
eb5fc395947430ea31c9,Volkswagen,Passat CC,2,2009-2011; 2012-2017,"2012 Volkswagen CC Specs / Car and Driver reference / 2009-2011 Volkswagen CC, Edmunds",pending,,2026-08-13T03:13:36+00:00
924cfec156d6f0926e94,Volkswagen,Phaeton,1,2004-2006,"2004/2006 VW Phaeton, Edmunds",pending,,2026-08-13T03:21:41+00:00
b38f30c2288490dcce9d,Volkswagen,Rabbit,5,1975-1984; 1980; 1983; 1984; 2006-2009,"1980 Volkswagen Rabbit Convertible, Car and Driver",pending,,2026-08-13T03:21:41+00:00
540300c5d71af6b09ceb,Volkswagen,Taos,5,2022; 2023; 2024; 2025; 2026,"2022 Volkswagen Taos, Edmunds",pending,,2026-08-13T03:21:41+00:00
54cf246b8460fe96abdb,Volkswagen,Tiguan,11,2009; 2010; 2011; 2013; 2014-2015; 2016-2017; 2018-2021; 2022; 2023; 2024; 2025-2026,"2009 Volkswagen Tiguan, Edmunds / 2011 Volkswagen Tiguan S, Edmunds / 2009 Volkswagen Tiguan Specs & Features",pending,,2026-08-13T03:21:41+00:00
a74ddbd187b8da4bafcb,Volkswagen,Touareg,2,2004-2010; 2011-2017,2004 Volkswagen Touareg Specs & Features,pending,,2026-08-13T03:21:41+00:00
a85dba1b8fd118c64569,Volvo,C30,1,2008-2013,"2013 Volvo C30, Edmunds / C&D",pending,,2026-08-13T03:21:41+00:00
490126c5ed60dc89974c,Volvo,C40,2,2022; 2023-2024,"2022 Volvo C40 Recharge, Edmunds",pending,,2026-08-13T03:13:36+00:00
6bdd624b409d208831d2,Volvo,C40 Recharge,2,2022; 2023-2024,2022 Volvo C40 Recharge Ultimate,pending,,2026-08-13T03:13:36+00:00
85a04e242a377cdc0d43,Volvo,C70,6,1998; 1999-2004; 2006; 2007-2010; 2011; 2012-2013,"1998 Volvo C70 Convertible, Edmunds",pending,,2026-08-13T03:21:41+00:00
b80dd0cf144af4216494,Volvo,EC40,1,2025-2026,2025-2026 Volvo EC40,pending,,2026-08-13T03:13:36+00:00
4c1cfed3792926fb84d8,Volvo,EX30,2,2025; 2026,2025 Volvo EX30 Twin Motor Performance,pending,,2026-08-13T03:21:41+00:00
004fe8c3c17afb0270cc,Volvo,EX40,1,2025-2026,2025 Volvo EX40 Twin Motor / Single Motor,pending,,2026-08-13T03:21:41+00:00
6d9ab98529b769696cbf,Volvo,EX90,1,2025-2026,"2025 Volvo EX90, Edmunds / 2025 Volvo EX90 Twin Motor",pending,,2026-08-13T03:21:41+00:00
6b2a083379212c6ab430,Volvo,S40,4,2000; 2001-2003; 2004-2007; 2008-2011,"2000 Volvo S40, Edmunds",pending,,2026-08-13T03:21:41+00:00
03a311307c8a975f5ee9,Volvo,S60,5,2001-2002; 2003-2009; 2011; 2012-2018; 2019-2025,"2001-2002 Volvo S60, Edmunds",pending,,2026-08-13T03:21:41+00:00
b0b390bcc8985a93c13c,Volvo,S70,1,1998-2000,1998-1999 S70;2000 Base,pending,,2026-08-13T03:21:41+00:00
4fb7e936af16f07dab50,Volvo,S80,4,1999-2004; 2005-2006; 2007-2015; 2016,"1999-2004 Volvo S80, Edmunds / Volvo S80 early body",pending,,2026-08-13T03:21:41+00:00
eb88b2e6ae6a821937b5,Volvo,S90,3,1997-1998; 2017; 2021-2025,"1997-1998 Volvo S90 Sedan, Edmunds",pending,,2026-08-13T03:21:41+00:00
06843bba3a4f2cd43490,Volvo,V40,4,2000; 2001; 2002-2003; 2004,"2000 Volvo V40, Edmunds",pending,,2026-08-13T03:21:41+00:00
ed7bc95e672bccd61fc3,Volvo,V50,2,2005-2007; 2008-2009,"2005-2007 Volvo V50, Edmunds",pending,,2026-08-13T03:21:41+00:00
182d332c4b6df33a25c3,Volvo,V60,4,2015-2018; 2019-2024; 2025; 2026,2026 Volvo V60 Cross Country / Volvo V60 / V60 Cross Country current body,pending,,2026-08-13T03:21:41+00:00
f39dccae1fdd6d6e44c1,Volvo,V70,4,1998-2000; 2001-2007; 2008-2010,2001-2002/2007 V70,pending,,2026-08-13T03:21:41+00:00
a0e043cf84ae2c6326ac,Volvo,V90,3,1997-1998; 2017-2022; 2023-2026,"1997-1998 Volvo V90 Wagon, Edmunds",pending,,2026-08-13T03:21:41+00:00
570e3ac5ab29428dc561,Volvo,XC40,2,2019; 2020-2025,"2019 Volvo XC40, Edmunds",pending,,2026-08-13T03:21:41+00:00
eb0853fbe59e3e8e9a5b,Volvo,XC60,3,2010-2017; 2018-2022; 2023-2026,2010-2017 Volvo XC60,pending,,2026-08-13T03:21:41+00:00
6716ad25346a86f0700a,Volvo,XC70,2,2003-2007; 2008-2016,2007 Volvo XC70 Base,pending,,2026-08-13T03:21:41+00:00
7d02eb3f8c8e240c4c7d,Volvo,XC90,3,2003; 2004-2014; 2016-2026,"2003 Volvo XC90, Edmunds",pending,,2026-08-13T03:21:41+00:00
