queue_key,MAKE,MODEL,YEARS,record_count,SOURCE_GROUP,status,worker,updated_at
48d37b0d8a5411f5cf7c,Mercedes-Benz,EQS,2026,1,https://www.best-selling-cars.com/,pending,,2026-08-13T11:05:20+00:00
30c6ecfb279dbea15291,Mercedes-Benz,GLA,2026,1,https://www.best-selling-cars.com/,pending,,2026-08-13T11:05:20+00:00
15277ae5bc62e68f7b3d,Mercedes-Benz,GLB,2026,1,https://www.best-selling-cars.com/,pending,,2026-08-13T11:05:20+00:00
a9b2b4ccb5bec08b3e81,Mercedes-Benz,GLC,2026,1,https://www.best-selling-cars.com/,pending,,2026-08-13T11:05:20+00:00
620cdb0f5e35b4382318,Mercedes-Benz,GLE,2026,1,https://www.best-selling-cars.com/,pending,,2026-08-13T11:05:20+00:00
0e387738588a08f44c4a,Mercedes-Benz,GLS,2026,1,https://www.best-selling-cars.com/,pending,,2026-08-13T11:05:20+00:00
13b80cf3313db3140d56,Mitsubishi,Mirage,2026,1,https://www.best-selling-cars.com/,pending,,2026-08-13T11:05:20+00:00
378542fe9ee3b5b2c287,Mitsubishi,Outlander PHEV,2026,1,https://www.best-selling-cars.com/,pending,,2026-08-13T11:05:20+00:00
9399b201064890cb36f9,Mitsubishi,Outlander Sport,2026,1,https://www.best-selling-cars.com/,pending,,2026-08-13T11:05:20+00:00
ea323e6112e5ce2f9d02,Nissan,GT-R,2026,1,https://www.best-selling-cars.com/,pending,,2026-08-13T11:05:20+00:00
dbb544357241c75bd7b2,Nissan,Titan,2026,1,https://www.best-selling-cars.com/,pending,,2026-08-13T11:05:20+00:00
c83e82b116fa1f9033fb,Porsche,718,2026,1,https://www.best-selling-cars.com/,pending,,2026-08-13T11:05:20+00:00
c7d69e0d21fde5050681,Subaru,BRZ,2026,1,https://www.best-selling-cars.com/,pending,,2026-08-13T11:05:20+00:00
931b56de60416fa9f93c,Subaru,Trailseeker,2025;2026,2,https://www.best-selling-cars.com/,pending,,2026-08-13T11:05:20+00:00
3d7a15ca1b0986b4db45,Tesla,Model S/X,2024;2025,2,https://www.best-selling-cars.com/,pending,,2026-08-13T11:05:20+00:00
94bba8f6aa9bb383282f,Toyota,bZ4X,2026,1,https://www.best-selling-cars.com/,pending,,2026-08-13T11:05:20+00:00
a545574988db1313f12a,Toyota,GR86,2026,1,https://www.best-selling-cars.com/,pending,,2026-08-13T11:05:20+00:00
52e6c730de3086aa1774,Toyota,MIRAI,2026,1,https://www.best-selling-cars.com/,pending,,2026-08-13T11:05:20+00:00
6f3ead6311ea8439a02b,Toyota,Venza,2026,1,https://www.best-selling-cars.com/,pending,,2026-08-13T11:05:20+00:00
dccdc0c9f95702399d3e,VinFast,VF 8,2026,1,https://www.best-selling-cars.com/,pending,,2026-08-13T11:05:20+00:00
a883e807f0de39d99f54,Volkswagen,Atlas Cross Sport,2026,1,https://www.best-selling-cars.com/,pending,,2026-08-13T11:05:20+00:00
148fbb1ac6a4f6de3909,Volkswagen,Golf GTI,2026,1,https://www.best-selling-cars.com/,pending,,2026-08-13T11:05:20+00:00
c5d36eb88745416ce2c6,Volkswagen,Golf R,2026,1,https://www.best-selling-cars.com/,pending,,2026-08-13T11:05:20+00:00
7df467516d50e551e135,Volkswagen,Jetta GLI,2026,1,https://www.best-selling-cars.com/,pending,,2026-08-13T11:05:20+00:00
cf88e163d90233db9e44,Volvo,C40,2026,1,https://www.best-selling-cars.com/,pending,,2026-08-13T11:05:20+00:00
e9c447ca4b7256e47c3b,Volvo,C40 Recharge,2026,1,https://www.best-selling-cars.com/,pending,,2026-08-13T11:05:20+00:00
290b2329ef934afe3b28,Volvo,XC40,2026,1,https://www.best-selling-cars.com/,pending,,2026-08-13T11:05:20+00:00
69dedd45b1b3224677f3,Audi,A3/S3/RS3,2026,1,https://www.best-selling-cars.com/usa/2024-full-year-usa-audi-us-car-sales-by-model/,pending,,2026-08-13T11:05:20+00:00
f4194e958871308b8588,Audi,A4 allroad quattro,2018;2019;2020;2021;2022;2023;2024;2025,8,https://www.best-selling-cars.com/usa/2024-full-year-usa-audi-us-car-sales-by-model/,pending,,2026-08-13T11:05:20+00:00
9799eb055369a3e70191,Audi,A4/S4,2000;2001;2004,3,https://www.best-selling-cars.com/usa/2024-full-year-usa-audi-us-car-sales-by-model/,pending,,2026-08-13T11:05:20+00:00
8062917a5ae614bb2266,Audi,A5/S5,2013;2019;2020;2021;2022;2023;2024;2026,8,https://www.best-selling-cars.com/usa/2024-full-year-usa-audi-us-car-sales-by-model/,pending,,2026-08-13T11:05:20+00:00
6c7dad12257fa6e98bc1,Audi,A6,1998;1999;2000;2006;2007;2008;2009;2010;2011;2026,10,https://www.best-selling-cars.com/usa/2024-full-year-usa-audi-us-car-sales-by-model/,pending,,2026-08-13T11:05:20+00:00
98e828443dd9c162cca5,Audi,A6 allroad quattro,2020;2021;2022;2023;2024;2025,6,https://www.best-selling-cars.com/usa/2024-full-year-usa-audi-us-car-sales-by-model/,pending,,2026-08-13T11:05:20+00:00
a4ababa8bb4e542fa1b4,Audi,A6 e-tron/S6 e-tron,2025,1,https://www.best-selling-cars.com/usa/2024-full-year-usa-audi-us-car-sales-by-model/,pending,,2026-08-13T11:05:20+00:00
a46397e0668c82e633cf,Audi,A6/S6,1995;1996;1997;2001;2002;2003;2004;2020;2021;2022;2023;2024;2025,13,https://www.best-selling-cars.com/usa/2024-full-year-usa-audi-us-car-sales-by-model/,pending,,2026-08-13T11:05:20+00:00
a14d798e1ccc2afe66b1,Audi,A8/S8,1997;1998;1999;2000;2001;2002;2003;2004;2026,9,https://www.best-selling-cars.com/usa/2024-full-year-usa-audi-us-car-sales-by-model/,pending,,2026-08-13T11:05:20+00:00
e06f65add13428686c53,Audi,e-tron GT/S e-tron GT/RS e-tron GT,2026,1,https://www.best-selling-cars.com/usa/2024-full-year-usa-audi-us-car-sales-by-model/,pending,,2026-08-13T11:05:20+00:00
70dca18e4199e99df0c5,Acura,ADX,2024;2026,2,https://www.best-selling-cars.com/usa/2024-full-year-usa-honda-and-acura-car-sales-by-model/,pending,,2026-08-13T11:05:20+00:00
005c14e842bbb1f25fcd,Buick,Envista,2026,1,https://www.best-selling-cars.com/usa/2025-full-year-usa-gm-buick-cadillac-chevrolet-gmc-car-sales-by-model/,pending,,2026-08-13T11:05:20+00:00
0b3872ebf65c37853ee7,Chevrolet,K5 Blazer,1992;1993;1994,3,https://www.blazerforsale.com/history/specs/,pending,,2026-08-13T11:05:20+00:00
c254b18ab26b633c6977,Audi,RS6,2021;2022;2023;2024;2025;2026,6,https://www.carfigures.com/us-market-brand/audi/a6-s6,pending,,2026-08-13T11:05:20+00:00
65da444739208702c149,Audi,Q7/SQ7,2026,1,https://www.carfigures.com/us-market-brand/audi/q7,pending,,2026-08-13T11:05:20+00:00
0d4d8dd73f48c2987f54,Chevrolet,Impala,1962;1963;1965;1966;1967;1968;1973;1974;1975;1976;1994;1995;1996,13,https://www.carfigures.com/us-market-brand/chevrolet/impala,pending,,2026-08-13T11:05:20+00:00
84d066f3997d539b486c,Chevrolet,Silverado 1500,2026,1,https://www.carfigures.com/us-market-brand/chevrolet/silverado,pending,,2026-08-13T11:05:20+00:00
de5a0fa1331bfd740424,Chevrolet,Tahoe,1995;2026,2,https://www.carfigures.com/us-market-brand/chevrolet/tahoe,pending,,2026-08-13T11:05:20+00:00
0ec1953d8083b24f6c01,Mercedes-Benz,G-Class,2003;2004;2025;2026,4,https://www.carfigures.com/us-market-brand/mercedes-benz/g-class,pending,,2026-08-13T11:05:20+00:00
77e22c1bd74d52b293b4,MINI,Hatchback,2002;2003;2004;2005;2006;2007;2008;2009;2010;2011;2012;2013;2014;2021;2022;2023;2024,17,https://www.carfigures.com/us-market-brand/mini/cooper-hardtop-2-door,pending,,2026-08-13T11:05:20+00:00
e765195842f34f8f3225,Toyota,Highlander,2026,1,https://www.carfigures.com/us-market-brand/toyota/highlander,pending,,2026-08-13T11:05:20+00:00
6d932da3c946ed5f8684,VinFast,VF8,2023;2024;2025,3,https://www.ceicdata.com/en/united-states/electric-vehicle-sales-by-brand-and-model-ytd/electric-vehicle-sales-ytd-vinfast-vinfast-vf8,pending,,2026-08-13T11:05:20+00:00
22196cce7feb583c9cf4,MINI,Cooper SE,2020;2021;2022,3,https://www.coxautoinc.com/wp-content/uploads/2025/01/Q4-2024-Kelley-Blue-Book-EV-Sales-Report.pdf,pending,,2026-08-13T11:05:20+00:00
e2bca415fb746567afd4,Ford,F-250/F-350 Super Duty,2026,1,https://www.fromtheroad.ford.com/us/en/articles/2026/ford-2025-full-year-us-sales-results,pending,,2026-08-13T11:05:20+00:00
bcaecdba318ecf88b240,Ford,F-350 Super Duty,2026,1,https://www.fromtheroad.ford.com/us/en/articles/2026/ford-2025-full-year-us-sales-results,pending,,2026-08-13T11:05:20+00:00
4ec92d98ceea35ac0f9f,Toyota,MR2,1985;1986;1987;1988;1989;1991;1992;1993;1994;1995,10,https://www.geocities.ws/mki_mr2/faq/productionnumbers.htm,pending,,2026-08-13T11:05:20+00:00
765f2ce91c1aa59e0edd,Genesis,GV60,2026,1,https://www.goodcarbadcar.net/2025-u-s-auto-sales-figures-by-model-all-vehicle-ranked-2/,pending,,2026-08-13T11:05:20+00:00
0415822a94828d81fd49,Rivian,R1T,2026,1,https://www.goodcarbadcar.net/2025-u-s-auto-sales-figures-by-model-all-vehicle-ranked-2/,pending,,2026-08-13T11:05:20+00:00
cc877c3742dd77eb5e90,Kia,Carnival,2026,1,https://www.goodcarbadcar.net/2026-us-auto-sales-figures-by-model-all-vehicle-ranked/,pending,,2026-08-13T11:05:20+00:00
d4cc932da1a8db6f2e70,Kia,EV9,2026,1,https://www.goodcarbadcar.net/2026-us-auto-sales-figures-by-model-all-vehicle-ranked/,pending,,2026-08-13T11:05:20+00:00
402f7a7558d18c1cd308,Nissan,Ariya,2026,1,https://www.goodcarbadcar.net/2026-us-auto-sales-figures-by-model-all-vehicle-ranked/,pending,,2026-08-13T11:05:20+00:00
e62af4083253c441e2be,Mitsubishi,Eclipse Cross,2026,1,https://www.goodcarbadcar.net/2026-us-small-suv-sales-figures-by-model-with-rankings/,pending,,2026-08-13T11:05:20+00:00
f0cfaf45e2801d5b3a9c,Chevrolet,Equinox EV,2026,1,https://www.goodcarbadcar.net/2026-us-suv-sales-figures-by-model-with-rankings/,pending,,2026-08-13T11:05:20+00:00
9314a4008ab242f62a36,Ineos Automotive,Grenadier,2026;2027,2,https://www.goodcarbadcar.net/2026-us-suv-sales-figures-by-model-with-rankings/,pending,,2026-08-13T11:05:20+00:00
8a83b8fb5323a3ed087f,Jeep,Wagoneer S,2026,1,https://www.goodcarbadcar.net/2026-us-suv-sales-figures-by-model-with-rankings/,pending,,2026-08-13T11:05:20+00:00
8a615f500a6d1c46f644,Mitsubishi,Diamante,1992;1995;1996;1997;1998;1999;2000;2001,8,https://www.goodcarbadcar.net/annual-mitsubishi-diamante-sales-figures/,pending,,2026-08-13T11:05:20+00:00
cf7e54382cdea199f7b4,Mitsubishi,Montero,1983;1984;1985;1986;1987;1988;1989;1990;1991;1992;1993;1994;1995;1996;1997;1999;2000;2001;2002;2003;2004;2005;2006,23,https://www.goodcarbadcar.net/annual-mitsubishi-montero-sales-figures/,pending,,2026-08-13T11:05:20+00:00
acce99376d4a751d1490,Audi,TT/TTS/TT RS,2000;2001;2002;2003;2004,5,https://www.goodcarbadcar.net/audi-tt-sales-figures/,pending,,2026-08-13T11:05:20+00:00
e600ba27ae1a25047aa0,BMW,2 Series,2026,1,https://www.goodcarbadcar.net/bmw-2-series-sales-figures-usa-canada/,pending,,2026-08-13T11:05:20+00:00
cba917ef5f2d65a95aad,BMW,3 Series,1977;1978;1979;1980;1981;1982;1983;1984;1985;1986;1987;1988;1989;2026,14,https://www.goodcarbadcar.net/bmw-3-series-sales-figures/,pending,,2026-08-13T11:05:20+00:00
bb45b9e0041f7d636c4f,BMW,4 Series,2014;2015;2016;2017;2018;2019;2020;2021;2026,9,https://www.goodcarbadcar.net/bmw-4-series-sales-figures-usa-canada/,pending,,2026-08-13T11:05:20+00:00
935b4ab27bfea1b25668,BMW,5 Series,1975;1976;1977;1978;1979;1980;1981;1982;1983;1984;1985;1986;1987;1988;1989;2026,16,https://www.goodcarbadcar.net/bmw-5-series-sales-figures/,pending,,2026-08-13T11:05:20+00:00
1d22404b0d0b083ca94f,BMW,6 Series,1977;1978;1979;1980;1981;1982;1983;1984;1985;1986;1987;1988;1989;2004,14,https://www.goodcarbadcar.net/bmw-6-series-sales-figures/,pending,,2026-08-13T11:05:20+00:00
33aa3495f7550a104d1d,Buick,LeSabre,1959;1960;1961;1962;1963;1964;1965;1966;1967;1968;1969;1970;1971;1972;1973;1974;1975;1976;1999;2000;2001;2002;2003;2004;2005,25,https://www.goodcarbadcar.net/buick-lesabre-sales-figures-usa-canada/,pending,,2026-08-13T11:05:20+00:00
b0a22676db9f1e1b637e,Buick,Park Avenue,1997;1998;1999;2000;2001;2002;2003;2004;2005,9,https://www.goodcarbadcar.net/buick-park-avenue-sales-figures/,pending,,2026-08-13T11:05:20+00:00
5024a7a0b4665964558f,Buick,Regal,1997;1998;1999;2000;2001;2002;2003;2004,8,https://www.goodcarbadcar.net/buick-regal-sales-figures/,pending,,2026-08-13T11:05:20+00:00
99ad21b28c4d7e864829,Cadillac,CT4,2026,1,https://www.goodcarbadcar.net/cadillac-ct4-sales-figures/,pending,,2026-08-13T11:05:20+00:00
87308896ef0771d6249e,Cadillac,DeVille,1951;1952;1953;1954;1955;1957;1958;1959;1960;1961;1963;1965;1966;1967;1968;1969;1971;1974;1975;1976;1985;1986;1987;1988;1989;1990;1991;1992;1993;1994;1995;1996;1997;1998;1999;2000;2001;2002;2003;2004;2005,41,https://www.goodcarbadcar.net/cadillac-deville-sales-figures/,pending,,2026-08-13T11:05:20+00:00
88de74ee0635eb32b3d1,Cadillac,Eldorado,1959;1960;1961;1962;1963;1964;1965;1966;1969;1970;1974;1975;1976;1977;1978;1979,16,https://www.goodcarbadcar.net/cadillac-eldorado-sales-figures/,pending,,2026-08-13T11:05:20+00:00
c18b8d27a974ffef8490,Cadillac,Escalade,2026,1,https://www.goodcarbadcar.net/cadillac-escalade-family-sales-figures-usa-canada/,pending,,2026-08-13T11:05:20+00:00
f5c7eca7469ce8caacb4,Cadillac,CT5,2026,1,https://www.goodcarbadcar.net/cadillac-us-sales-figures/cadillac-ct5-2/,pending,,2026-08-13T11:05:20+00:00
6376e91c6f96a6a32980,Chevrolet,Astro,1985;1986;1987;1988;1989;1990;1991;1992;1993;1994;1995;1996;1997;1998;1999;2000;2001;2002;2003;2004;2005,21,https://www.goodcarbadcar.net/chevrolet-astro-sales-figures/,pending,,2026-08-13T11:05:20+00:00
b88e52888ccac5eae034,Chevrolet,Blazer,1969;1970;1971;1972;1973;1974;1975;1976;1977;1978;1979;1980;1981;1982;1983;1984;1985;2026,18,https://www.goodcarbadcar.net/chevrolet-blazer-sales-figures/,pending,,2026-08-13T11:05:20+00:00
8881513b42be303dd1e6,Chevrolet,S-10 Blazer,1983;1984;1985;1986;1987;1988;1989;1990;1991;1992;1993;1994;1995;1996;1997;1998;1999;2000;2001;2002;2003;2004;2005,23,https://www.goodcarbadcar.net/chevrolet-blazer-sales-figures/,pending,,2026-08-13T11:05:20+00:00
133d9c8fd6e976a0e407,Chevrolet,Colorado,2026,1,https://www.goodcarbadcar.net/chevrolet-colorado-sales-figures/,pending,,2026-08-13T11:05:20+00:00
268bd7f5f10a7ba2d784,Chevrolet,Equinox,2026,1,https://www.goodcarbadcar.net/chevrolet-equinox-sales-figures/,pending,,2026-08-13T11:05:20+00:00
d12968369b77479a43ad,Chevrolet,Malibu,1964;1965;1966;1967;1968;1969;1970;1971;1972;1973;1974;1975;1976;1977;1978;1979;1980;1981;1982;1983;1997;1998;1999;2000;2001;2002;2003;2004;2026,29,https://www.goodcarbadcar.net/chevrolet-malibu-sales-figures/,pending,,2026-08-13T11:05:20+00:00
efe37207b41cf0bae1ff,Chevrolet,Prizm,1998;1999;2000;2001;2002,5,https://www.goodcarbadcar.net/chevrolet-prizm-sales-figures/chevrolet-prizm/,pending,,2026-08-13T11:05:20+00:00
094c039a08bd0102bc88,Chevrolet,S10,1982;1983;1984;1985;1986;1987;1988;1989;1990;1991;1992;1993;1994;1995;1996;1997;1998;1999;2000;2001;2002;2003;2004,23,https://www.goodcarbadcar.net/chevrolet-s10-sales-figures/,pending,,2026-08-13T11:05:20+00:00
58131a86620eaf28f2c8,Chevrolet,Silverado 1500HD,2001;2002;2003;2005;2006;2007,6,https://www.goodcarbadcar.net/chevrolet-silverado-sales-figures/,pending,,2026-08-13T11:05:20+00:00
6e98edf48507d8e10138,Chevrolet,Suburban,1935;1936;1937;1938;1939;1940;1941;1946;1947;1948;1949;1950;1951;1952;1953;1954;1955;1956;1957;1958;1959;1960;1961;1962;1963;1964;1965;1966;1967;1968;1969;1970;1971;1972;1973;1974;1975;1976;1977;1978;1979;1980;1981;1982;1983;1984;1985;1986;1987;1988;1989;1990;1991;1992;1993;1994;1995;1996;1997;1998;1999;2000;2001;2002;2003;2004;2026,67,https://www.goodcarbadcar.net/chevrolet-suburban-sales-figures/,pending,,2026-08-13T11:05:20+00:00
9527966db713caf282c4,Chevrolet,Tracker,1998;1999;2000;2001;2002;2003;2004,7,https://www.goodcarbadcar.net/chevrolet-tracker-sales-figures/,pending,,2026-08-13T11:05:20+00:00
b7742177018b27c4581f,Chevrolet,Trailblazer,2002;2003;2004;2026,4,https://www.goodcarbadcar.net/chevrolet-trailblazer-sales-figures-usa-canada/,pending,,2026-08-13T11:05:20+00:00
a72ad62a286e73118f52,Chevrolet,Trax,2026,1,https://www.goodcarbadcar.net/chevrolet-trax-sales-figures/,pending,,2026-08-13T11:05:20+00:00
f8d496fedb2b73030876,Chevrolet,Venture,1997;1998;1999;2000;2001;2002;2003,7,https://www.goodcarbadcar.net/chevrolet-uplander-venture-sales-figures-usa-canada/,pending,,2026-08-13T11:05:20+00:00
a6ab5958035a1443ec2b,Chrysler,300 series,1999;2000;2001;2002;2003;2004,6,https://www.goodcarbadcar.net/chrysler-300-sales-figures/,pending,,2026-08-13T11:05:20+00:00
53a08f23fdfd7d46144a,Chrysler,Concorde,1993;1994;1995;1996,4,https://www.goodcarbadcar.net/chrysler-concorde-sales-figures/,pending,,2026-08-13T11:05:20+00:00
9beead1348b74179bc52,Chrysler,Crossfire,2004,1,https://www.goodcarbadcar.net/chrysler-crossfire-sales-figures-usa-canada/,pending,,2026-08-13T11:05:20+00:00
6543e58d0452d76d291c,Chrysler,Pacifica,2004;2026,2,https://www.goodcarbadcar.net/chrysler-pacifica-sales-figures-usa-canada/,pending,,2026-08-13T11:05:20+00:00
97a91cb903a7073914a8,Chrysler,Sebring,1995,1,https://www.goodcarbadcar.net/chrysler-sebring-sales-figures/,pending,,2026-08-13T11:05:20+00:00
f480fe6ae1183ec4d3e5,Chrysler,Town & Country,1990;1991;1992;1993;1994;1995;1996,7,https://www.goodcarbadcar.net/chrysler-town-country-sales-figures/,pending,,2026-08-13T11:05:20+00:00
5adc0d2ad562b2ae9b2a,Chrysler,Voyager,2020;2021;2022;2023;2026,5,https://www.goodcarbadcar.net/chrysler-voyager-sales-figures/,pending,,2026-08-13T11:05:20+00:00
39dbdb71d9a896d3d833,Dodge,Durango,2026,1,https://www.goodcarbadcar.net/dodge-durango-sales-figures/,pending,,2026-08-13T11:05:20+00:00
f49c7584166bf5b81d81,Ram,1500,1997;1998;1999;2000;2001;2002;2003;2026,8,https://www.goodcarbadcar.net/dodge-ram-sales-figures/,pending,,2026-08-13T11:05:20+00:00
226358e89261e909ee16,Ram,1500 Classic,2019;2020;2021;2022;2023,5,https://www.goodcarbadcar.net/dodge-ram-sales-figures/,pending,,2026-08-13T11:05:20+00:00
3aeb66388dc889a2ed00,Ram,2500/3500,1994;1995;1996;1997;1998;1999;2000;2001;2002;2003;2004;2005;2006;2007;2008;2009;2010;2011;2012;2013;2014;2015;2016;2017;2018;2019;2020;2021;2022;2023;2024;2025;2026,33,https://www.goodcarbadcar.net/dodge-ram-sales-figures/,pending,,2026-08-13T11:05:20+00:00
11f2fdcb86b69ba63d06,Dodge,Viper,1992;1993;1994;1995;1996;1997;1998;1999;2000;2001;2002;2003;2004,13,https://www.goodcarbadcar.net/dodge-viper-sales-figures/,pending,,2026-08-13T11:05:20+00:00
6548c2f43115dca08776,Ford,Bronco,2026,1,https://www.goodcarbadcar.net/ford-bronco-sales-figures-usa-canada/,pending,,2026-08-13T11:05:20+00:00
ce959a478d4ca7b2a24c,Ford,Bronco Sport,2026,1,https://www.goodcarbadcar.net/ford-bronco-sport-sales-figures/,pending,,2026-08-13T11:05:20+00:00
6d080eaf6670844f49d5,Ford,Escape,2001;2002;2003;2004;2026,5,https://www.goodcarbadcar.net/ford-escape-sales-figures/,pending,,2026-08-13T11:05:20+00:00
086dea5cf75ec742d421,Ford,Expedition,1997;1998;1999;2000;2001;2002;2003;2004;2026,9,https://www.goodcarbadcar.net/ford-expedition-sales-figures/,pending,,2026-08-13T11:05:20+00:00
837a379362e4a6bec98c,Ford,Explorer,1991;1992;1993;1994;1995;1996;1997;1998;1999;2000;2001;2002;2003;2004;2026,15,https://www.goodcarbadcar.net/ford-explorer-sales-figures/,pending,,2026-08-13T11:05:20+00:00
eb5b53ee3077d912f970,Ford,Maverick,2026,1,https://www.goodcarbadcar.net/ford-maverick-sales-figures/,pending,,2026-08-13T11:05:20+00:00
5af604f1707faf725169,Ford,Mustang Mach-E,2026,1,https://www.goodcarbadcar.net/ford-mustang-mach-e-sales-figures/,pending,,2026-08-13T11:05:20+00:00
523a2e2af00af199829b,Ford,Mustang,2026,1,https://www.goodcarbadcar.net/ford-mustang-sales-figures/,pending,,2026-08-13T11:05:20+00:00
3116848f22d9d98eb0f1,GMC,Acadia,2026,1,https://www.goodcarbadcar.net/gmc-acadia-sales-figures/,pending,,2026-08-13T11:05:20+00:00
22736b62bd48d6dca02c,GMC,Jimmy,1983;1984;1985;1986;1987;1988;1989;1990;1991;1992;1993;1994,12,https://www.goodcarbadcar.net/gmc-jimmy-sales-figures/,pending,,2026-08-13T11:05:20+00:00
11cb437e068ae2e1a773,GMC,Yukon,1992;1993;1994;1995;1996;1997;1998;1999;2000;2001;2002;2003;2004;2026,14,https://www.goodcarbadcar.net/gmc-yukon-sales-figures/,pending,,2026-08-13T11:05:20+00:00
fba19cf21d3e7ce598d0,GMC,Yukon XL,2000;2001;2002;2003;2004;2019;2020;2021;2022;2023;2024;2025;2026,13,https://www.goodcarbadcar.net/gmc-yukon-xl-sales-figures/,pending,,2026-08-13T11:05:20+00:00
e5d7b199873e2e8525d2,Honda,CR-V,2026,1,https://www.goodcarbadcar.net/honda-cr-v-sales-figures/,pending,,2026-08-13T11:05:20+00:00
1c2849d13d4af503c253,Honda,HR-V,2026,1,https://www.goodcarbadcar.net/honda-hrv-sales-figures-usa-canada/,pending,,2026-08-13T11:05:20+00:00
016e67a479a7b3f26ff3,Honda,Prologue,2026,1,https://www.goodcarbadcar.net/honda-prologue-sales-figures/,pending,,2026-08-13T11:05:20+00:00
b47015cbf9ceb3d8bac3,Hyundai,Elantra Tour,2009;2010;2011;2012,4,https://www.goodcarbadcar.net/hyundai-elantra-sales-figures/,pending,,2026-08-13T11:05:20+00:00
221640bf59f9dfdedd4e,Hyundai,IONIQ 6,2026,1,https://www.goodcarbadcar.net/hyundai-ioniq-6-sales-figures/,pending,,2026-08-13T11:05:20+00:00
f91aa81dcb2037f718d0,Hyundai,Tucson,2026,1,https://www.goodcarbadcar.net/hyundai-tucson-sales-figures/,pending,,2026-08-13T11:05:20+00:00
39cd596b3ab2998c1906,Hyundai,Venue,2026,1,https://www.goodcarbadcar.net/hyundai-venue-sales-figures/,pending,,2026-08-13T11:05:20+00:00
5ec0200778b96b79cc8f,Infiniti,FX,2003;2004,2,https://www.goodcarbadcar.net/infiniti-fx-sales-figures/,pending,,2026-08-13T11:05:20+00:00
ccf803ac3d632be17b66,Infiniti,M,1990;1991;1992,3,https://www.goodcarbadcar.net/infiniti-m-sales-figures/,pending,,2026-08-13T11:05:20+00:00
5e10c29b4dd1342bd448,Infiniti,Q70L,2015;2016;2017;2018;2019,5,https://www.goodcarbadcar.net/infiniti-q70-sales-figures-usa-canada/,pending,,2026-08-13T11:05:20+00:00
65e36c7cfac772e8d0dc,Infiniti,QX50,2014;2026,2,https://www.goodcarbadcar.net/infiniti-qx50-sales-figures-usa-canada/,pending,,2026-08-13T11:05:20+00:00
fc61b683c4cce4be605f,Infiniti,QX60,2014;2026,2,https://www.goodcarbadcar.net/infiniti-qx60-sales-figures-usa-canada/,pending,,2026-08-13T11:05:20+00:00
b1e85826e77d1d6c544e,Infiniti,QX70,2014,1,https://www.goodcarbadcar.net/infiniti-qx70-sales-figures-usa-canada/,pending,,2026-08-13T11:05:20+00:00
9b7938a1ce6c83091c95,Infiniti,QX80,2026,1,https://www.goodcarbadcar.net/infiniti-qx80-sales-figures-usa-canada/,pending,,2026-08-13T11:05:20+00:00
8837b6529a758528a86a,Jaguar,XK,1997;1998;1999;2000;2001;2002;2003;2004,8,https://www.goodcarbadcar.net/jaguar-xk-sales-figures/,pending,,2026-08-13T11:05:20+00:00
8093b7c0d9f3dbeea6de,Jeep,Cherokee,1974;1975;1976;1977;1978;1979;1980;1981;1982;2026,10,https://www.goodcarbadcar.net/jeep-cherokee-sales-figures/,pending,,2026-08-13T11:05:20+00:00
d1de80c7d3c1bf9c3493,Jeep,Compass,2026,1,https://www.goodcarbadcar.net/jeep-compass-sales-figures/,pending,,2026-08-13T11:05:20+00:00
6d19beb59e690c37b61e,Jeep,Gladiator,2026,1,https://www.goodcarbadcar.net/jeep-gladiator-sales-figures/,pending,,2026-08-13T11:05:20+00:00
1ab9730448fc23bfae75,Jeep,Grand Cherokee,2026,1,https://www.goodcarbadcar.net/jeep-grand-cherokee-sales-figures/,pending,,2026-08-13T11:05:20+00:00
8078c1a3020a5c896f45,Jeep,Grand Wagoneer,2026,1,https://www.goodcarbadcar.net/jeep-grand-wagoneer-sales-figures/,pending,,2026-08-13T11:05:20+00:00
4021f7771e9589dccd98,Jeep,Wagoneer,1963;1964;1965;1966;1967;1968;1969;1970;1971;1972;1973;1974;1975;1976;1977;1978;1979;1980;1981;1982;1983;1984;1985;1986;1987;1988;1989;1990;1991;2026,30,https://www.goodcarbadcar.net/jeep-grand-wagoneer-sales-figures/,pending,,2026-08-13T11:05:20+00:00
2b2406989055732e1d93,Jeep,Wrangler,1987;1988;1989;1990;1991;1992;1993;1994;1995;2026,10,https://www.goodcarbadcar.net/jeep-wrangler-sales-figures/,pending,,2026-08-13T11:05:20+00:00
bf08640e0a2e8c4972bd,Kia,Amanti,0;2004,2,https://www.goodcarbadcar.net/kia-amanti-sales-figures-usa-canada/,pending,,2026-08-13T11:05:20+00:00
7d8e01083f638a8567f1,Kia,EV6,2026,1,https://www.goodcarbadcar.net/kia-ev6-sales-figures/,pending,,2026-08-13T11:05:20+00:00
13ad864c8bdb3ad36f2d,Kia,K5,2026,1,https://www.goodcarbadcar.net/kia-k5-sales-figures/,pending,,2026-08-13T11:05:20+00:00
bb6cad509c4d4ee96b0b,Kia,Sorento,2026,1,https://www.goodcarbadcar.net/kia-sorento-sales-figures/,pending,,2026-08-13T11:05:20+00:00
c0441d5c0660985e0a58,Kia,Spectra,0;2000;2001;2002;2003;2004,6,https://www.goodcarbadcar.net/kia-spectra-sales-figures-usa-canada/,pending,,2026-08-13T11:05:20+00:00
11951a3140b2913f57b2,Kia,Sportage,1995;1996;1997;2026,4,https://www.goodcarbadcar.net/kia-sportage-sales-figures/,pending,,2026-08-13T11:05:20+00:00
c6f23d12c7ef721ec900,Kia,Telluride,2026,1,https://www.goodcarbadcar.net/kia-telluride-sales-figures/,pending,,2026-08-13T11:05:20+00:00
22b4cdf1f48dbe02a4f6,Land Rover,Evoque,2026,1,https://www.goodcarbadcar.net/land-rover-range-rover-evoque-sales/,pending,,2026-08-13T11:05:20+00:00
e9564317dd14ff8c81ff,Land Rover,Range Rover Evoque,2026,1,https://www.goodcarbadcar.net/land-rover-range-rover-evoque-sales/,pending,,2026-08-13T11:05:20+00:00
58a9d9796873e52da8b1,Land Rover,Range Rover,1987;1988;1989;1990;1991;1992;1993;1994;1995;1996;1997;1998;1999;2000;2001;2002;2003;2004;2026,19,https://www.goodcarbadcar.net/land-rover-range-rover-sales-figures/,pending,,2026-08-13T11:05:20+00:00
63d9e2f19c3bb4273b3d,Land Rover,Range Rover Sport,2026,1,https://www.goodcarbadcar.net/land-rover-range-rover-sport-sales/,pending,,2026-08-13T11:05:20+00:00
77996389a7c7cb8ef187,Lexus,LS,2026,1,https://www.goodcarbadcar.net/lexus-ls-sales-figures/,pending,,2026-08-13T11:05:20+00:00
5bb5aa3de944848c797a,Lexus,NX,2026,1,https://www.goodcarbadcar.net/lexus-nx-sales-figures-usa-canada/,pending,,2026-08-13T11:05:20+00:00
f5fb90f70f20669ff8b9,Lexus,RX,1999;2000;2001;2002;2003;2004;2026,7,https://www.goodcarbadcar.net/lexus-rx-sales-figures/,pending,,2026-08-13T11:05:20+00:00
bbcb63bf17d1ba5f16ae,Lexus,RZ,2026,1,https://www.goodcarbadcar.net/lexus-rz-sales-figures/,pending,,2026-08-13T11:05:20+00:00
efe7e18a423880441f17,Lexus,UX,2026,1,https://www.goodcarbadcar.net/lexus-ux-black-sales-figures/,pending,,2026-08-13T11:05:20+00:00
481b519b5513150ac763,Lincoln,Aviator,2026,1,https://www.goodcarbadcar.net/lincoln-aviator-sales-figures-usa-canada/,pending,,2026-08-13T11:05:20+00:00
6f99e7317bed3e65ab5f,Lincoln,Corsair,2026,1,https://www.goodcarbadcar.net/lincoln-mkc-sales-figures-usa-canada/,pending,,2026-08-13T11:05:20+00:00
56f03c19cbddcbd63483,Lucid Motors,Air,2026;2027,2,https://www.goodcarbadcar.net/lucid-air-sales-figures/,pending,,2026-08-13T11:05:20+00:00
fde082317ad2c872046e,Maserati,Ghibli,2014;2015;2019,3,https://www.goodcarbadcar.net/maserati-ghibli-sales-figures-usa-canada/,pending,,2026-08-13T11:05:20+00:00
8fd37187e62092440771,Maserati,Grecale,2025;2026;2027,3,https://www.goodcarbadcar.net/maserati-grecale-sales-figures/,pending,,2026-08-13T11:05:20+00:00
f01b42e82858a2bbd1e7,Maserati,MC20,2025,1,https://www.goodcarbadcar.net/maserati-mc20-sales-figures/,pending,,2026-08-13T11:05:20+00:00
6654c6c0f93a82b267ee,Maserati,Quattroporte,2005;2006;2007;2008;2009;2010;2011;2012;2013;2014;2015;2019,12,https://www.goodcarbadcar.net/maserati-quattroporte-sales-figures-usa-canada/,pending,,2026-08-13T11:05:20+00:00
abe21dc8e38ee5f694ba,Mazda,3,2026,1,https://www.goodcarbadcar.net/mazda-3-sales-figures/,pending,,2026-08-13T11:05:20+00:00
6051a9099b0dc990b60b,Mazda,Speed3,2007;2008;2009;2010;2011;2012;2013,7,https://www.goodcarbadcar.net/mazda-3-sales-figures/,pending,,2026-08-13T11:05:20+00:00
fe1197bef39e2d730b66,Mazda,CX-70,2026,1,https://www.goodcarbadcar.net/mazda-cx-70-sales-figures/,pending,,2026-08-13T11:05:20+00:00
06369166bd6a2d36c8c5,Mazda,CX-90,2026,1,https://www.goodcarbadcar.net/mazda-cx-90-sales-figures/,pending,,2026-08-13T11:05:20+00:00
647c651062f18e5477e6,Mazda,MX-6,1990;1991;1992;1993;1994;1995;1996;1997,8,https://www.goodcarbadcar.net/mazda-mx-6-sales-figures/,pending,,2026-08-13T11:05:20+00:00
114ef1560c17d7b533f5,Mercedes-Benz,C-Class,1994;1995;1996;1997;1998;1999;2026,7,https://www.goodcarbadcar.net/mercedes-benz-c-class-sales-figures/,pending,,2026-08-13T11:05:20+00:00
6a87708b098320afd0e0,Mercedes-Benz,CL-Class,1998;1999;2000,3,https://www.goodcarbadcar.net/mercedes-benz-cl-class-sales-figures/,pending,,2026-08-13T11:05:20+00:00
7bd85b994467f28f7785,Mercedes-Benz,CLA-Class,2026;2027,2,https://www.goodcarbadcar.net/mercedes-benz-cla-class-sales-figures-usa-canada/,pending,,2026-08-13T11:05:20+00:00
b1806b852f774da6d143,Mercedes-Benz,CLS-Class,2021;2022;2023,3,https://www.goodcarbadcar.net/mercedes-benz-cls-class-sales-figures/,pending,,2026-08-13T11:05:20+00:00
f3f85d09c189bbad2bea,Mercedes-Benz,E-Class,1994;1995;1996;1997;1998;1999;2000;2025;2026,9,https://www.goodcarbadcar.net/mercedes-benz-e-class-sales-figures/,pending,,2026-08-13T11:05:20+00:00
aad6c7f0d9f35eec9ede,Mercedes-Benz,GLS-Class,2026,1,https://www.goodcarbadcar.net/mercedes-benz-gl-class-sales-figures/,pending,,2026-08-13T11:05:20+00:00
703988edd097906102aa,Mercedes-Benz,GLA-Class,2026,1,https://www.goodcarbadcar.net/mercedes-benz-gla-sales-figures-usa-canada/,pending,,2026-08-13T11:05:20+00:00
5a403695282e997291ba,Mercedes-Benz,GLB-Class,2026,1,https://www.goodcarbadcar.net/mercedes-benz-glb-sales-figures/,pending,,2026-08-13T11:05:20+00:00
37fc6bc4cf337bfbdb83,Mercedes-Benz,GLC-Class,2026,1,https://www.goodcarbadcar.net/mercedes-benz-glk-class-sales-figures/,pending,,2026-08-13T11:05:20+00:00
ab3cdcf0b8f5c8852f30,Mercedes-Benz,GLE-Class,2026,1,https://www.goodcarbadcar.net/mercedes-benz-m-class-sales-figures/,pending,,2026-08-13T11:05:20+00:00
a86c4390130105915f91,Mercedes-Benz,S-Class,1994;1995;1996;1997;1998;2026,6,https://www.goodcarbadcar.net/mercedes-benz-s-class-sales-figures/,pending,,2026-08-13T11:05:20+00:00
caabca6a6bea1da53af3,Mercury,Cougar,1989;1990;1991;1992;1993;1994;1995;1996;1997;1999;2000;2001;2002,13,https://www.goodcarbadcar.net/mercury-cougar-sales-figures-usa-canada/,pending,,2026-08-13T11:05:20+00:00
0a5559e1a9a544ce08a4,Mercury,Mariner,2011,1,https://www.goodcarbadcar.net/mercury-mariner-sales-figures/,pending,,2026-08-13T11:05:20+00:00
33c2b8e654a164535d69,Mercury,Milan,2011,1,https://www.goodcarbadcar.net/mercury-milan-sales-figures-usa/,pending,,2026-08-13T11:05:20+00:00
54f6bcc7155415ef39f9,Mercury,Monterey,1952;1953;1954;1955;1956;1957;1958;1959;1960;1961;1962;1963;1964;1965;1966;1967;1968;1969;1970;1971;1972;1973;1974,23,https://www.goodcarbadcar.net/mercury-monterey-sales-figures-usa/,pending,,2026-08-13T11:05:20+00:00
2cb491115389ce268590,MINI,Cooper,2002;2003;2004;2026;2027,5,https://www.goodcarbadcar.net/mini-cooper-sales-figures/,pending,,2026-08-13T11:05:20+00:00
df7fedc88f86ca986db5,MINI,Hardtop,2002;2003;2004;2005;2006;2007;2008;2009;2010;2011;2012;2013;2014;2015;2016;2017;2018;2019;2020;2021;2022;2023;2024,23,https://www.goodcarbadcar.net/mini-cooper-sales-figures/,pending,,2026-08-13T11:05:20+00:00
3264167a1cf636d58b1c,MINI,Countryman,2026;2027,2,https://www.goodcarbadcar.net/mini-countryman-sales-figures/,pending,,2026-08-13T11:05:20+00:00
80070224666f2fb7249f,Mitsubishi,Outlander,2026,1,https://www.goodcarbadcar.net/mitsubishi-outlander-sales-figures/,pending,,2026-08-13T11:05:20+00:00
0271f4d6298272c37034,Nissan,Altima,2026,1,https://www.goodcarbadcar.net/nissan-altima-sales-figures/,pending,,2026-08-13T11:05:20+00:00
51aa26334ac70e1d7b00,Nissan,Pathfinder,1987;1988;1989;1990;1991;1992;1993;1994;1995;1996;1997;1998;1999;2000;2001;2002;2003;2004;2026,19,https://www.goodcarbadcar.net/nissan-pathfinder-sales-figures/,pending,,2026-08-13T11:05:20+00:00
b54e73f288b8e668f65b,Nissan,Rogue,2026,1,https://www.goodcarbadcar.net/nissan-rogue-sales-figures/,pending,,2026-08-13T11:05:20+00:00
56aa8950dbba61447844,Nissan,Sentra,1982;1983;1984;1985;1986;1987;1988;1989;1990;1991;1992;1993;1994;1995;1996;1997;1998;1999;2000;2001;2002;2003;2004;2005;2006;2007;2008;2009;2010;2011;2012;2013;2014;2015;2016;2017;2018;2019;2020;2021;2022;2023;2026,43,https://www.goodcarbadcar.net/nissan-sentra-sales-figures/,pending,,2026-08-13T11:05:20+00:00
4116ba49ebd273d4ff13,Nissan,Versa,2026,1,https://www.goodcarbadcar.net/nissan-versa-sales-figures/,pending,,2026-08-13T11:05:20+00:00
dd673c2a396f34711c82,Nissan,Versa Note,2014;2015;2016;2017;2018;2019,6,https://www.goodcarbadcar.net/nissan-versa-sales-figures/,pending,,2026-08-13T11:05:20+00:00
12830a1e33d9987ed7cd,Nissan,Xterra,2000;2001,2,https://www.goodcarbadcar.net/nissan-xterra-sales-figures/,pending,,2026-08-13T11:05:20+00:00
b7800f1d7e8f7d1593b4,Nissan,Z,2023;2026,2,https://www.goodcarbadcar.net/nissan-z-sales-figures/,pending,,2026-08-13T11:05:20+00:00
d2cb2b402c40a1bb0dec,Oldsmobile,Achieva,1992;1993;1994;1995;1996;1997;1998,7,https://www.goodcarbadcar.net/oldsmobile-sales-figures-usa-canada/,pending,,2026-08-13T11:05:20+00:00
b5aa1e1c18564b5dbd60,Polestar,1,2020;2021,2,https://www.goodcarbadcar.net/polestar-1-sales-figures/,pending,,2026-08-13T11:05:20+00:00
6a855199ba2ee7e257fe,Polestar,2,2021;2026,2,https://www.goodcarbadcar.net/polestar-2-sales-figures/,pending,,2026-08-13T11:05:20+00:00
edcb887936b40a0def8f,Pontiac,Bonneville,1957;1958;1959;1960;1961;1962;1963;1964;1965;1966;1967;1968;1969;1970;1971;1972;1973;1974;1975;1976;1977;1978;1979;1980;1981;1982;1983;1984;1985;1986;1999;2000;2001;2002;2003;2004;2005,37,https://www.goodcarbadcar.net/pontiac-bonneville-sales-figures-usa-canada/,pending,,2026-08-13T11:05:20+00:00
92b4e02e3a7cda6a7df2,Pontiac,LeMans,1961;1962;1963;1964;1965;1966;1967;1968;1969;1970;1971;1972;1973;1974;1975;1976;1977;1978;1979;1980;1981;1988;1989;1990;1991;1992;1993,27,https://www.goodcarbadcar.net/pontiac-lemans-sales-figures/,pending,,2026-08-13T11:05:20+00:00
3836ca88083ba872057a,Pontiac,Sunfire,1995;1996;1997;1998;1999;2000;2001;2002;2003;2004;2005,11,https://www.goodcarbadcar.net/pontiac-sunfire-sales-figures-usa-canada/,pending,,2026-08-13T11:05:20+00:00
54f54d5fb67baff51ba3,Porsche,911,1965;1966;1967;1968;1969;1970;1971;1972;1973;1974;1975;1976;1977;1978;1979;1980;1981;1982;1983;1984;1985;1986;1987;1988;1989;1990;1991;1992;1993;1994;1995;1996;1997;1998;1999;2000;2001;2002;2003;2004;2026,41,https://www.goodcarbadcar.net/porsche-911-sales-figures/,pending,,2026-08-13T11:05:20+00:00
28558f1277bed49e243b,Porsche,Boxster,1997;1998;1999;2000;2001;2002;2003;2004;2019;2020;2021;2022;2023;2024;2025,15,https://www.goodcarbadcar.net/porsche-boxster-sales-figures/,pending,,2026-08-13T11:05:20+00:00
f2192cb39b7955c1da37,Porsche,Cayenne,2026,1,https://www.goodcarbadcar.net/porsche-cayenne-sales-figures/,pending,,2026-08-13T11:05:20+00:00
47b31afa5f72d713753c,Porsche,Cayman,2019;2020;2021;2022;2023;2024;2025,7,https://www.goodcarbadcar.net/porsche-cayman-sales-figures/,pending,,2026-08-13T11:05:20+00:00
aa42037cd93f6c1b781d,Porsche,Panamera,2026,1,https://www.goodcarbadcar.net/porsche-panamera-sales-figures/,pending,,2026-08-13T11:05:20+00:00
efdcae46d52dc894448f,Porsche,Taycan,2026,1,https://www.goodcarbadcar.net/porsche-taycan-sales-figures/,pending,,2026-08-13T11:05:20+00:00
e3c2c746598932815060,Rivian,R1S,2026,1,https://www.goodcarbadcar.net/rivian-r1s-sales-figures/,pending,,2026-08-13T11:05:20+00:00
5027b5429fe02ab74aa0,Saab,9-3,1999;2000;2001,3,https://www.goodcarbadcar.net/saab-9-3-sales-figures/,pending,,2026-08-13T11:05:20+00:00
d7df9a5c95a418453305,Saab,9-5,1999;2000;2001;2002;2003;2004;2005;2006;2007;2008;2009,11,https://www.goodcarbadcar.net/saab-9-5-sales-figures/,pending,,2026-08-13T11:05:20+00:00
4e8f9c35fe0bda370fb1,Saab,900,1979;1980;1981;1982;1983;1984;1985;1986;1987;1988;1989;1990;1991;1992;1993;1994;1995;1996;1997;1998,20,https://www.goodcarbadcar.net/saab-brand-sales-figures/,pending,,2026-08-13T11:05:20+00:00
150331f9c41c7156efad,Saturn,Ion,2003;2004,2,https://www.goodcarbadcar.net/saturn-ion-sales-figures-usa-canada/,pending,,2026-08-13T11:05:20+00:00
b82f054b7e4c118cc0c0,Saturn,L-Series,2000;2001;2002;2003;2004;2005,6,https://www.goodcarbadcar.net/saturn-l-series-sales-figures-usa-canada/,pending,,2026-08-13T11:05:20+00:00
b24cfde6de36ed34989f,Subaru,Ascent,2026,1,https://www.goodcarbadcar.net/subaru-ascent-sales-figure/,pending,,2026-08-13T11:05:20+00:00
089930fa6c9e390dba40,Subaru,Forester,2026,1,https://www.goodcarbadcar.net/subaru-forester-sales-figures/,pending,,2026-08-13T11:05:20+00:00
d1c138e7ed9367d7a75d,Subaru,Impreza,1993;1994;1995;1996;1997;1998;1999;2000;2001;2002;2003;2004;2026,13,https://www.goodcarbadcar.net/subaru-impreza-sales-figures/,pending,,2026-08-13T11:05:20+00:00
c0d79dfd450e6ed50cf6,Subaru,Legacy,1990;1991;1992;1993;1994;1995;1996;1997;1998;1999;2000;2001;2002;2003;2004;2026,16,https://www.goodcarbadcar.net/subaru-legacy-sales-figures/,pending,,2026-08-13T11:05:20+00:00
996e162926af45c998a4,Suzuki,Grand Vitara,1999;2000;2001,3,https://www.goodcarbadcar.net/suzuki-grand-vitara-sales-figures/,pending,,2026-08-13T11:05:20+00:00
5acd08bac02ce0e777a2,Tesla,Model S,2012;2013;2014;2015;2016;2017;2018;2019;2020;2021;2022;2023;2024;2025;2026,15,https://www.goodcarbadcar.net/tesla-model-s-sales-figures-usa-canada/,pending,,2026-08-13T11:05:20+00:00
c702bb5b445f3c8cead3,Tesla,Model Y,2020;2026,2,https://www.goodcarbadcar.net/tesla-model-y-sales-figures/,pending,,2026-08-13T11:05:20+00:00
3f9bde335afb9133cddc,Tesla,Model Y L,2026,1,https://www.goodcarbadcar.net/tesla-model-y-sales-figures/,pending,,2026-08-13T11:05:20+00:00
79aca41102bb06938676,Toyota,4Runner,2026,1,https://www.goodcarbadcar.net/toyota-4runner-sales-figures/,pending,,2026-08-13T11:05:20+00:00
237612b73dae5d86a729,Toyota,86,2022;2023;2024;2025;2026,5,https://www.goodcarbadcar.net/toyota-86-sales-figures/,pending,,2026-08-13T11:05:20+00:00
67005ea5cf523ee44851,Toyota,bZ,2026,1,https://www.goodcarbadcar.net/toyota-bz4x-sales-figures/,pending,,2026-08-13T11:05:20+00:00
f4255f6161b4b1f27000,Toyota,Camry,2026,1,https://www.goodcarbadcar.net/toyota-camry-sales-figures/,pending,,2026-08-13T11:05:20+00:00
61f0bad67fcbd67b84e0,Toyota,Celica,1971;1972;1973;1974;1975;1976;1977;1978;1979;1980;1981;1982;1983;1984;1985;1986;1987;1988;1989;1990;1991;1992;1993;1994;1995;1996;1997;1998,28,https://www.goodcarbadcar.net/toyota-celica-sales-figures/,pending,,2026-08-13T11:05:20+00:00
7ec8d12d719aa46fe43e,Toyota,Corolla,2026,1,https://www.goodcarbadcar.net/toyota-corolla-sales-figures/,pending,,2026-08-13T11:05:20+00:00
5a1690a5ad8c34a065bb,Toyota,Crown,2026,1,https://www.goodcarbadcar.net/toyota-crown-sales-figures/,pending,,2026-08-13T11:05:20+00:00
a116291d417ee2a53107,Toyota,Crown Signia,2026,1,https://www.goodcarbadcar.net/toyota-crown-signia-sales-figures/,pending,,2026-08-13T11:05:20+00:00
c16c4635442fd3508e01,Toyota,Grand Highlander,2026,1,https://www.goodcarbadcar.net/toyota-grand-highlander-sales-figures/,pending,,2026-08-13T11:05:20+00:00
e89cc3a46bf48617824c,Toyota,Land Cruiser,1958;1959;1960;1961;1962;1963;1964;1965;1966;1967;1968;1969;1970;1971;1972;1973;1974;1975;1976;1977;1978;1979;1980;1981;1982;1983;1984;1985;1986;1987;1988;1989;1990;1991;1992;1993;1994;1995;1996;1997;1998;1999;2000;2001;2002;2003;2004;2026,48,https://www.goodcarbadcar.net/toyota-land-cruiser-sales-figures/,pending,,2026-08-13T11:05:20+00:00
8268579c6fcd2cdab4b0,Toyota,Prius,2026,1,https://www.goodcarbadcar.net/toyota-prius-sales-figures/,pending,,2026-08-13T11:05:20+00:00
f2966fa7ae27491316c2,Toyota,RAV4,2026,1,https://www.goodcarbadcar.net/toyota-rav4-sales-figures/,pending,,2026-08-13T11:05:20+00:00
528549b569d2c17bf2a1,Toyota,Sequoia,2026,1,https://www.goodcarbadcar.net/toyota-sequoia-sales-figures/,pending,,2026-08-13T11:05:20+00:00
a0b4f5484610e4ab03fb,Toyota,Sienna,2026,1,https://www.goodcarbadcar.net/toyota-sienna-sales-figures/,pending,,2026-08-13T11:05:20+00:00
a95e8da2d73cf062d7cc,Toyota,Tercel,1980;1981;1982;1983;1984,5,https://www.goodcarbadcar.net/toyota-tercel-sales-figures/,pending,,2026-08-13T11:05:20+00:00
97f8a41ffa3272dfcbf2,Toyota,Tundra,2026,1,https://www.goodcarbadcar.net/toyota-tundra-sales-figures/,pending,,2026-08-13T11:05:20+00:00
764de3767f7e3db6c989,Buick,Envision,2026,1,https://www.goodcarbadcar.net/usa-canada-buick-envision-sales-stats-monthly-yearly/,pending,,2026-08-13T11:05:20+00:00
467813bbea386ae171e8,Land Rover,Discovery Sport,2020;2021;2022;2023;2025;2026,6,https://www.goodcarbadcar.net/usa-canada-land-rover-discovery-sport-sales-figures/,pending,,2026-08-13T11:05:20+00:00
fc2a8ee812bdf97e8c98,Maserati,GranTurismo,2008;2009;2010;2011;2012;2013;2014;2015;2019;2025;2026,11,https://www.goodcarbadcar.net/usa-canada-maserati-granturismo-sales-figures/,pending,,2026-08-13T11:05:20+00:00
2108e6039a314a9edf27,Volkswagen,Atlas Cross,2026,1,https://www.goodcarbadcar.net/volkswagen-atlas-cross-sport-sales-figures/,pending,,2026-08-13T11:05:20+00:00
1860499e6a33759a769f,Volkswagen,Atlas,2026,1,https://www.goodcarbadcar.net/volkswagen-atlas-sales-figures-usa-canada/,pending,,2026-08-13T11:05:20+00:00
5d876c5daf7d1015f7d1,Volkswagen,Beetle,1998;1999;2000;2001;2002;2003;2004,7,https://www.goodcarbadcar.net/volkswagen-beetle-sales-figures/,pending,,2026-08-13T11:05:20+00:00
847cb69d834eb229cfb2,Volkswagen,Golf,2026,1,https://www.goodcarbadcar.net/volkswagen-golf-sales-figures/,pending,,2026-08-13T11:05:20+00:00
b8e3cbbc88e87cbbb8df,Volkswagen,Jetta,2026,1,https://www.goodcarbadcar.net/volkswagen-jetta-sales-figures/,pending,,2026-08-13T11:05:20+00:00
991070c13ea39c1cf70b,Volkswagen,Passat,1974;1975;1976;1977;1979;1980;1981;2026,8,https://www.goodcarbadcar.net/volkswagen-quantum-sales-figures/,pending,,2026-08-13T11:05:20+00:00
13d9ca8c2e201cd8c011,Volkswagen,Taos,2026,1,https://www.goodcarbadcar.net/volkswagen-taos-sales-figures/,pending,,2026-08-13T11:05:20+00:00
fad38755df23aa5130d4,Volkswagen,Tiguan,2026,1,https://www.goodcarbadcar.net/volkswagen-tiguan-sales-figures/,pending,,2026-08-13T11:05:20+00:00
c8f26c82bf76cbd1f4f3,Volkswagen,Touareg,2004,1,https://www.goodcarbadcar.net/volkswagen-touareg-sales-figures/,pending,,2026-08-13T11:05:20+00:00
5314daa57d3143da3209,Volvo,C70,1998;1999;2000;2001,4,https://www.goodcarbadcar.net/volvo-c70-sales-figures/,pending,,2026-08-13T11:05:20+00:00
8a103ccfd454be873f43,Volkswagen,Dasher,1978,1,https://www.hemmings.com/stories/vw-dasher-passat-santanna/,pending,,2026-08-13T11:05:20+00:00
f7eb152df4d94455b3bd,Honda,Passport,2026,1,https://www.honda.com/-/media/Honda-Homepage/PDF/DFB_2021_US_July_0726-consumer.pdf,pending,,2026-08-13T11:05:20+00:00
5874341e09609a72d016,Honda,Prelude,2026,1,https://www.honda.com/-/media/Honda-Homepage/PDF/DFB_2021_US_July_0726-consumer.pdf,pending,,2026-08-13T11:05:20+00:00
6235dece3007be7fa45b,Hyundai,Ioniq 9,2026,1,https://www.hyundainews.com/releases/4661?lang=en_US,pending,,2026-08-13T11:05:20+00:00
591b224b657c94b50836,Suzuki,Sidekick,1989;1990;1991;1992;1993;1994;1995;1996;1997;1998,10,https://www.latimes.com/archives/la-xpm-1989-10-01-fi-1172-story.html,pending,,2026-08-13T11:05:20+00:00
b5f8c03ed9337882360f,Mazda,Miata,1990;1991;1992;1993;1994;1995;1996;1997;1999;2000;2001;2002;2003;2004;2005;2006;2007;2008;2009;2010;2011;2012;2013;2014;2015;2016;2017;2018;2019;2020;2021;2022;2023;2024;2025;2026,36,https://www.liquisearch.com/mazda_mx5/production_numbers_and_details,pending,,2026-08-13T11:05:20+00:00
3204340c32cd5c79de96,Mitsubishi,Montero Sport,2001;2002;2003;2004,4,https://www.mitsubishi-motors.com/en/corporate/ir/library/pdf/fact0109.pdf,pending,,2026-08-13T11:05:20+00:00
7fb84efb35e645421944,Volkswagen,Rabbit,1975;1977;1978;1979;1982;1983;1984;2006;2007;2008;2009,11,https://www.motor1.com/news/749402/volkswagen-rabbit-golf-america-1975-history/,pending,,2026-08-13T11:05:20+00:00
f8e41ac9cee92d30c87a,Nissan,240SX,1989;1990;1991;1992;1993;1994;1995;1996;1997;1998,10,https://www.nicoclub.com/archives/240sx-buying-guide.html,pending,,2026-08-13T11:05:20+00:00
eac7098a650a09ecb9ee,Chevrolet,Nova,1962;1963;1964;1965;1966;1967;1968;1969;1970;1971;1972;1973;1974;1975;1976;1977;1978;1979;1985;1986;1987;1988,22,https://www.novaresource.org/production.htm,pending,,2026-08-13T11:05:20+00:00
c4cf89dc9182808b049c,BMW,XM,2026,1,https://www.press.bmwgroup.com/usa/article/attachment/T0454803EN_US/642131,pending,,2026-08-13T11:05:20+00:00
abae076599eee02f4d57,BMW,i5,2025;2026,2,https://www.press.bmwgroup.com/usa/article/detail/T0447290EN_US/bmw-of-north-america-reports-q4-2024-u-s-sales-results-sets-new-benchmarks-for-annual-sales-and-bev-sales,pending,,2026-08-13T11:05:20+00:00
d2b10ad8e25d198662b5,BMW,i7,2023;2026,2,https://www.press.bmwgroup.com/usa/article/detail/T0447290EN_US/bmw-of-north-america-reports-q4-2024-u-s-sales-results-sets-new-benchmarks-for-annual-sales-and-bev-sales,pending,,2026-08-13T11:05:20+00:00
e1f60a3df63beb344fe0,Toyota,Corolla iM,2018,1,https://www.prnewswire.com/news-releases/toyota-motor-north-america-reports-december-2017-year-end-sales-300577041.html,pending,,2026-08-13T11:05:20+00:00
329118a402d147c336fe,Lucid Motors,Gravity,2026;2027,2,https://www.sec.gov/Archives/edgar/data/1811210/000162828026017231/ex992investordaypresenta.htm,pending,,2026-08-13T11:05:20+00:00
d00e05cb0f760d48e387,Ford,F-150,2026,1,https://www.sec.gov/Archives/edgar/data/37996/000003799626000151/exhibit99q22026salesrele.htm,pending,,2026-08-13T11:05:20+00:00
3e5f76ca4e424c5c1dcf,Ford,F-100,1953;1954;1955;1956;1957;1958;1959;1960;1961;1962;1963;1964;1965;1966;1967;1968;1969;1970;1971;1972;1973;1974;1975;1976;1977;1978;1979;1980;1981;1982;1983,31,https://www.supermotors.net/registry/ford/f-100,pending,,2026-08-13T11:05:20+00:00
28ca8c1f8298fd7fbde4,Dodge,Stealth,1996,1,https://www.suthnr.com/garage/3s-production.html,pending,,2026-08-13T11:05:20+00:00
10da20d7724d71c0691a,Chevrolet,Beretta,1987,1,https://www.tradecraftspecialties.com/RandomStuff/AutoLiterature/ProductionNumbers,pending,,2026-08-13T11:05:20+00:00
385b0ba82e71509e0983,Chevrolet,Cavalier,1994;1995;1996,3,https://www.tradecraftspecialties.com/RandomStuff/AutoLiterature/ProductionNumbers,pending,,2026-08-13T11:05:20+00:00
f5c383ba2b76032d24ae,Chevrolet,Chevy Van,1964;1965;1966;1967;1968;1969;1970;1971;1972;1973;1974;1975;1976;1977;1978;1979;1980;1981;1982;1983;1984;1985;1986;1987;1988;1989;1990;1991;1992;1993;1994;1995;1996,33,https://www.vcvc.org/forum/vcvc-general-discussion/2660-update-confirmed-production-numbers,pending,,2026-08-13T11:05:20+00:00
d3aa4b48e95de183536f,Volvo,EC40,2026,1,https://www.volvocars.com/us/media/corporate/sales-volumes/2025-12/,pending,,2026-08-13T11:05:20+00:00
c56fff368e6a649ac017,Volvo,EX30,2026,1,https://www.volvocars.com/us/media/corporate/sales-volumes/2025-12/,pending,,2026-08-13T11:05:20+00:00
85346587fb5999841117,Volvo,EX40,2025;2026,2,https://www.volvocars.com/us/media/corporate/sales-volumes/2025-12/,pending,,2026-08-13T11:05:20+00:00
2087301990acbf1c2dc2,Volvo,EX90,2026,1,https://www.volvocars.com/us/media/corporate/sales-volumes/2025-12/,pending,,2026-08-13T11:05:20+00:00
c3f953f9d0353b867b7f,Alfa Romeo,GIULIA,2026,1,,pending,,2026-08-13T11:05:20+00:00
14e4f4586f7898956fb8,Alfa Romeo,Stelvio,2026,1,,pending,,2026-08-13T11:05:20+00:00
2561845ee9556de2b576,Alfa Romeo,Tonale,2026,1,,pending,,2026-08-13T11:05:20+00:00
8966af619fa867f365b4,Kia,Borrego,0,1,,pending,,2026-08-13T11:05:20+00:00
7616489c3a38257df480,Kia,Sephia,0,1,,pending,,2026-08-13T11:05:20+00:00
