CLUSTER_ID,PHYSICAL_SKU,TRUCK_TYPE,CAB_GROUP,BED_GROUP,AXLE_TYPE,CONSUMER_NAME,CONSUMER_NAME_OPTIMIZED,YEAR_GAP_FILLED,YEAR_COMPACT,FITMENT_SUMMARY,MAKE_COUNT,MODEL_COUNT,FITMENT_COUNT,YEAR_MIN,YEAR_MAX,L_MIN,L_MAX,L_SPREAD,W_MIN,W_MAX,W_SPREAD,H_MIN,H_MAX,H_SPREAD,LENGTH_MARGIN_MIN,LENGTH_MARGIN_MEDIAN,ESTIMATED_SALES,CLUSTER_SCORE,CONFIDENCE,SAFETY_PASS,MERGE_STATUS,ORIGINAL_ATOM_COUNT,EXPANDED_ATOM_COUNT,NEW_ATOM_COUNT,EXISTING_ATOM_COUNT,UNRESOLVED_NEW_ATOM_COUNT,INFERRED_NEW_ATOM_COUNT,INFERRED_CLUSTER_ID,MULTI_CLUSTER_ATOM_COUNT,PHYSICAL_SKU_CONFLICT_ATOM_COUNT,TARGET_PHYSICAL_SKU,REJECT_REASON,OPTIMIZED_MERGE_STATUS,OPTIMIZED_EXPANDED_ATOM_COUNT,OPTIMIZED_NEW_ATOM_COUNT,OPTIMIZED_PHYSICAL_SKU_CONFLICT_ATOM_COUNT,OPTIMIZED_REJECT_REASON
PK-XL-HD-SRW-GMC-Sierra-2500HD-3500HD,PK-XL,HD,REGULAR,LONG,SRW,GMC Sierra 2500HD/3500HD 2001-2026 Regular 8.0' Bed,GMC Sierra 2500HD/3500HD 2001-2026 Regular 8.0' Long Bed,0,2001-2026,GMC Sierra 2500HD/3500HD 2001-2026,1,1,5,2001,2026,6002.0199999999995,6002.0199999999995,0.0,2080.26,2080.26,0.0,2054.86,2054.86,0.0,193.0,193.0,310211.0,0.5925,MEDIUM,True,ACCEPT,26,26,0,26,0,0,,0,0,PK-XL,,ACCEPT,26,0,0,
PK-XL-DRW-DRW-Chevrolet-C-K,PK-XL,DRW,EXTENDED,LONG,DRW,Chevrolet C/K DRW 1988-2000 Extended 8.0' Bed,Chevrolet C/K DRW 1988-2000 Extended 8.0' Long Bed,0,1988-2000,Chevrolet C/K 1988-2000,1,1,2,1988,2000,6029.96,6029.96,0.0,2395.22,2395.22,0.0,1930.3999999999999,1930.3999999999999,0.0,165.0,165.0,704389.0,0.5702,MEDIUM,True,ACCEPT,13,26,13,13,0,13,PK-XL-DRW-DRW-Chevrolet-C-K,0,0,PK-XL,,ACCEPT,26,13,0,
PK-XL-FULLSIZE-SRW-Chevrolet-C-K,PK-XL,FULLSIZE,EXTENDED,LONG,SRW,Chevrolet C/K 1988-2000 Extended 8.0' Bed,Chevrolet C/K 1988-2000 Extended 8.0' Long Bed,0,1988-2000,Chevrolet C/K 1988-2000,1,1,2,1988,2000,6029.96,6029.96,0.0,1950.7199999999998,1950.7199999999998,0.0,1930.3999999999999,1930.3999999999999,0.0,165.0,165.0,704389.0,0.5702,MEDIUM,True,ACCEPT,13,26,13,13,0,13,PK-XL-FULLSIZE-SRW-Chevrolet-C-K,0,0,PK-XL,,ACCEPT,26,13,0,
PK-M+-FULLSIZE-SRW-Ram-1500,PK-M+,FULLSIZE,REGULAR,STANDARD,SRW,Ram 1500 2009-2018 Regular 6.4' Bed,Ram 1500 2009-2018 Regular 6.4' Standard Bed,0,2009-2018,Ram 1500 2009-2018,1,1,1,2009,2018,5308.599999999999,5308.599999999999,0.0,2016.76,2016.76,0.0,1973.58,1973.58,0.0,323.4,323.4,825516.0,0.5629,MEDIUM,True,ACCEPT,10,10,0,10,0,0,,0,0,PK-M+,,ACCEPT,10,0,0,
PK-M-MIDSIZE-SRW-Ford-Explorer,PK-M,MIDSIZE,CREW,SHORT,SRW,Ford Explorer Sport Trac 2001-2005 Crew 4.2' Bed,Ford Explorer Sport Trac 2001-2005 Crew 4.2' Short Bed,0,2001-2005,Ford Explorer 2001-2005,1,1,1,2001,2005,5227.32,5227.32,0.0,1869.4399999999998,1869.4399999999998,0.0,1808.48,1808.48,0.0,76.7,76.7,901002.0,0.5474,MEDIUM,True,ACCEPT,5,5,0,5,0,0,,0,0,PK-M,,ACCEPT,5,0,0,
PK-L-FULLSIZE-SRW-Ram-1500-Classic,PK-L,FULLSIZE,CREW,SHORT,SRW,Ram 1500 Classic 2019-2023 Crew 5.6' Bed,Ram 1500 Classic 2019-2023 Crew 5.6' Short Bed,0,2019-2023,Ram 1500 Classic 2019-2023,1,1,1,2019,2023,5816.599999999999,5816.599999999999,0.0,2016.76,2016.76,0.0,1998.98,1998.98,0.0,79.4,79.4,758000.0,0.54,MEDIUM,True,ACCEPT,5,5,0,5,0,0,,0,0,PK-L,,ACCEPT,5,0,0,
PK-XL-FULLSIZE-SRW-Chevrolet-Silverado-1500,PK-XL,FULLSIZE,CREW,SHORT,SRW,Chevrolet Silverado 1500 Trail Boss 2021-2026 Crew 5.8' Bed,Chevrolet Silverado 1500 Trail Boss 2021-2026 Crew 5.8' Short Bed,0,2021-2026,Chevrolet Silverado 1500 2021-2026,1,1,1,2021,2026,5915.66,5915.66,0.0,2062.48,2062.48,0.0,1998.98,1998.98,0.0,279.3,279.3,577397.0,0.5321,MEDIUM,True,ACCEPT,6,6,0,6,0,0,,0,0,PK-XL,,ACCEPT,6,0,0,
PK-XXL-HD-SRW-GMC-Sierra-2500HD-3500HD,PK-XXL,HD,CREW,STANDARD,SRW,GMC Sierra 2500HD/3500HD 2001-2026 Crew/Double 6.8' Bed,GMC Sierra 2500HD/3500HD 2001-2026 Crew/Double 6.8' Standard Bed,0,2001-2026,GMC Sierra 2500HD/3500HD 2001-2026,1,1,8,2001,2026,6350.0,6350.0,0.0,2080.26,2080.26,0.0,2054.86,2062.48,7.619999999999891,101.0,101.0,458241.0,0.5283,MEDIUM,True,ACCEPT,38,52,14,38,0,14,PK-XXL-HD-SRW-GMC-Sierra-2500HD-3500HD,0,0,PK-XXL,,ACCEPT,52,14,0,
PK-M+-FULLSIZE-SRW-GMC-Sierra-1500,PK-M+,FULLSIZE,REGULAR,STANDARD,SRW,GMC Sierra 1500 2019-2026 Regular 6.6' Bed,GMC Sierra 1500 2019-2026 Regular 6.6' Standard Bed,0,2019-2026,GMC Sierra 1500 2019-2026,1,1,1,2019,2026,5356.86,5356.86,0.0,2059.9399999999996,2059.9399999999996,0.0,1920.2399999999998,1920.2399999999998,0.0,275.1,275.1,404539.0,0.5244,MEDIUM,True,ACCEPT,8,8,0,8,0,0,,0,0,PK-M+,,ACCEPT,8,0,0,
PK-XL-FULLSIZE-SRW-GMC-Sierra-1500,PK-XL,FULLSIZE,CREW,SHORT,SRW,GMC Sierra 1500 2019-2026 Crew 5.8' Bed,GMC Sierra 1500 2019-2026 Crew 5.8' Short Bed,0,2019-2026,GMC Sierra 1500 2019-2026,1,1,1,2019,2026,5915.66,5915.66,0.0,2062.48,2062.48,0.0,1998.98,1998.98,0.0,279.3,279.3,404544.0,0.5244,MEDIUM,True,ACCEPT,8,8,0,8,0,0,,0,0,PK-XL,,ACCEPT,8,0,0,
PK-M+-FULLSIZE-SRW-Chevrolet-Silverado-1500,PK-M+,FULLSIZE,REGULAR,STANDARD,SRW,Chevrolet Silverado 1500 2022-2026 Regular 6.6' Bed,Chevrolet Silverado 1500 2022-2026 Regular 6.6' Standard Bed,0,2022-2026,Chevrolet Silverado 1500 2022-2026,1,1,1,2022,2026,5356.86,5356.86,0.0,2059.9399999999996,2059.9399999999996,0.0,1925.3199999999997,1925.3199999999997,0.0,275.1,275.1,447454.0,0.5172,MEDIUM,True,ACCEPT,5,5,0,5,0,0,,0,0,PK-M+,,ACCEPT,5,0,0,
PK-L-MIDSIZE-SRW-Chevrolet-Colorado,PK-L,MIDSIZE,CREW,STANDARD,SRW,Chevrolet Colorado 2015-2022 Crew 6.0' Bed,Chevrolet Colorado 2015-2022 Crew 6.0' Standard Bed,0,2015-2022,Chevrolet Colorado 2015-2022,1,1,1,2015,2022,5715.0,5715.0,0.0,1887.2199999999998,1887.2199999999998,0.0,1793.2399999999998,1793.2399999999998,0.0,181.0,181.0,272764.0,0.5074,MEDIUM,True,ACCEPT,8,8,0,8,0,0,,0,0,PK-L,,ACCEPT,8,0,0,
PK-XL-MIDSIZE-SRW-Ford-F-100,PK-XL,MIDSIZE,EXTENDED,LONG,SRW,Ford F-100 1974-1979 SuperCab 8.0' Bed,Ford F-100 1974-1979 SuperCab 8.0' Long Bed,0,1974-1979,Ford F-100 1974-1979,1,1,1,1974,1979,5918.2,5918.2,0.0,2021.8399999999997,2021.8399999999997,0.0,1803.3999999999999,1803.3999999999999,0.0,276.8,276.8,321250.0,0.5068,MEDIUM,True,ACCEPT,6,6,0,6,0,0,,0,0,PK-XL,,ACCEPT,6,0,0,
PK-WX-DRW-DRW-Ford-F-350-Super-Duty,PK-WX,DRW,REGULAR,LONG,DRW,Ford F-350 Super Duty DRW 1999-2026 Regular 8.0' Bed,Ford F-350 Super Duty DRW 1999-2026 Regular 8.0' Long Bed,0,1999-2026,Ford F-350 Super Duty 1999-2026,1,1,20,1999,2026,5755.639999999999,5887.72,132.08000000000084,2425.7,2438.3999999999996,12.699999999999818,2032.0,2075.18,43.179999999999836,112.3,165.65,10387768.0,0.4994,MEDIUM,True,ACCEPT,28,28,0,28,0,0,,0,0,PK-WX,,ACCEPT,28,0,0,
PK-M+-DRW-DRW-Chevrolet-C-K,PK-M+,DRW,REGULAR,LONG,DRW,Chevrolet C/K DRW 1973-2000 Regular 8.0' Bed,Chevrolet C/K DRW 1973-2000 Regular 8.0' Long Bed,0,1973-2000,Chevrolet C/K 1973-2000,1,1,4,1973,2000,5367.02,5412.74,45.719999999999345,2395.22,2395.22,0.0,1859.28,1925.3199999999997,66.03999999999974,219.3,226.9,2324389.0,0.4876,MEDIUM,True,ACCEPT,29,84,55,29,0,55,PK-M+-DRW-DRW-Chevrolet-C-K,0,0,PK-M+,,ACCEPT,84,55,0,
PK-M+-FULLSIZE-SRW-Chevrolet-C-K__M01,PK-M+,FULLSIZE,REGULAR,LONG,SRW,Chevrolet C/K 1960-1972 Regular 9.0' Bed,Chevrolet C/K 1960-1972 Regular 9.0' Long Bed,0,1960-1972,Chevrolet C/K 1960-1972,1,1,2,1960,1972,5494.0199999999995,5532.12,38.100000000000364,2001.5199999999998,2006.6,5.080000000000155,1803.3999999999999,1811.0199999999998,7.619999999999891,99.9,118.95,1465833.0,0.4825,MEDIUM,True,ACCEPT,13,13,0,13,0,0,,0,0,PK-M+,,ACCEPT,13,0,0,
PK-M+-FULLSIZE-SRW-Chevrolet-C-K__M02,PK-M+,FULLSIZE,REGULAR,LONG,SRW,Chevrolet C/K Longhorn 1968-1972 Regular 8.5' Bed,Chevrolet C/K Longhorn 1968-1972 Regular 8.5' Long Bed,0,1968-1972,Chevrolet C/K 1968-1972,1,1,1,1968,1972,5430.52,5430.52,0.0,2006.6,2006.6,0.0,1803.3999999999999,1803.3999999999999,0.0,201.5,201.5,622500.0,0.4825,MEDIUM,True,ACCEPT,5,5,0,5,0,0,,0,0,PK-M+,,ACCEPT,5,0,0,
PK-M+-FULLSIZE-SRW-Chevrolet-C-K__M03,PK-M+,FULLSIZE,REGULAR,LONG,SRW,Chevrolet C/K 1973-2000 Regular 8.0' Bed,Chevrolet C/K 1973-2000 Regular 8.0' Long Bed,0,1973-2000,Chevrolet C/K 1973-2000,1,1,4,1973,2000,5367.02,5412.74,45.719999999999345,1950.7199999999998,2021.8399999999997,71.11999999999989,1859.28,1925.3199999999997,66.03999999999974,219.3,226.9,2324389.0,0.4825,MEDIUM,True,ACCEPT,29,84,55,29,0,55,PK-M+-FULLSIZE-SRW-Chevrolet-C-K__M03,0,0,PK-M+,,ACCEPT,84,55,0,
PK-M+-FULLSIZE-SRW-Chevrolet-C-K__M04,PK-M+,FULLSIZE,EXTENDED,STANDARD,SRW,Chevrolet C/K 1989-1999 Extended 6.5' Bed,Chevrolet C/K 1989-1999 Extended 6.5' Standard Bed,0,1989-1999,Chevrolet C/K 1989-1999,1,1,2,1989,1999,5549.9,5549.9,0.0,1958.3399999999997,1958.3399999999997,0.0,1798.32,1798.32,0.0,82.1,82.1,635500.0,0.4825,MEDIUM,True,ACCEPT,11,22,11,11,0,11,PK-M+-FULLSIZE-SRW-Chevrolet-C-K__M04,0,0,PK-M+,,ACCEPT,22,11,0,
PK-XXL-HD-SRW-Ford-F-250-F-350-Super-Duty__M01,PK-XXL,HD,CREW,STANDARD,SRW,Ford F-250/F-350 Super Duty 1999-2026 Crew 6.8' Bed,Ford F-250/F-350 Super Duty 1999-2026 Crew 6.8' Standard Bed,0,1999-2026,Ford F-250/F-350 Super Duty 1999-2026,1,1,5,1999,2026,6243.32,6350.0,106.68000000000029,2029.46,2032.0,2.5399999999999636,2052.3199999999997,2072.64,20.320000000000164,101.0,182.3,4193123.0,0.4719,MEDIUM,True,ACCEPT,28,28,0,28,0,0,,0,0,PK-XXL,,ACCEPT,28,0,0,
PK-XXL-HD-SRW-Ford-F-250-F-350-Super-Duty__M02,PK-XXL,HD,EXTENDED,LONG,SRW,Ford F-250/F-350 Super Duty 2001-2016 SuperCab 8.0' Bed,Ford F-250/F-350 Super Duty 2001-2016 SuperCab 8.0' Long Bed,0,2001-2016,Ford F-250/F-350 Super Duty 2001-2016,1,1,4,2001,2016,6283.96,6314.44,30.479999999999563,2029.46,2029.46,0.0,2016.76,2042.16,25.40000000000009,136.6,156.9,2340915.0,0.4719,MEDIUM,True,ACCEPT,16,16,0,16,0,0,,0,0,PK-XXL,,ACCEPT,16,0,0,
PK-L-MIDSIZE-SRW-GMC-Canyon,PK-L,MIDSIZE,CREW,STANDARD,SRW,GMC Canyon 2015-2022 Crew 6.0' Bed,GMC Canyon 2015-2022 Crew 6.0' Standard Bed,0,2015-2022,GMC Canyon 2015-2022,1,1,1,2015,2022,5715.0,5715.0,0.0,1887.2199999999998,1887.2199999999998,0.0,1793.2399999999998,1793.2399999999998,0.0,181.0,181.0,106748.0,0.467,MEDIUM,True,ACCEPT,8,8,0,8,0,0,,0,0,PK-L,,ACCEPT,8,0,0,
PK-M-MIDSIZE-SRW-Ford-Ranger__M01,PK-M,MIDSIZE,MIXED,STANDARD,SRW,Ford Ranger 1993-2011 Regular/SuperCab 6.0' Bed,Ford Ranger 1993-2011 Regular/SuperCab 6.0' Standard Bed,0,1993-2011,Ford Ranger 1993-2011,1,1,3,1993,2011,4810.76,5153.66,342.89999999999964,1762.76,1762.76,0.0,1643.3799999999999,1719.58,76.20000000000005,150.3,269.7,2393519.0,0.4646,MEDIUM,True,ACCEPT,33,38,5,33,0,5,PK-M-MIDSIZE-SRW-Ford-Ranger__M01,0,0,PK-M,,ACCEPT,38,5,0,
PK-M-MIDSIZE-SRW-Ford-Ranger__M02,PK-M,MIDSIZE,EXTENDED,LONG,SRW,Ford Ranger 1998-2011 SuperCab 7.0' Bed,Ford Ranger 1998-2011 SuperCab 7.0' Long Bed,0,1998-2011,Ford Ranger 1998-2011,1,1,1,1998,2011,5171.44,5171.44,0.0,1762.76,1762.76,0.0,1719.58,1719.58,0.0,132.6,132.6,801450.0,0.4646,MEDIUM,True,ACCEPT,14,14,0,14,0,0,,0,0,PK-M,,ACCEPT,14,0,0,
PK-M+-MIDSIZE-SRW-Honda-Ridgeline,PK-M+,MIDSIZE,CREW,SHORT,SRW,Honda Ridgeline 2017-2026 Crew 5.3' Bed,Honda Ridgeline 2017-2026 Crew 5.3' Short Bed,0,2017-2026,Honda Ridgeline 2017-2026,1,1,3,2017,2026,5334.0,5339.079999999999,5.079999999999018,1996.4399999999998,1996.4399999999998,0.0,1798.32,1798.32,0.0,292.9,292.9,384320.0,0.4513,MEDIUM,True,ACCEPT,10,10,0,10,0,0,,0,0,PK-M+,,ACCEPT,10,0,0,
PK-WXXL-DRW-DRW-Chevrolet-C-K,PK-WXXL,DRW,CREW,LONG,DRW,Chevrolet C/K DRW 1992-2000 Crew 8.0' Bed,Chevrolet C/K DRW 1992-2000 Crew 8.0' Long Bed,0,1992-2000,Chevrolet C/K 1992-2000,1,1,3,1992,2000,6352.539999999999,6372.86,20.32000000000062,2395.22,2395.22,0.0,1892.3,1892.3,0.0,427.1,427.1,463777.0,0.4438,MEDIUM,True,ACCEPT,11,18,7,11,0,7,PK-WXXL-DRW-DRW-Chevrolet-C-K,0,0,PK-WXXL,,ACCEPT,18,7,0,
PK-M+-MIDSIZE-SRW-Jeep-Gladiator,PK-M+,MIDSIZE,CREW,SHORT,SRW,Jeep Gladiator 2020-2026 Crew 5.0' Bed Rubicon Included,Jeep Gladiator 2020-2026 Crew 5.0' Short Bed Rubicon Included,0,2020-2026,Jeep Gladiator 2020-2026,1,1,6,2020,2026,5537.2,5537.2,0.0,1874.5199999999998,1874.5199999999998,0.0,1905.0,1932.9399999999998,27.939999999999827,94.8,94.8,437276.0,0.4399,MEDIUM,True,ACCEPT,14,21,7,14,0,7,PK-M+-MIDSIZE-SRW-Jeep-Gladiator,0,0,PK-M+,,ACCEPT,21,7,0,
PK-XXL-DRW-DRW-Chevrolet-C-K,PK-XXL,DRW,CREW,LONG,DRW,Chevrolet C/K DRW 1973-1991 Crew 8.0' Bed,Chevrolet C/K DRW 1973-1991 Crew 8.0' Long Bed,0,1973-1991,Chevrolet C/K 1973-1991,1,1,2,1973,1991,6205.22,6258.5599999999995,53.339999999999236,2395.22,2395.22,0.0,1828.8,1925.3199999999997,96.51999999999975,192.4,219.10000000000002,1827500.0,0.4367,MEDIUM,True,ACCEPT,19,38,19,19,0,19,PK-XXL-DRW-DRW-Chevrolet-C-K,0,0,PK-XXL,,ACCEPT,38,19,0,
PK-M-FULLSIZE-SRW-Chevrolet-Silverado-1500,PK-M,FULLSIZE,REGULAR,STANDARD,SRW,Chevrolet Silverado 1500 2007-2018 Regular 6.6' Bed,Chevrolet Silverado 1500 2007-2018 Regular 6.6' Standard Bed,0,2007-2018,Chevrolet Silverado 1500 2007-2018,1,1,2,2007,2018,5222.24,5222.24,0.0,2029.46,2032.0,2.5399999999999636,1869.4399999999998,1879.6,10.160000000000082,81.8,81.8,1342386.0,0.4307,MEDIUM,True,ACCEPT,12,12,0,12,0,0,,0,0,PK-M,,ACCEPT,12,0,0,
PK-XL-FULLSIZE-SRW-Toyota-Tundra__M01,PK-XL,FULLSIZE,CREW,SHORT,SRW,Toyota Tundra 2022-2026 CrewMax 5.5' Bed,Toyota Tundra 2022-2026 CrewMax 5.5' Short Bed,0,2022-2026,Toyota Tundra 2022-2026,1,1,1,2022,2026,5933.44,5933.44,0.0,2072.64,2072.64,0.0,1981.1999999999998,1981.1999999999998,0.0,261.6,261.6,228425.0,0.423,MEDIUM,True,ACCEPT,5,5,0,5,0,0,,0,0,PK-XL,,ACCEPT,5,0,0,
PK-XL-FULLSIZE-SRW-Toyota-Tundra__M02,PK-XL,FULLSIZE,CREW,STANDARD,SRW,Toyota Tundra 2022-2026 Double 6.5' Bed,Toyota Tundra 2022-2026 Double 6.5' Standard Bed,0,2022-2026,Toyota Tundra 2022-2026,1,1,1,2022,2026,5933.44,5933.44,0.0,2037.08,2037.08,0.0,1981.1999999999998,1981.1999999999998,0.0,261.6,261.6,228423.0,0.423,MEDIUM,True,ACCEPT,5,5,0,5,0,0,,0,0,PK-XL,,ACCEPT,5,0,0,
PK-L-FULLSIZE-SRW-Cadillac-Escalade-EXT,PK-L,FULLSIZE,CREW,SHORT,SRW,Cadillac Escalade EXT 2007-2013 Crew 5.3' Bed,Cadillac Escalade EXT 2007-2013 Crew 5.3' Short Bed,0,2007-2013,Cadillac Escalade EXT 2007-2013,1,1,1,2007,2013,5638.799999999999,5638.799999999999,0.0,2009.1399999999996,2009.1399999999996,0.0,1892.3,1892.3,0.0,257.2,257.2,23123.0,0.3971,MEDIUM,True,ACCEPT,7,7,0,7,0,0,,0,0,PK-L,,ACCEPT,7,0,0,
PK-XL-HD-SRW-Ram-2500-3500,PK-XL,HD,CREW,STANDARD,SRW,Ram 2500/3500 1994-2026 Crew 6.4' Bed,Ram 2500/3500 1994-2026 Crew 6.4' Standard Bed,0,1994-2026,Ram 2500/3500 1994-2026,1,1,4,1994,2026,6029.96,6065.5199999999995,35.55999999999949,2016.76,2019.3,2.5399999999999636,1973.58,2037.08,63.5,129.5,165.0,898869.0,0.3944,MEDIUM,True,ACCEPT,33,33,0,33,0,0,,0,0,PK-XL,,ACCEPT,33,0,0,
PK-XXL-FULLSIZE-SRW-Chevrolet-C-K,PK-XXL,FULLSIZE,CREW,LONG,SRW,Chevrolet C/K 1973-2000 Crew 8.0' Bed,Chevrolet C/K 1973-2000 Crew 8.0' Long Bed Excludes 1992-2000 DRW,0,1973-2000,Chevrolet C/K 1973-2000,1,1,4,1973,2000,6205.22,6372.86,167.63999999999942,1950.7199999999998,2021.8399999999997,71.11999999999989,1828.8,1877.06,48.25999999999999,78.1,145.45,2264389.0,0.3864,MEDIUM,True,ACCEPT,28,84,56,28,0,56,PK-XXL-FULLSIZE-SRW-Chevrolet-C-K,0,0,PK-XXL,,ACCEPT,84,56,0,
PK-WX-DRW-DRW-Chevrolet-C-K,PK-WX,DRW,CREW,STANDARD,DRW,Chevrolet C/K DRW 1999-2000 Crew 6.5' Bed,Chevrolet C/K DRW 1999-2000 Crew 6.5' Standard Bed,0,1999-2000,Chevrolet C/K 1999-2000,1,1,1,1999,2000,5890.26,5890.26,0.0,2395.22,2395.22,0.0,1892.3,1892.3,0.0,109.7,109.7,26889.0,0.3844,MEDIUM,True,ACCEPT,2,2,0,2,0,0,,0,0,PK-WX,,ACCEPT,2,0,0,
PK-XL-FULLSIZE-SRW-Chevrolet-Silverado-EV,PK-XL,FULLSIZE,CREW,SHORT,SRW,Chevrolet Silverado EV 2024-2026 Crew 5.9' Bed,Chevrolet Silverado EV 2024-2026 Crew 5.9' Short Bed,0,2024-2026,Chevrolet Silverado EV 2024-2026,1,1,1,2024,2026,5920.74,5920.74,0.0,2128.52,2128.52,0.0,1998.98,1998.98,0.0,274.3,274.3,22375.0,0.3803,MEDIUM,True,ACCEPT,3,3,0,3,0,0,,0,0,PK-XL,,ACCEPT,3,0,0,
PK-XXXL-HD-SRW-Chevrolet-Silverado-2500HD-3500HD,PK-XXXL,HD,CREW,LONG,SRW,Chevrolet Silverado 2500HD/3500HD 2001-2014/2020-2026 Crew/Double 8.0' Bed,Chevrolet Silverado 2500HD/3500HD 2001-2014/2020-2026 Crew/Double 8.0' Long Bed,0,2001-2014/2020-2026,Chevrolet Silverado 2500HD/3500HD 2001-2014/2020-2026,1,1,17,2001,2026,6515.099999999999,6581.14,66.04000000000087,2029.46,2080.26,50.80000000000018,1958.3399999999997,2054.86,96.52000000000044,218.9,234.1,928172.0,0.374,MEDIUM,True,ACCEPT,21,42,21,21,0,21,PK-XXXL-HD-SRW-Chevrolet-Silverado-2500HD-3500HD,0,0,PK-XXXL,,ACCEPT,42,21,0,
PK-M-FULLSIZE-SRW-GMC-Sierra-1500,PK-M,FULLSIZE,REGULAR,STANDARD,SRW,GMC Sierra 1500 2007-2018 Regular 6.6' Bed,GMC Sierra 1500 2007-2018 Regular 6.6' Standard Bed,0,2007-2018,GMC Sierra 1500 2007-2018,1,1,2,2007,2018,5222.24,5222.24,0.0,2029.46,2032.0,2.5399999999999636,1866.8999999999999,1879.6,12.700000000000045,81.8,81.8,374186.0,0.3739,MEDIUM,True,ACCEPT,12,12,0,12,0,0,,0,0,PK-M,,ACCEPT,12,0,0,
PK-XXL-HD-SRW-Ram-2500-3500__M01,PK-XXL,HD,CREW,LONG,SRW,Ram 2500/3500 1994-2009 Quad 8.0' Bed,Ram 2500/3500 1994-2009 Club/Quad 8.0' Long Bed,0,1994-2009,Ram 2500/3500 1994-2009,1,1,2,1994,2009,6200.139999999999,6342.379999999999,142.23999999999978,2016.76,2029.46,12.700000000000045,1851.66,2004.06,152.39999999999986,108.6,179.75,438310.0,0.373,MEDIUM,True,ACCEPT,16,16,0,16,0,0,,0,0,PK-XXL,,ACCEPT,16,0,0,
PK-XXL-HD-SRW-Ram-2500-3500__M02,PK-XXL,HD,MEGA,STANDARD,SRW,Ram 2500/3500 2006-2026 Mega 6.4' Bed,Ram 2500/3500 2006-2026 Mega 6.4' Standard Bed,0,2006-2026,Ram 2500/3500 2006-2026,1,1,3,2006,2026,6296.66,6347.46,50.80000000000018,2009.1399999999996,2032.0,22.860000000000355,1988.8199999999997,2034.5399999999997,45.72000000000003,103.5,141.6,532146.0,0.373,MEDIUM,True,ACCEPT,21,21,0,21,0,0,,0,0,PK-XXL,,ACCEPT,21,0,0,
PK-XXL-FULLSIZE-SRW-GMC-Sierra-1500,PK-XXL,FULLSIZE,EXTENDED,LONG,SRW,GMC Sierra 1500 1999-2013 Extended 8.0' Bed,GMC Sierra 1500 1999-2013 Extended 8.0' Long Bed,0,1999-2013,GMC Sierra 1500 1999-2013,1,1,2,1999,2013,6266.179999999999,6319.5199999999995,53.340000000000146,1993.8999999999999,2029.46,35.56000000000017,1871.98,1871.98,0.0,131.5,158.15,542316.0,0.3705,MEDIUM,True,ACCEPT,15,15,0,15,0,0,,0,0,PK-XXL,,ACCEPT,15,0,0,
PK-L-MIDSIZE-SRW-Nissan-Frontier,PK-L,MIDSIZE,CREW,STANDARD,SRW,Nissan Frontier 2022-2026 Crew 6.0' Bed,Nissan Frontier 2022-2026 Crew 6.0' Standard Bed,0,2022-2026,Nissan Frontier 2022-2026,1,1,4,2022,2026,5692.139999999999,5692.139999999999,0.0,1854.1999999999998,1854.1999999999998,0.0,1811.0199999999998,1828.8,17.7800000000002,203.9,203.9,99112.0,0.3649,MEDIUM,True,ACCEPT,5,5,0,5,0,0,,0,0,PK-L,,ACCEPT,5,0,0,
PK-L-FULLSIZE-SRW-Toyota-Tundra__M01,PK-L,FULLSIZE,REGULAR,LONG,SRW,Toyota Tundra 2000-2017 Regular 8.0'-8.1' Bed,Toyota Tundra 2000-2017 Regular 8.0'-8.1' Long Bed,0,2000-2017,Toyota Tundra 2000-2017,1,1,2,2000,2017,5808.98,5844.54,35.5600000000004,1910.08,2029.46,119.38000000000011,1805.9399999999998,1935.48,129.5400000000002,51.5,69.25,575267.0,0.3564,MEDIUM,True,ACCEPT,18,36,18,18,0,18,PK-L-FULLSIZE-SRW-Toyota-Tundra__M01,0,0,PK-L,,ACCEPT,36,18,0,
PK-L-FULLSIZE-SRW-Toyota-Tundra__M02,PK-L,FULLSIZE,CREW,STANDARD,SRW,Toyota Tundra 2004-2006/2008-2010/2012-2015/2017-2020 Double 6.5' Bed,Toyota Tundra 2004-2020 Double 6.5' Standard Bed,1,2004-2006/2008-2010/2012-2015/2017-2020,Toyota Tundra 2004-2006/2008-2010/2012-2015/2017-2020,1,1,4,2004,2020,5814.0599999999995,5844.54,30.480000000000473,2014.2199999999998,2029.46,15.240000000000236,1905.0,1935.48,30.480000000000018,51.5,81.9,419544.0,0.3564,MEDIUM,True,ACCEPT,14,14,0,14,0,0,,0,0,PK-L,,ACCEPT,17,3,0,
PK-L-FULLSIZE-SRW-Toyota-Tundra__M03,PK-L,FULLSIZE,CREW,SHORT,SRW,Toyota Tundra 2007-2012/2014-2016/2018-2019/2021 CrewMax 5.5' Bed,Toyota Tundra 2007-2021 CrewMax 5.5' Short Bed,1,2007-2012/2014-2016/2018-2019/2021,Toyota Tundra 2007-2012/2014-2016/2018-2019/2021,1,1,4,2007,2021,5814.0599999999995,5814.0599999999995,0.0,2029.46,2029.46,0.0,1935.48,1935.48,0.0,81.9,81.9,346153.0,0.3564,MEDIUM,True,ACCEPT,12,12,0,12,0,0,,0,0,PK-L,,ACCEPT,15,3,0,
PK-XL-FULLSIZE-SRW-GMC-Sierra-EV,PK-XL,FULLSIZE,CREW,SHORT,SRW,GMC Sierra EV 2024-2026 Crew 5.9' Bed,GMC Sierra EV 2024-2026 Crew 5.9' Short Bed,0,2024-2026,GMC Sierra EV 2024-2026,1,1,1,2024,2026,5928.36,5928.36,0.0,2128.52,2128.52,0.0,1983.7399999999998,1983.7399999999998,0.0,266.6,266.6,12828.0,0.3563,MEDIUM,True,ACCEPT,3,3,0,3,0,0,,0,0,PK-XL,,ACCEPT,3,0,0,
PK-XXL-FULLSIZE-SRW-Ford-F-150__M01,PK-XXL,FULLSIZE,EXTENDED,LONG,SRW,Ford F-150 2009-2023 SuperCab 8.0' Bed,Ford F-150 2009-2023 SuperCab 8.0' Long Bed,0,2009-2023,Ford F-150 2009-2023,1,1,3,2009,2023,6357.62,6362.7,5.079999999999927,2011.68,2029.46,17.779999999999973,1948.18,1960.8799999999999,12.699999999999818,88.3,90.8,1513976.0,0.3561,MEDIUM,True,ACCEPT,15,15,0,15,0,0,,0,0,PK-XXL,,ACCEPT,15,0,0,
PK-XXL-FULLSIZE-SRW-Ford-F-150__M02,PK-XXL,FULLSIZE,CREW,STANDARD,SRW,Ford F-150 2009-2014/2024-2026 SuperCrew 6.5' Bed,Ford F-150 2009-2014/2024-2026 SuperCrew 6.5' Standard Bed,0,2009-2014/2024-2026,Ford F-150 2009-2014/2024-2026,1,1,2,2009,2026,6195.0599999999995,6195.0599999999995,0.0,2011.68,2029.46,17.779999999999973,1943.1,1971.0399999999997,27.939999999999827,255.9,255.9,763357.0,0.3561,MEDIUM,True,ACCEPT,9,9,0,9,0,0,,0,0,PK-XXL,,ACCEPT,9,0,0,
PK-M+-MIDSIZE-SRW-Dodge-Dakota__M01,PK-M+,MIDSIZE,EXTENDED,STANDARD,SRW,Dodge Dakota 1990-2011 Club 6.5' Bed,Dodge Dakota 1990-2011 Club 6.5' Standard Bed,0,1990-2011,Dodge Dakota 1990-2011,1,1,3,1990,2011,5443.22,5557.5199999999995,114.29999999999927,1762.76,1821.18,58.42000000000007,1739.8999999999999,1744.98,5.080000000000155,74.5,168.5,737422.0,0.3519,MEDIUM,True,ACCEPT,22,22,0,22,0,0,,0,0,PK-M+,,ACCEPT,22,0,0,
PK-M+-MIDSIZE-SRW-Dodge-Dakota__M02,PK-M+,MIDSIZE,REGULAR,LONG,SRW,Dodge Dakota 1990-1999 Regular 8.0' Bed,Dodge Dakota 1990-1999 Regular 8.0' Long Bed,0,1990-1999,Dodge Dakota 1990-1999,1,1,2,1990,1999,5430.52,5466.079999999999,35.55999999999858,1762.76,1816.1,53.33999999999992,1658.62,1709.4199999999998,50.799999999999955,165.9,183.7,364529.0,0.3519,MEDIUM,True,ACCEPT,10,10,0,10,0,0,,0,0,PK-M+,,ACCEPT,10,0,0,
PK-M+-MIDSIZE-SRW-Dodge-Dakota__M03,PK-M+,MIDSIZE,CREW,SHORT,SRW,Dodge Dakota 2000-2011 Quad 5.2' Bed,Dodge Dakota 2000-2011 Club/Quad 5.2' Short Bed,0,2000-2011,Dodge Dakota 2000-2011,1,1,2,2000,2011,5463.54,5557.5199999999995,93.97999999999956,1818.6399999999996,1828.8,10.16000000000031,1699.26,1744.98,45.72000000000003,74.5,121.5,372885.0,0.3519,MEDIUM,True,ACCEPT,12,12,0,12,0,0,,0,0,PK-M+,,ACCEPT,12,0,0,
PK-XXL-FULLSIZE-SRW-Chevrolet-Silverado-1500,PK-XXL,FULLSIZE,EXTENDED,LONG,SRW,Chevrolet Silverado 1500 1999-2013 Extended 8.0' Bed,Chevrolet Silverado 1500 1999-2013 Extended 8.0' Long Bed,0,1999-2013,Chevrolet Silverado 1500 1999-2013,1,1,4,1999,2013,6263.639999999999,6324.599999999999,60.960000000000036,1993.8999999999999,2029.46,35.56000000000017,1869.4399999999998,1877.06,7.620000000000118,126.4,158.15,2239359.0,0.3479,MEDIUM,True,ACCEPT,15,15,0,15,0,0,,0,0,PK-XXL,,ACCEPT,15,0,0,
PK-M-MIDSIZE-SRW-Ford-Maverick,PK-M,MIDSIZE,CREW,SHORT,SRW,Ford Maverick 2022-2026 SuperCrew 4.5' Bed Lobo Included,Ford Maverick 2022-2026 SuperCrew 4.5' Short Bed Lobo Included,0,2022-2026,Ford Maverick 2022-2026,1,1,5,2022,2026,5072.379999999999,5102.86,30.480000000000473,1844.0399999999997,1844.0399999999997,0.0,1719.58,1765.3,45.72000000000003,201.1,208.8,617621.0,0.3462,MEDIUM,True,ACCEPT,11,15,4,11,0,4,PK-M-MIDSIZE-SRW-Ford-Maverick,0,0,PK-M,,ACCEPT,15,4,0,
PK-L-HD-SRW-Chevrolet-Silverado-2500HD-3500HD__M01,PK-L,HD,REGULAR,LONG,SRW,Chevrolet Silverado 2500HD/3500HD 2001-2019 Regular 8.0' Bed,Chevrolet Silverado 2500HD/3500HD 2001-2019 Regular 8.0' Long Bed,0,2001-2019,Chevrolet Silverado 2500HD/3500HD 2001-2019,1,1,11,2001,2019,5699.76,5715.0,15.239999999999782,2024.3799999999999,2034.5399999999997,10.159999999999854,1948.18,1978.66,30.480000000000018,181.0,181.0,844998.0,0.3427,MEDIUM,True,ACCEPT,19,19,0,19,0,0,,0,0,PK-L,,ACCEPT,19,0,0,
PK-L-HD-SRW-Chevrolet-Silverado-2500HD-3500HD__M02,PK-L,HD,CREW,STANDARD,SRW,Chevrolet Silverado 2500HD/3500HD 2015-2017 Double 6.8' Bed,Chevrolet Silverado 2500HD/3500HD 2015-2017 Double 6.8' Standard Bed,0,2015-2017,Chevrolet Silverado 2500HD/3500HD 2015-2017,1,1,3,2015,2017,5842.0,5842.0,0.0,2044.6999999999998,2044.6999999999998,0.0,1983.7399999999998,1983.7399999999998,0.0,54.0,54.0,75000.0,0.3427,MEDIUM,True,ACCEPT,3,3,0,3,0,0,,0,0,PK-L,,ACCEPT,3,0,0,
PK-M+-MIDSIZE-SRW-Nissan-Frontier__M01,PK-M+,MIDSIZE,CREW,STANDARD,SRW,Nissan Frontier 2002-2021 Crew 6.0' Bed,Nissan Frontier 2002-2021 Crew 6.0' Standard Bed,0,2002-2021,Nissan Frontier 2002-2021,1,1,4,2002,2021,5532.12,5572.76,40.64000000000033,1808.48,1849.12,40.63999999999987,1694.18,1879.6,185.41999999999985,59.2,99.9,411845.0,0.3317,MEDIUM,True,ACCEPT,20,40,20,20,0,20,PK-M+-MIDSIZE-SRW-Nissan-Frontier__M01,0,0,PK-M+,,ACCEPT,40,20,0,
PK-M+-MIDSIZE-SRW-Nissan-Frontier__M02,PK-M+,MIDSIZE,CREW,SHORT,SRW,Nissan Frontier 2022-2026 Crew 5.0' Bed,Nissan Frontier 2022-2026 Crew 5.0' Short Bed,0,2022-2026,Nissan Frontier 2022-2026,1,1,1,2022,2026,5339.079999999999,5339.079999999999,0.0,1897.3799999999999,1897.3799999999999,0.0,1851.66,1851.66,0.0,292.9,292.9,99115.0,0.3317,MEDIUM,True,ACCEPT,5,5,0,5,0,0,,0,0,PK-M+,,ACCEPT,5,0,0,
PK-M+-MIDSIZE-SRW-Nissan-Frontier__M03,PK-M+,MIDSIZE,EXTENDED,STANDARD,SRW,Nissan Frontier 2022-2026 King 6.0' Bed,Nissan Frontier 2022-2026 King 6.0' Standard Bed,0,2022-2026,Nissan Frontier 2022-2026,1,1,5,2022,2026,5339.079999999999,5339.079999999999,0.0,1854.1999999999998,1854.1999999999998,0.0,1813.56,1831.3399999999997,17.779999999999745,292.9,292.9,99112.0,0.3317,MEDIUM,True,ACCEPT,5,5,0,5,0,0,,0,0,PK-M+,,ACCEPT,5,0,0,
PK-XL-HD-SRW-Chevrolet-Silverado-2500HD-3500HD__M01,PK-XL,HD,CREW,STANDARD,SRW,Chevrolet Silverado 2500HD/3500HD 2008-2019 Crew 6.5' Bed,Chevrolet Silverado 2500HD/3500HD 2008-2019 Crew 6.5' Standard Bed,0,2008-2019,Chevrolet Silverado 2500HD/3500HD 2008-2019,1,1,6,2008,2019,6083.299999999999,6101.079999999999,17.779999999999745,2032.0,2044.6999999999998,12.699999999999818,1965.96,1991.3600000000001,25.40000000000009,93.9,93.9,354502.0,0.3224,MEDIUM,True,ACCEPT,12,12,0,12,0,0,,0,0,PK-XL,,ACCEPT,12,0,0,
PK-XL-HD-SRW-Chevrolet-Silverado-2500HD-3500HD__M02,PK-XL,HD,CREW,STANDARD,SRW,Chevrolet Silverado 2500HD/3500HD 2020-2021/2023-2024 Double 6.8' Bed,Chevrolet Silverado 2500HD/3500HD 2020-2024 Double 6.8' Standard Bed,1,2020-2021/2023-2024,Chevrolet Silverado 2500HD/3500HD 2020-2021/2023-2024,1,1,4,2020,2024,6108.7,6108.7,0.0,2080.26,2080.26,0.0,2032.0,2032.0,0.0,86.3,86.3,131399.0,0.3224,MEDIUM,True,ACCEPT,4,4,0,4,0,0,,0,0,PK-XL,,ACCEPT,5,1,0,
PK-XL-HD-SRW-Chevrolet-Silverado-2500HD-3500HD__M03,PK-XL,HD,REGULAR,LONG,SRW,Chevrolet Silverado 2500HD/3500HD 2020-2026 Regular 8.0' Bed,Chevrolet Silverado 2500HD/3500HD 2020-2026 Regular 8.0' Long Bed,0,2020-2026,Chevrolet Silverado 2500HD/3500HD 2020-2026,1,1,2,2020,2026,5984.24,5984.24,0.0,2077.72,2077.72,0.0,2054.86,2054.86,0.0,210.8,210.8,227672.0,0.3224,MEDIUM,True,ACCEPT,7,7,0,7,0,0,,0,0,PK-XL,,ACCEPT,7,0,0,
PK-M-MIDSIZE-SRW-Hyundai-Santa-Cruz,PK-M,MIDSIZE,CREW,SHORT,SRW,Hyundai Santa Cruz 2022-2026 Crew 4.3' Bed XRT Included,Hyundai Santa Cruz 2022-2026 Crew 4.3' Short Bed XRT Included,0,2022-2026,Hyundai Santa Cruz 2022-2026,1,1,4,2022,2026,4970.78,4975.86,5.079999999999927,1905.0,1905.0,0.0,1694.18,1699.26,5.079999999999927,328.1,333.2,140668.0,0.3074,MEDIUM,True,ACCEPT,8,10,2,8,0,2,PK-M-MIDSIZE-SRW-Hyundai-Santa-Cruz,0,0,PK-M,,ACCEPT,10,2,0,
PK-M+-MIDSIZE-SRW-Ford-F-100__M01,PK-M+,MIDSIZE,REGULAR,LONG,SRW,Ford F-100 1967/1973-1979 Regular 8.0' Bed,Ford F-100 1967/1973-1979 Regular 8.0' Long Bed,0,1967/1973-1979,Ford F-100 1967/1973-1979,1,1,3,1967,1979,5359.4,5367.02,7.6200000000008,2021.8399999999997,2026.9199999999998,5.080000000000155,1803.3999999999999,1905.0,101.60000000000014,265.0,272.6,631250.0,0.3054,MEDIUM,True,ACCEPT,8,8,0,8,0,0,,0,0,PK-M+,,ACCEPT,8,0,0,
PK-M+-MIDSIZE-SRW-Ford-F-100__M02,PK-M+,MIDSIZE,EXTENDED,STANDARD,SRW,Ford F-100 1974-1979 SuperCab 6.8' Bed,Ford F-100 1974-1979 SuperCab 6.8' Standard Bed,0,1974-1979,Ford F-100 1974-1979,1,1,1,1974,1979,5511.799999999999,5511.799999999999,0.0,2021.8399999999997,2021.8399999999997,0.0,1803.3999999999999,1803.3999999999999,0.0,120.2,120.2,321250.0,0.3054,MEDIUM,True,ACCEPT,6,6,0,6,0,0,,0,0,PK-M+,,ACCEPT,6,0,0,
PK-M-MIDSIZE-SRW-Dodge-Dakota__M01,PK-M,MIDSIZE,REGULAR,LONG,SRW,Dodge Dakota 1987-1989 Regular 8.0' Bed,Dodge Dakota 1987-1989 Regular 8.0' Long Bed,0,1987-1989,Dodge Dakota 1987-1989,1,1,1,1987,1989,5181.599999999999,5181.599999999999,0.0,1727.1999999999998,1727.1999999999998,0.0,1701.8,1701.8,0.0,122.4,122.4,140867.0,0.2965,LOW,True,ACCEPT,3,3,0,3,0,0,,0,0,PK-M,,ACCEPT,3,0,0,
PK-M-MIDSIZE-SRW-Dodge-Dakota__M02,PK-M,MIDSIZE,REGULAR,STANDARD,SRW,Dodge Dakota 1990-2004 Regular 6.5' Bed,Dodge Dakota 1990-2004 Regular 6.5' Standard Bed,0,1990-2004,Dodge Dakota 1990-2004,1,1,2,1990,2004,4960.62,4978.4,17.779999999999745,1762.76,1818.6399999999996,55.879999999999654,1709.4199999999998,1742.4399999999998,33.01999999999998,325.6,334.5,591019.0,0.2965,LOW,True,ACCEPT,15,15,0,15,0,0,,0,0,PK-M,,ACCEPT,15,0,0,
PK-M+-FULLSIZE-SRW-Toyota-Tundra,PK-M+,FULLSIZE,MIXED,STANDARD,SRW,Toyota Tundra 2000-2017 Access/Regular 6.5' Bed,Toyota Tundra 2000-2017 Access/Regular 6.5' Standard Bed,0,2000-2017,Toyota Tundra 2000-2017,1,1,5,2000,2017,5328.92,5524.5,195.57999999999993,1910.08,2029.46,119.38000000000011,1805.9399999999998,1935.48,129.5400000000002,107.5,107.5,668510.0,0.2959,LOW,True,ACCEPT,21,36,15,21,0,15,PK-M+-FULLSIZE-SRW-Toyota-Tundra,0,0,PK-M+,,ACCEPT,36,15,0,
PK-XXXL-HD-SRW-Ram-2500-3500,PK-XXXL,HD,CREW,LONG,SRW,Ram 2500/3500 2010-2026 Crew 8.0' Bed,Ram 2500/3500 2010-2026 Crew 8.0' Long Bed,0,2010-2026,Ram 2500/3500 2010-2026,1,1,2,2010,2026,6588.759999999999,6624.32,35.5600000000004,2009.1399999999996,2016.76,7.620000000000346,1988.8199999999997,2034.5399999999997,45.72000000000003,175.7,193.45,460550.0,0.2827,LOW,True,ACCEPT,17,17,0,17,0,0,,0,0,PK-XXXL,,ACCEPT,17,0,0,
PK-L-MIDSIZE-SRW-Toyota-Tacoma,PK-L,MIDSIZE,MIXED,STANDARD,SRW,Toyota Tacoma 2016-2026 Double/XtraCab 6.0' Bed,Toyota Tacoma 2016-2026 Double/XtraCab 6.0' Standard Bed,0,2016-2026,Toyota Tacoma 2016-2026,1,1,3,2016,2026,5727.7,5745.48,17.779999999999745,1910.08,1953.26,43.180000000000064,1818.6399999999996,1925.3199999999997,106.68000000000006,150.5,150.5,783520.0,0.2771,LOW,True,ACCEPT,14,22,8,14,0,8,PK-L-MIDSIZE-SRW-Toyota-Tacoma,0,0,PK-L,,ACCEPT,22,8,0,
PK-M+-MIDSIZE-SRW-Chevrolet-El-Camino,PK-M+,MIDSIZE,REGULAR,STANDARD,SRW,Chevrolet El Camino 1959-1960/1973-1977 Regular 6.5' Bed,Chevrolet El Camino 1959-1960/1973-1977 Regular 6.5' Standard Bed,0,1959-1960/1973-1977,Chevrolet El Camino 1959-1960/1973-1977,1,1,6,1959,1977,5354.32,5466.079999999999,111.75999999999931,1945.6399999999996,2052.3199999999997,106.68000000000006,1366.5199999999998,1493.5199999999998,127.0,165.9,215.45,285450.0,0.2661,LOW,True,ACCEPT,7,7,0,7,0,0,,0,0,PK-M+,,ACCEPT,7,0,0,
PK-XXL-HD-SRW-Chevrolet-Silverado-2500HD-3500HD__M01,PK-XXL,HD,CREW,LONG,SRW,Chevrolet Silverado 2500HD/3500HD 2015-2019 Double 8.0' Bed,Chevrolet Silverado 2500HD/3500HD 2015-2019 Double 8.0' Long Bed,0,2015-2019,Chevrolet Silverado 2500HD/3500HD 2015-2019,1,1,5,2015,2019,6322.0599999999995,6322.0599999999995,0.0,2044.6999999999998,2044.6999999999998,0.0,1983.7399999999998,1983.7399999999998,0.0,128.9,128.9,144500.0,0.2539,LOW,True,ACCEPT,5,5,0,5,0,0,,0,0,PK-XXL,,ACCEPT,5,0,0,
PK-XXL-HD-SRW-Chevrolet-Silverado-2500HD-3500HD__M02,PK-XXL,HD,CREW,STANDARD,SRW,Chevrolet Silverado 2500HD/3500HD 2020-2022/2024-2026 Crew 6.8' Bed,Chevrolet Silverado 2500HD/3500HD 2020-2026 Crew 6.8' Standard Bed,1,2020-2022/2024-2026,Chevrolet Silverado 2500HD/3500HD 2020-2022/2024-2026,1,1,2,2020,2026,6350.0,6350.0,0.0,2080.26,2080.26,0.0,2054.86,2054.86,0.0,101.0,101.0,192423.0,0.2539,LOW,True,ACCEPT,6,6,0,6,0,0,,0,0,PK-XXL,,ACCEPT,7,1,0,
PK-M+-MIDSIZE-SRW-Ford-Ranger,PK-M+,MIDSIZE,CREW,SHORT,SRW,Ford Ranger 2019-2026 SuperCrew 5.0' Bed Raptor Included,Ford Ranger 2019-2026 SuperCrew 5.0' Short Bed Raptor Included,0,2019-2026,Ford Ranger 2019-2026,1,1,3,2019,2026,5349.24,5356.86,7.619999999999891,1861.82,2026.9199999999998,165.0999999999999,1816.1,1927.8600000000001,111.76000000000022,275.1,277.7,510091.0,0.2517,LOW,True,ACCEPT,11,16,5,11,0,5,PK-M+-MIDSIZE-SRW-Ford-Ranger,0,0,PK-M+,,ACCEPT,16,5,0,
PK-WXXL-DRW-DRW-Ford-F-350-Super-Duty,PK-WXXL,DRW,CREW,LONG,DRW,Ford F-350 Super Duty DRW 1999-2026 Crew 8.0' Bed,Ford F-350 Super Duty DRW 1999-2026 Crew 8.0' Long Bed,0,1999-2026,Ford F-350 Super Duty 1999-2026,1,1,28,1999,2026,6543.04,6761.48,218.4399999999996,2438.3999999999996,2438.3999999999996,0.0,2026.9199999999998,2075.18,48.25999999999999,38.5,119.8,10387784.0,0.245,LOW,False,ACCEPT,28,28,0,28,0,0,,0,0,PK-WXXL,,ACCEPT,28,0,0,
PK-WXXL-DRW-DRW-GMC-Sierra-2500HD-3500HD,PK-WXXL,DRW,CREW,LONG,DRW,GMC Sierra 2500HD/3500HD DRW 2001-2026 Crew 8.0' Bed,GMC Sierra 2500HD/3500HD DRW 2001-2026 Crew 8.0' Long Bed,0,2001-2026,GMC Sierra 2500HD/3500HD 2001-2026,1,1,5,2001,2026,6776.72,6776.72,0.0,2453.64,2453.64,0.0,2032.0,2032.0,0.0,23.3,23.3,310209.0,0.237,LOW,False,ACCEPT,26,26,0,26,0,0,,0,0,PK-WXXL,,ACCEPT,26,0,0,
PK-M+-FULLSIZE-SRW-Rivian-R1T,PK-M+,FULLSIZE,CREW,SHORT,SRW,Rivian R1T 2022-2026 Crew 4.5' Bed Adventure Included,Rivian R1T 2022-2026 Crew 4.5' Short Bed Adventure Included,0,2022-2026,Rivian R1T 2022-2026,1,1,3,2022,2026,5514.339999999999,5514.339999999999,0.0,2006.6,2082.7999999999997,76.19999999999982,1856.7399999999998,1986.28,129.5400000000002,117.7,117.7,59552.0,0.2366,LOW,True,ACCEPT,5,10,5,5,0,5,PK-M+-FULLSIZE-SRW-Rivian-R1T,0,0,PK-M+,,ACCEPT,10,5,0,
PK-M+-MIDSIZE-SRW-Ineos-Automotive-Grenadier,PK-M+,MIDSIZE,CREW,SHORT,SRW,Ineos Automotive Grenadier 2024-2026 Crew 5.1' Bed,Ineos Automotive Grenadier 2024-2026 Crew 5.1' Short Bed,0,2024-2026,Ineos Automotive Grenadier 2024-2026,1,1,2,2024,2026,5400.04,5400.04,0.0,1943.1,1943.1,0.0,2016.76,2019.3,2.5399999999999636,232.0,232.0,3800.0,0.2344,LOW,True,ACCEPT,3,3,0,3,0,0,,0,0,PK-M+,,ACCEPT,3,0,0,
PK-M-MIDSIZE-SRW-Chevrolet-S10__M01,PK-M,MIDSIZE,REGULAR,LONG,SRW,Chevrolet S10 1982-2001/2003 Regular 7.5' Bed,Chevrolet S10 1982-2003 Regular 7.5' Long Bed,1,1982-2001/2003,Chevrolet S10 1982-2001/2003,1,1,24,1982,2003,4930.139999999999,5234.94,304.8000000000002,1643.3799999999999,1724.66,81.2800000000002,1554.48,1661.16,106.68000000000006,69.1,107.2,1284580.0,0.2285,LOW,False,ACCEPT,38,42,4,38,0,4,PK-M-MIDSIZE-SRW-Chevrolet-S10__M01,0,0,PK-M,,ACCEPT,44,6,0,
PK-M-MIDSIZE-SRW-Chevrolet-S10__M02,PK-M,MIDSIZE,MIXED,STANDARD,SRW,Chevrolet S10 1983-2003 Extended/Regular 6.0' Bed Xtreme & ZR2 Included,Chevrolet S10 1983-2003 Extended/Regular 6.0' Standard Bed Xtreme & ZR2 Included,0,1983-2003,Chevrolet S10 1983-2003,1,1,39,1983,2003,4828.54,5234.94,406.39999999999964,1643.3799999999999,1826.26,182.8800000000001,1557.0199999999998,1696.7199999999998,139.70000000000005,69.1,140.2,1577067.0,0.2285,LOW,False,ACCEPT,57,168,111,70,0,98,PK-M-MIDSIZE-SRW-Chevrolet-S10__M02,0,0,PK-M,,REVIEW,168,111,0,19 atoms map to multiple CLUSTER_IDs (same SKU)
PK-M-MIDSIZE-SRW-Chevrolet-S10__M03,PK-M,MIDSIZE,REGULAR,STANDARD,SRW,Chevrolet S10 1998-2003 Regular 6.0' Bed EV & Xtreme & ZR2 Included,Chevrolet S10 1998-2003 Regular 6.0' Standard Bed EV & Xtreme & ZR2 Included,0,1998-2003,Chevrolet S10 1998-2003,1,1,12,1998,2003,4826.0,4846.32,20.31999999999971,1724.66,1826.26,101.59999999999991,1574.8,1633.2199999999998,58.419999999999845,457.7,475.5,222998.0,0.2285,LOW,False,ACCEPT,14,30,16,15,0,15,PK-M-MIDSIZE-SRW-Chevrolet-S10__M03,0,0,PK-M,,REVIEW,30,16,0,4 atoms map to multiple CLUSTER_IDs (same SKU)
PK-M-MIDSIZE-SRW-Chevrolet-S10__M04,PK-M,MIDSIZE,CREW,SHORT,SRW,Chevrolet S10 2001-2004 Crew 4.5' Bed,Chevrolet S10 2001-2004 Crew 4.5' Short Bed,0,2001-2004,Chevrolet S10 2001-2004,1,1,4,2001,2004,5201.92,5214.62,12.699999999999818,1722.12,1724.66,2.540000000000191,1610.36,1610.36,0.0,89.4,102.1,77589.0,0.2285,LOW,False,ACCEPT,4,4,0,4,0,0,,0,0,PK-M,,ACCEPT,4,0,0,
PK-XL-HD-SRW-Chevrolet-Silverado-1500HD,PK-XL,HD,CREW,STANDARD,SRW,Chevrolet Silverado 1500HD 2001-2003/2005-2007 Crew 6.6' Bed,Chevrolet Silverado 1500HD 2001-2007 Crew 6.6' Standard Bed,1,2001-2003/2005-2007,Chevrolet Silverado 1500HD 2001-2003/2005-2007,1,1,4,2001,2007,6024.879999999999,6088.379999999999,63.5,2009.1399999999996,2024.3799999999999,15.240000000000236,1935.48,1963.4199999999998,27.939999999999827,106.6,138.35,321100.0,0.2285,LOW,True,ACCEPT,6,12,6,6,0,6,PK-XL-HD-SRW-Chevrolet-Silverado-1500HD,0,0,PK-XL,,ACCEPT,14,8,0,
PK-M-MIDSIZE-SRW-Chevrolet-SSR,PK-M,MIDSIZE,REGULAR,SHORT,SRW,Chevrolet SSR 2003-2006 Regular 4.1' Bed,Chevrolet SSR 2003-2006 Regular 4.1' Short Bed,0,2003-2006,Chevrolet SSR 2003-2006,1,1,2,2003,2006,4861.5599999999995,4864.099999999999,2.5399999999999636,1996.4399999999998,1996.4399999999998,0.0,1620.5199999999998,1630.68,10.16000000000031,439.9,441.15,23422.0,0.2254,LOW,True,ACCEPT,4,4,0,4,0,0,,0,0,PK-M,,ACCEPT,4,0,0,
PK-L-FULLSIZE-SRW-Ford-F-150__M01,PK-L,FULLSIZE,REGULAR,LONG,SRW,Ford F-150 1997-2026 Regular 8.0' Bed,Ford F-150 1997-2026 Regular 8.0' Long Bed,0,1997-2026,Ford F-150 1997-2026,1,1,7,1997,2026,5702.299999999999,5890.26,187.96000000000095,2004.06,2029.46,25.40000000000009,1846.58,1960.8799999999999,114.29999999999995,5.7,107.3,4413950.0,0.2079,LOW,False,ACCEPT,30,30,0,30,0,0,,0,0,PK-L,,ACCEPT,30,0,0,
PK-L-FULLSIZE-SRW-Ford-F-150__M02,PK-L,FULLSIZE,EXTENDED,STANDARD,SRW,Ford F-150 1997-2012/2014-2015/2017-2026 SuperCab 6.5' Bed,Ford F-150 1997-2026 SuperCab 6.5' Standard Bed,1,1997-2012/2014-2015/2017-2026,Ford F-150 1997-2012/2014-2015/2017-2026,1,1,9,1997,2026,5702.299999999999,5892.799999999999,190.5,2004.06,2029.46,25.40000000000009,1846.58,1960.8799999999999,114.29999999999995,3.2,10.8,4140730.0,0.2079,LOW,False,ACCEPT,28,28,0,28,0,0,,0,0,PK-L,,ACCEPT,30,2,0,
PK-L-FULLSIZE-SRW-Ford-F-150__M03,PK-L,FULLSIZE,CREW,SHORT,SRW,Ford F-150 2001-2002/2004-2020 SuperCrew 5.5' Bed Raptor Included,Ford F-150 2001-2020 SuperCrew 5.5' Short Bed Raptor Included,1,2001-2002/2004-2020,Ford F-150 2001-2002/2004-2020,1,1,6,2001,2020,5689.599999999999,5895.339999999999,205.73999999999978,2004.06,2192.02,187.96000000000004,1930.3999999999999,1993.8999999999999,63.5,0.7,5.7,3156176.0,0.2079,LOW,False,ACCEPT,24,38,14,24,0,14,PK-L-FULLSIZE-SRW-Ford-F-150__M03,0,0,PK-L,,REVIEW,40,16,0,4 atoms map to multiple CLUSTER_IDs (same SKU)
PK-L-FULLSIZE-SRW-Ford-F-150__M04,PK-L,FULLSIZE,CREW,SHORT,SRW,Ford F-150 2021-2026 SuperCrew 5.5' Bed,Ford F-150 2021-2026 SuperCrew 5.5' Short Bed Excludes 2021-2026 Raptor & 2022-2025 Lightning,0,2021-2026,Ford F-150 2021-2026,1,1,3,2021,2026,5885.179999999999,5892.799999999999,7.619999999999891,2029.46,2029.46,0.0,1960.8799999999999,2014.2199999999998,53.33999999999992,3.2,10.8,973811.0,0.2079,LOW,False,ACCEPT,12,12,0,12,0,0,,0,0,PK-L,,ACCEPT,12,0,0,
PK-L-FULLSIZE-SRW-Chevrolet-Silverado-1500__M01,PK-L,FULLSIZE,EXTENDED,STANDARD,SRW,Chevrolet Silverado 1500 1999-2013 Extended 6.5' Bed,Chevrolet Silverado 1500 1999-2013 Extended 6.5' Standard Bed,0,1999-2013,Chevrolet Silverado 1500 1999-2013,1,1,7,1999,2013,5781.04,5847.079999999999,66.03999999999905,1993.8999999999999,2029.46,35.56000000000017,1871.98,1877.06,5.079999999999927,48.9,56.5,2239360.0,0.2013,LOW,False,ACCEPT,15,15,0,15,0,0,,0,0,PK-L,,ACCEPT,15,0,0,
PK-L-FULLSIZE-SRW-Chevrolet-Silverado-1500__M02,PK-L,FULLSIZE,REGULAR,LONG,SRW,Chevrolet Silverado 1500 1999-2026 Regular 8.0' Bed,Chevrolet Silverado 1500 1999-2026 Regular 8.0' Long Bed,0,1999-2026,Chevrolet Silverado 1500 1999-2026,1,1,7,1999,2026,5638.799999999999,5834.379999999999,195.57999999999993,1993.8999999999999,2059.9399999999996,66.03999999999974,1803.3999999999999,1920.2399999999998,116.83999999999992,61.6,196.2,3924888.0,0.2013,LOW,False,ACCEPT,28,28,0,28,0,0,,0,0,PK-L,,ACCEPT,28,0,0,
PK-L-FULLSIZE-SRW-Chevrolet-Silverado-1500__M03,PK-L,FULLSIZE,CREW,SHORT,SRW,Chevrolet Silverado 1500 2004-2026 Crew 5.8' Bed,Chevrolet Silverado 1500 2004-2026 Crew 5.8' Short Bed Excludes 2021-2026 Trail Boss,0,2004-2026,Chevrolet Silverado 1500 2004-2026,1,1,8,2004,2026,5737.86,5890.26,152.40000000000055,1993.8999999999999,2062.48,68.58000000000015,1871.98,1917.6999999999998,45.7199999999998,5.7,48.9,2814482.0,0.2013,LOW,False,ACCEPT,23,23,0,23,0,0,,0,0,PK-L,,ACCEPT,23,0,0,
PK-L-FULLSIZE-SRW-Chevrolet-Silverado-1500__M04,PK-L,FULLSIZE,CREW,STANDARD,SRW,Chevrolet Silverado 1500 2014-2026 Double 6.6' Bed,Chevrolet Silverado 1500 2014-2026 Double 6.6' Standard Bed,0,2014-2026,Chevrolet Silverado 1500 2014-2026,1,1,2,2014,2026,5842.0,5890.26,48.26000000000022,2032.0,2062.48,30.480000000000018,1877.06,1920.2399999999998,43.179999999999836,5.7,29.85,1685540.0,0.2013,LOW,False,ACCEPT,13,13,0,13,0,0,,0,0,PK-L,,ACCEPT,13,0,0,
PK-M-MIDSIZE-SRW-Honda-Ridgeline,PK-M,MIDSIZE,CREW,SHORT,SRW,Honda Ridgeline 2006-2014 Crew 5.0' Bed,Honda Ridgeline 2006-2014 Crew 5.0' Short Bed,0,2006-2014,Honda Ridgeline 2006-2014,1,1,1,2006,2014,5255.26,5255.26,0.0,1976.12,1976.12,0.0,1808.48,1808.48,0.0,48.7,48.7,214408.0,0.2004,LOW,False,ACCEPT,9,9,0,9,0,0,,0,0,PK-M,,ACCEPT,9,0,0,
PK-L-FULLSIZE-SRW-Ram-1500__M01,PK-L,FULLSIZE,MIXED,STANDARD,SRW,Ram 1500 1994-1998/2002-2006/2008-2014/2016/2018-2026 Club/Quad/Quad 6.4' Bed,Ram 1500 1994-2026 Club/Quad 6.4' Standard Bed,1,1994-1998/2002-2006/2008-2014/2016/2018-2026,Ram 1500 1994-1998/2002-2006/2008-2014/2016/2018-2026,1,1,7,1994,2026,5692.139999999999,5816.599999999999,124.46000000000004,2016.76,2085.3399999999997,68.5799999999997,1897.3799999999999,1973.58,76.20000000000005,79.4,81.9,3532341.0,0.189,LOW,False,ACCEPT,27,54,27,27,0,27,PK-L-FULLSIZE-SRW-Ram-1500__M01,0,0,PK-L,,ACCEPT,66,39,0,
PK-L-FULLSIZE-SRW-Ram-1500__M02,PK-L,FULLSIZE,REGULAR,LONG,SRW,Ram 1500 1997/1999-2001/2005/2007/2009-2018 Regular 8.0' Bed,Ram 1500 1997-2018 Regular 8.0' Long Bed,1,1997/1999-2001/2005/2007/2009-2018,Ram 1500 1997/1999-2001/2005/2007/2009-2018,1,1,5,1997,2018,5692.139999999999,5867.4,175.26000000000022,2016.76,2029.46,12.700000000000045,1897.3799999999999,1973.58,76.20000000000005,28.6,112.4,1814841.0,0.189,LOW,False,ACCEPT,16,16,0,16,0,0,,0,0,PK-L,,ACCEPT,22,6,0,
PK-L-FULLSIZE-SRW-Ram-1500__M03,PK-L,FULLSIZE,CREW,SHORT,SRW,Ram 1500 2011-2012/2014-2018 Crew 5.6' Bed,Ram 1500 2011-2018 Crew 5.6' Short Bed,1,2011-2012/2014-2018,Ram 1500 2011-2012/2014-2018,1,1,2,2011,2018,5816.599999999999,5816.599999999999,0.0,2016.76,2016.76,0.0,1938.0199999999998,1973.58,35.56000000000017,79.4,79.4,642371.0,0.189,LOW,False,ACCEPT,7,7,0,7,0,0,,0,0,PK-L,,ACCEPT,8,1,0,
PK-L-HD-SRW-Ford-F-250-F-350-Super-Duty__M01,PK-L,HD,REGULAR,LONG,SRW,Ford F-250/F-350 Super Duty 1999-2026 Regular 8.0' Bed,Ford F-250/F-350 Super Duty 1999-2026 Regular 8.0' Long Bed,0,1999-2026,Ford F-250/F-350 Super Duty 1999-2026,1,1,5,1999,2026,5755.639999999999,5887.72,132.08000000000084,2029.46,2032.0,2.5399999999999636,2011.68,2072.64,60.95999999999981,8.3,115.0,4193109.0,0.1852,LOW,False,ACCEPT,28,28,0,28,0,0,,0,0,PK-L,,ACCEPT,28,0,0,
PK-L-HD-SRW-Ford-F-250-F-350-Super-Duty__M02,PK-L,HD,EXTENDED,STANDARD,SRW,Ford F-250/F-350 Super Duty 1999-2010 SuperCab 6.8' Bed,Ford F-250/F-350 Super Duty 1999-2010 SuperCab 6.8' Standard Bed,0,1999-2010,Ford F-250/F-350 Super Duty 1999-2010,1,1,2,1999,2010,5877.5599999999995,5887.72,10.160000000000764,2029.46,2029.46,0.0,2032.0,2037.08,5.079999999999927,8.3,13.35,1820336.0,0.1852,LOW,False,ACCEPT,12,12,0,12,0,0,,0,0,PK-L,,ACCEPT,12,0,0,
PK-XXXL-HD-SRW-Ford-F-250-F-350-Super-Duty__M01,PK-XXXL,HD,CREW,LONG,SRW,Ford F-250/F-350 Super Duty 1999-2022 Crew 8.0' Bed,Ford F-250/F-350 Super Duty 1999-2022 Crew 8.0' Long Bed,0,1999-2022,Ford F-250/F-350 Super Duty 1999-2022,1,1,4,1999,2022,6654.799999999999,6761.48,106.68000000000029,2029.46,2032.0,2.5399999999999636,2026.9199999999998,2065.02,38.100000000000136,38.5,127.4,3664060.0,0.1843,LOW,False,ACCEPT,24,24,0,24,0,0,,0,0,PK-XXXL,,ACCEPT,24,0,0,
PK-XXXL-HD-SRW-Ford-F-250-F-350-Super-Duty__M02,PK-XXXL,HD,MIXED,LONG,SRW,Ford F-250/F-350 Super Duty 2017-2026 Crew/SuperCab 8.0' Bed,Ford F-250/F-350 Super Duty 2017-2026 Crew/SuperCab 8.0' Long Bed,0,2017-2026,Ford F-250/F-350 Super Duty 2017-2026,1,1,3,2017,2026,6461.76,6761.48,299.71999999999935,2032.0,2032.0,0.0,2067.56,2070.1,2.5399999999999636,38.5,338.2,2032095.0,0.1843,LOW,False,ACCEPT,14,20,6,20,0,0,,0,0,PK-XXXL,,ACCEPT,20,6,0,
PK-M+-FULLSIZE-SRW-Ford-F-150__M01,PK-M+,FULLSIZE,REGULAR,LONG,SRW,Ford F-150 1992-1996 Regular 8.0' Bed,Ford F-150 1992-1996 Regular 8.0' Long Bed,0,1992-1996,Ford F-150 1992-1996,1,1,1,1992,1996,5417.82,5417.82,0.0,2006.6,2006.6,0.0,1803.3999999999999,1803.3999999999999,0.0,214.2,214.2,880417.0,0.1824,LOW,False,ACCEPT,5,5,0,5,0,0,,0,0,PK-M+,,ACCEPT,5,0,0,
PK-M+-FULLSIZE-SRW-Ford-F-150__M02,PK-M+,FULLSIZE,EXTENDED,STANDARD,SRW,Ford F-150 1994-1995 SuperCab 6.5' Bed,Ford F-150 1994-1995 SuperCab 6.5' Standard Bed,0,1994-1995,Ford F-150 1994-1995,1,1,1,1994,1995,5565.139999999999,5565.139999999999,0.0,2006.6,2006.6,0.0,1798.32,1798.32,0.0,66.9,66.9,303750.0,0.1824,LOW,False,ACCEPT,2,2,0,2,0,0,,0,0,PK-M+,,ACCEPT,2,0,0,
PK-M+-FULLSIZE-SRW-Ford-F-150__M03,PK-M+,FULLSIZE,REGULAR,STANDARD,SRW,Ford F-150 2004-2026 Regular 6.5' Bed,Ford F-150 2004-2026 Regular 6.5' Standard Bed,0,2004-2026,Ford F-150 2004-2026,1,1,5,2004,2026,5311.139999999999,5415.28,104.14000000000033,2004.06,2029.46,25.40000000000009,1920.2399999999998,1955.8,35.56000000000017,216.7,313.2,2723177.0,0.1824,LOW,False,ACCEPT,23,23,0,23,0,0,,0,0,PK-M+,,ACCEPT,23,0,0,
PK-M+-FULLSIZE-SRW-Ford-F-150__M04,PK-M+,FULLSIZE,EXTENDED,SHORT,SRW,Ford F-150 Raptor 2010-2014/2017-2020 SuperCab 5.5' Bed,Ford F-150 Raptor 2010-2020 SuperCab 5.5' Short Bed,1,2010-2014/2017-2020,Ford F-150 2010-2014/2017-2020,1,1,2,2010,2020,5588.0,5610.86,22.859999999999673,2192.02,2192.02,0.0,1993.8999999999999,1993.8999999999999,0.0,21.1,32.55,912323.0,0.1824,LOW,False,ACCEPT,9,9,0,9,0,0,,0,0,PK-M+,,ACCEPT,11,2,0,
PK-M-FULLSIZE-SRW-Chevrolet-C-K__M01,PK-M,FULLSIZE,REGULAR,LONG,SRW,Chevrolet C/K 1960-1972 Regular 8.0' Bed,Chevrolet C/K 1960-1972 Regular 8.0' Long Bed,0,1960-1972,Chevrolet C/K 1960-1972,1,1,2,1960,1972,5240.02,5278.12,38.099999999999454,2001.5199999999998,2006.6,5.080000000000155,1811.0199999999998,1879.6,68.58000000000015,25.9,44.95,1465833.0,0.1809,LOW,False,ACCEPT,13,13,0,13,0,0,,0,0,PK-M,,ACCEPT,13,0,0,
PK-M-FULLSIZE-SRW-Chevrolet-C-K__M02,PK-M,FULLSIZE,REGULAR,STANDARD,SRW,Chevrolet C/K 1973-1998 Regular 6.5' Bed,Chevrolet C/K 1973-1998 Regular 6.5' Standard Bed,0,1973-1998,Chevrolet C/K 1973-1998,1,1,3,1973,1998,4859.02,4940.299999999999,81.27999999999884,1958.3399999999997,2021.8399999999997,63.5,1798.32,1854.1999999999998,55.87999999999988,363.7,389.1,2297500.0,0.1809,LOW,False,ACCEPT,27,52,25,27,0,25,PK-M-FULLSIZE-SRW-Chevrolet-C-K__M02,0,0,PK-M,,ACCEPT,52,25,0,
PK-XL-FULLSIZE-SRW-Ford-F-150__M01,PK-XL,FULLSIZE,EXTENDED,LONG,SRW,Ford F-150 1992-1998 SuperCab 8.0' Bed,Ford F-150 1992-1998 SuperCab 8.0' Long Bed,0,1992-1998,Ford F-150 1992-1998,1,1,2,1992,1998,5976.62,6118.86,142.23999999999978,2006.6,2019.3,12.700000000000045,1846.58,1879.6,33.01999999999998,76.1,147.25,1276099.0,0.1744,LOW,False,ACCEPT,7,7,0,7,0,0,,0,0,PK-XL,,ACCEPT,7,0,0,
PK-XL-FULLSIZE-SRW-Ford-F-150__M02,PK-XL,FULLSIZE,CREW,STANDARD,SRW,Ford F-150 2015-2023 SuperCrew 6.5' Bed,Ford F-150 2015-2023 SuperCrew 6.5' Standard Bed,0,2015-2023,Ford F-150 2015-2023,1,1,2,2015,2023,6184.9,6189.98,5.079999999999927,2029.46,2029.46,0.0,1963.4199999999998,1971.0399999999997,7.619999999999891,5.0,7.55,999027.0,0.1744,LOW,False,ACCEPT,9,9,0,9,0,0,,0,0,PK-XL,,ACCEPT,9,0,0,
PK-XL-FULLSIZE-SRW-Ford-F-150__M03,PK-XL,FULLSIZE,CREW,SHORT,SRW,Ford F-150 2021-2026 SuperCrew 5.5' Bed Lightning & Raptor Included,Ford F-150 2021-2026 SuperCrew 5.5' Short Bed Lightning & Raptor Included,0,2021-2026,Ford F-150 2021-2026,1,1,3,2021,2026,5908.04,5910.579999999999,2.539999999999054,2032.0,2209.7999999999997,177.79999999999973,1988.8199999999997,2047.2399999999998,58.42000000000007,284.4,287.0,1135301.0,0.1744,LOW,False,ACCEPT,14,18,4,14,0,4,PK-XL-FULLSIZE-SRW-Ford-F-150__M03,0,0,PK-XL,,ACCEPT,18,4,0,
PK-XXXL-HD-SRW-GMC-Sierra-2500HD-3500HD,PK-XXXL,HD,CREW,LONG,SRW,GMC Sierra 2500HD/3500HD 2001-2026 Crew/Double 8.0' Bed,GMC Sierra 2500HD/3500HD 2001-2026 Crew/Double 8.0' Long Bed Excludes 2001-2026 DRW,0,2001-2026,GMC Sierra 2500HD/3500HD 2001-2026,1,1,8,2001,2026,6532.879999999999,6756.4,223.52000000000044,2080.26,2080.26,0.0,2054.86,2062.48,7.619999999999891,43.6,43.6,458234.0,0.1714,LOW,False,ACCEPT,38,52,14,38,0,14,PK-XXXL-HD-SRW-GMC-Sierra-2500HD-3500HD,0,0,PK-XXXL,,ACCEPT,52,14,0,
PK-M-MIDSIZE-SRW-Ford-F-100__M01,PK-M,MIDSIZE,REGULAR,MIXED,SRW,Ford F-100 1956-1966/1968-1972/1980-1983 Regular 6.5'-8.0' Bed,Ford F-100 1956-1966/1968-1972/1980-1983 Regular 6.5'-8.0' Bed,0,1956-1966/1968-1972/1980-1983,Ford F-100 1956-1966/1968-1972/1980-1983,1,1,8,1956,1983,4831.079999999999,5290.82,459.7400000000007,1922.78,2026.9199999999998,104.13999999999987,1752.6,1912.62,160.01999999999998,13.2,194.8,2710000.0,0.1692,LOW,False,ACCEPT,28,40,12,28,0,12,PK-M-MIDSIZE-SRW-Ford-F-100__M01,0,0,PK-M,,REVIEW,40,12,0,12 atoms map to multiple CLUSTER_IDs (same SKU)
PK-M-MIDSIZE-SRW-Ford-F-100__M02,PK-M,MIDSIZE,REGULAR,STANDARD,SRW,Ford F-100 1967/1973-1983 Regular 6.5'-6.8' Bed,Ford F-100 1967-1983 Regular 6.5'-6.8' Standard Bed,1,1967/1973-1983,Ford F-100 1967/1973-1983,1,1,4,1967,1983,4859.02,4953.0,93.97999999999956,1955.8,2026.9199999999998,71.11999999999989,1755.1399999999996,1905.0,149.86000000000035,351.0,387.85,746250.0,0.1692,LOW,False,ACCEPT,12,24,12,12,0,12,PK-M-MIDSIZE-SRW-Ford-F-100__M02,0,0,PK-M,,REVIEW,34,22,0,16 atoms map to multiple CLUSTER_IDs (same SKU)
PK-M+-FULLSIZE-SRW-Cadillac-Escalade-EXT,PK-M+,FULLSIZE,CREW,SHORT,SRW,Cadillac Escalade EXT 2002-2006 Crew 5.3' Bed,Cadillac Escalade EXT 2002-2006 Crew 5.3' Short Bed,0,2002-2006,Cadillac Escalade EXT 2002-2006,1,1,1,2002,2006,5623.5599999999995,5623.5599999999995,0.0,2019.3,2019.3,0.0,1920.2399999999998,1920.2399999999998,0.0,8.4,8.4,49173.0,0.1688,LOW,False,ACCEPT,5,5,0,5,0,0,,0,0,PK-M+,,ACCEPT,5,0,0,
PK-XL-HD-SRW-Ford-F-250-F-350-Super-Duty__M01,PK-XL,HD,EXTENDED,LONG,SRW,Ford F-250/F-350 Super Duty 1999-2000 SuperCab 8.0' Bed,Ford F-250/F-350 Super Duty 1999-2000 SuperCab 8.0' Long Bed,0,1999-2000,Ford F-250/F-350 Super Duty 1999-2000,1,1,1,1999,2000,6177.28,6177.28,0.0,2029.46,2029.46,0.0,2042.16,2042.16,0.0,17.7,17.7,349143.0,0.1687,LOW,False,ACCEPT,2,2,0,2,0,0,,0,0,PK-XL,,ACCEPT,2,0,0,
PK-XL-HD-SRW-Ford-F-250-F-350-Super-Duty__M02,PK-XL,HD,EXTENDED,STANDARD,SRW,Ford F-250/F-350 Super Duty 2011-2026 SuperCab 6.8' Bed,Ford F-250/F-350 Super Duty 2011-2026 SuperCab 6.8' Standard Bed,0,2011-2026,Ford F-250/F-350 Super Duty 2011-2026,1,1,3,2011,2026,5902.96,6050.28,147.3199999999997,2029.46,2032.0,2.5399999999999636,2037.08,2072.64,35.559999999999945,144.7,144.7,2372771.0,0.1687,LOW,False,ACCEPT,16,16,0,16,0,0,,0,0,PK-XL,,ACCEPT,16,0,0,
PK-L-FULLSIZE-SRW-GMC-Sierra-1500__M01,PK-L,FULLSIZE,MIXED,STANDARD,SRW,GMC Sierra 1500 1999-2026 Double/Extended 6.6' Bed,GMC Sierra 1500 1999-2026 Double/Extended 6.6' Standard Bed,0,1999-2026,GMC Sierra 1500 1999-2026,1,1,4,1999,2026,5783.579999999999,5890.26,106.6800000000012,1993.8999999999999,2062.48,68.58000000000015,1871.98,1920.2399999999998,48.25999999999976,5.7,51.45,1152981.0,0.1653,LOW,False,ACCEPT,28,56,28,28,0,28,PK-L-FULLSIZE-SRW-GMC-Sierra-1500__M01,0,0,PK-L,,ACCEPT,56,28,0,
PK-L-FULLSIZE-SRW-GMC-Sierra-1500__M02,PK-L,FULLSIZE,REGULAR,LONG,SRW,GMC Sierra 1500 1999-2026 Regular 8.0' Bed,GMC Sierra 1500 1999-2026 Regular 8.0' Long Bed,0,1999-2026,GMC Sierra 1500 1999-2026,1,1,4,1999,2026,5699.76,5834.379999999999,134.61999999999898,1993.8999999999999,2059.9399999999996,66.03999999999974,1866.8999999999999,1920.2399999999998,53.33999999999992,61.6,154.35,1152966.0,0.1653,LOW,False,ACCEPT,28,28,0,28,0,0,,0,0,PK-L,,ACCEPT,28,0,0,
PK-L-FULLSIZE-SRW-GMC-Sierra-1500__M03,PK-L,FULLSIZE,CREW,SHORT,SRW,GMC Sierra 1500 2004-2018 Crew 5.8' Bed,GMC Sierra 1500 2004-2018 Crew 5.8' Short Bed,0,2004-2018,GMC Sierra 1500 2004-2018,1,1,3,2004,2018,5839.46,5847.079999999999,7.619999999998981,1993.8999999999999,2032.0,38.100000000000136,1871.98,1884.68,12.700000000000045,48.9,54.0,496817.0,0.1653,LOW,False,ACCEPT,15,15,0,15,0,0,,0,0,PK-L,,ACCEPT,15,0,0,
PK-L-FULLSIZE-SRW-Chevrolet-C-K,PK-L,FULLSIZE,CREW,STANDARD,SRW,Chevrolet C/K 1999-2000 Crew 6.5' Bed,Chevrolet C/K 1999-2000 Crew 6.5' Standard Bed,0,1999-2000,Chevrolet C/K 1999-2000,1,1,1,1999,2000,5890.26,5890.26,0.0,1950.7199999999998,1950.7199999999998,0.0,1892.3,1892.3,0.0,5.7,5.7,26889.0,0.1538,LOW,False,ACCEPT,2,2,0,2,0,0,,0,0,PK-L,,ACCEPT,2,0,0,
PK-L-HD-SRW-Ram-2500-3500,PK-L,HD,REGULAR,LONG,SRW,Ram 2500/3500 1994-2026 Regular 8.0' Bed,Ram 2500/3500 1994-2026 Regular 8.0' Long Bed,0,1994-2026,Ram 2500/3500 1994-2026,1,1,4,1994,2026,5834.379999999999,5892.799999999999,58.42000000000007,2016.76,2021.8399999999997,5.0799999999997,1991.3600000000001,2037.08,45.7199999999998,3.2,3.2,898847.0,0.1528,LOW,False,ACCEPT,33,33,0,33,0,0,,0,0,PK-L,,ACCEPT,33,0,0,
PK-M-MIDSIZE-SRW-Nissan-Frontier__M01,PK-M,MIDSIZE,EXTENDED,STANDARD,SRW,Nissan Frontier 1998-2001/2005-2007/2014-2017 King 6.0' Bed,Nissan Frontier 1998-2017 King 6.0' Standard Bed,1,1998-2001/2005-2007/2014-2017,Nissan Frontier 1998-2001/2005-2007/2014-2017,1,1,8,1998,2017,4980.94,5219.7,238.76000000000022,1689.1,1849.12,160.01999999999998,1590.04,1780.5399999999997,190.49999999999977,84.3,114.80000000000001,294721.0,0.151,LOW,False,ACCEPT,11,22,11,11,0,11,PK-M-MIDSIZE-SRW-Nissan-Frontier__M01,0,0,PK-M,,REVIEW,40,29,0,1 atoms map to multiple CLUSTER_IDs (same SKU)
PK-M-MIDSIZE-SRW-Nissan-Frontier__M02,PK-M,MIDSIZE,CREW,SHORT,SRW,Nissan Frontier 2000-2004 Crew 4.5' Bed,Nissan Frontier 2000-2004 Crew 4.5' Short Bed,0,2000-2004,Nissan Frontier 2000-2004,1,1,5,2000,2004,4904.74,5080.0,175.26000000000022,1808.48,1826.26,17.779999999999973,1673.8600000000001,1879.6,205.73999999999978,224.0,226.5,114001.0,0.151,LOW,False,ACCEPT,5,10,5,5,0,5,PK-M-MIDSIZE-SRW-Nissan-Frontier__M02,0,0,PK-M,,ACCEPT,10,5,0,
PK-M-MIDSIZE-SRW-Nissan-Frontier__M03,PK-M,MIDSIZE,MIXED,STANDARD,SRW,Nissan Frontier 2001-2004/2008-2013/2018-2021 King/Regular 6.0' Bed,Nissan Frontier 2001-2021 King/Regular 6.0' Standard Bed,1,2001-2004/2008-2013/2018-2021,Nissan Frontier 2001-2004/2008-2013/2018-2021,1,1,7,2001,2021,4859.02,5219.7,360.6799999999994,1689.1,1849.12,160.01999999999998,1595.12,1780.5399999999997,185.41999999999985,84.3,150.3,264784.0,0.151,LOW,False,ACCEPT,14,28,14,14,0,14,PK-M-MIDSIZE-SRW-Nissan-Frontier__M03,0,0,PK-M,,REVIEW,42,28,0,1 atoms map to multiple CLUSTER_IDs (same SKU)
PK-M-MIDSIZE-SRW-Nissan-Frontier__M04,PK-M,MIDSIZE,CREW,SHORT,SRW,Nissan Frontier 2005-2021 Crew 5.0' Bed,Nissan Frontier 2005-2021 Crew 5.0' Short Bed,0,2005-2021,Nissan Frontier 2005-2021,1,1,1,2005,2021,5219.7,5219.7,0.0,1849.12,1849.12,0.0,1780.5399999999997,1780.5399999999997,0.0,84.3,84.3,348518.0,0.151,LOW,False,ACCEPT,17,17,0,17,0,0,,0,0,PK-M,,ACCEPT,17,0,0,
PK-M+-MIDSIZE-SRW-Toyota-Tacoma__M01,PK-M+,MIDSIZE,CREW,STANDARD,SRW,Toyota Tacoma 2005-2015 Double 6.0' Bed,Toyota Tacoma 2005-2015 Double 6.0' Standard Bed,0,2005-2015,Toyota Tacoma 2005-2015,1,1,1,2005,2015,5621.0199999999995,5621.0199999999995,0.0,1894.8399999999997,1894.8399999999997,0.0,1785.62,1785.62,0.0,11.0,11.0,756761.0,0.1477,LOW,False,ACCEPT,11,11,0,11,0,0,,0,0,PK-M+,,ACCEPT,11,0,0,
PK-M+-MIDSIZE-SRW-Toyota-Tacoma__M02,PK-M+,MIDSIZE,EXTENDED,STANDARD,SRW,Toyota Tacoma 2016-2023 Access 6.0' Bed,Toyota Tacoma 2016-2023 Access 6.0' Standard Bed,0,2016-2023,Toyota Tacoma 2016-2023,1,1,1,2016,2023,5392.42,5392.42,0.0,1910.08,1910.08,0.0,1793.2399999999998,1793.2399999999998,0.0,239.6,239.6,477874.0,0.1477,LOW,False,ACCEPT,8,8,0,8,0,0,,0,0,PK-M+,,ACCEPT,8,0,0,
PK-M+-MIDSIZE-SRW-Toyota-Tacoma__M03,PK-M+,MIDSIZE,CREW,SHORT,SRW,Toyota Tacoma 2016-2026 Double 5.0' Bed TRD Pro Included,Toyota Tacoma 2016-2026 Double 5.0' Short Bed TRD Pro Included,0,2016-2026,Toyota Tacoma 2016-2026,1,1,4,2016,2026,5392.42,5440.679999999999,48.25999999999931,1910.08,2029.46,119.38000000000011,1818.6399999999996,1925.3199999999997,106.68000000000006,191.3,230.7,1197516.0,0.1477,LOW,False,ACCEPT,21,33,12,21,0,12,PK-M+-MIDSIZE-SRW-Toyota-Tacoma__M03,0,0,PK-M+,,ACCEPT,33,12,0,
PK-XL-FULLSIZE-SRW-Ram-1500__M01,PK-XL,FULLSIZE,CREW,STANDARD,SRW,Ram 1500 2009-2018 Crew 6.4' Bed,Ram 1500 2009-2018 Crew 6.4' Standard Bed,0,2009-2018,Ram 1500 2009-2018,1,1,1,2009,2018,6042.66,6042.66,0.0,2016.76,2016.76,0.0,1973.58,1973.58,0.0,152.3,152.3,825520.0,0.1473,LOW,False,ACCEPT,10,10,0,10,0,0,,0,0,PK-XL,,ACCEPT,10,0,0,
PK-XL-FULLSIZE-SRW-Ram-1500__M02,PK-XL,FULLSIZE,CREW,MIXED,SRW,Ram 1500 2019-2026 Crew 5.6'-6.4' Bed,Ram 1500 2019-2026 Crew 5.6'-6.4' Bed Excludes 2019-2023 Classic,0,2019-2026,Ram 1500 2019-2026,1,1,2,2019,2026,5915.66,6141.72,226.0600000000004,2085.3399999999997,2085.3399999999997,0.0,1971.0399999999997,1976.12,5.080000000000155,53.3,166.3,2119245.0,0.1473,LOW,False,ACCEPT,16,16,0,16,0,0,,0,0,PK-XL,,ACCEPT,16,0,0,
PK-XL-FULLSIZE-SRW-Ram-1500__M03,PK-XL,FULLSIZE,CREW,SHORT,SRW,Ram 1500 2021-2026 Crew 5.6' Bed RHO & TRX,Ram 1500 2021-2026 Crew 5.6' Short Bed RHO & TRX,0,2021-2026,Ram 1500 2021-2026,1,1,2,2021,2026,5915.66,5935.98,20.31999999999971,2235.2,2235.2,0.0,2054.86,2080.26,25.40000000000009,259.0,269.15,660496.0,0.1473,LOW,False,ACCEPT,6,12,6,6,0,6,PK-XL-FULLSIZE-SRW-Ram-1500__M03,0,0,PK-XL,,ACCEPT,12,6,0,
PK-M-FULLSIZE-SRW-Ram-1500,PK-M,FULLSIZE,REGULAR,STANDARD,SRW,Ram 1500 1994-2008 Regular 6.4' Bed,Ram 1500 1994-2008 Regular 6.4' Standard Bed,0,1994-2008,Ram 1500 1994-2008,1,1,2,1994,2008,5184.139999999999,5275.579999999999,91.4399999999996,2016.76,2029.46,12.700000000000045,1897.3799999999999,1905.0,7.620000000000118,28.4,74.15,2624306.0,0.1415,LOW,False,ACCEPT,15,15,0,15,0,0,,0,0,PK-M,,ACCEPT,15,0,0,
PK-M-MIDSIZE-SRW-Toyota-Tacoma__M01,PK-M,MIDSIZE,EXTENDED,STANDARD,SRW,Toyota Tacoma 1995-2013 Access/XtraCab 6.0' Bed,Toyota Tacoma 1995-2013 Access/XtraCab 6.0' Standard Bed,0,1995-2013,Toyota Tacoma 1995-2013,1,1,2,1995,2013,5153.66,5285.74,132.07999999999993,1785.62,1894.8399999999997,109.2199999999998,1719.58,1785.62,66.03999999999996,18.3,84.30000000000001,1261376.0,0.139,LOW,False,ACCEPT,19,38,19,19,0,19,PK-M-MIDSIZE-SRW-Toyota-Tacoma__M01,0,0,PK-M,,ACCEPT,38,19,0,
PK-M-MIDSIZE-SRW-Toyota-Tacoma__M02,PK-M,MIDSIZE,CREW,SHORT,SRW,Toyota Tacoma 2003-2006/2014-2015 Double 5.0' Bed,Toyota Tacoma 2003-2015 Double 5.0' Short Bed,1,2003-2006/2014-2015,Toyota Tacoma 2003-2006/2014-2015,1,1,3,2003,2015,5153.66,5285.74,132.07999999999993,1785.62,1894.8399999999997,109.2199999999998,1719.58,1785.62,66.03999999999996,18.3,18.3,385392.0,0.139,LOW,False,ACCEPT,6,6,0,6,0,0,,0,0,PK-M,,ACCEPT,13,7,0,
PK-M-FULLSIZE-SRW-Ford-F-150,PK-M,FULLSIZE,REGULAR,STANDARD,SRW,Ford F-150 1992-2003 Regular 6.5' Bed,Ford F-150 1992-2003 Regular 6.5' Standard Bed,0,1992-2003,Ford F-150 1992-2003,1,1,5,1992,2003,5006.339999999999,5283.2,276.8600000000006,2006.6,2026.9199999999998,20.319999999999936,1803.3999999999999,1917.6999999999998,114.29999999999995,20.8,297.7,2571198.0,0.1339,LOW,False,ACCEPT,12,12,0,12,0,0,,0,0,PK-M,,ACCEPT,12,0,0,
PK-M-MIDSIZE-SRW-Chevrolet-El-Camino,PK-M,MIDSIZE,REGULAR,STANDARD,SRW,Chevrolet El Camino 1964-1972/1978-1987 Regular 6.5' Bed,Chevrolet El Camino 1964-1972/1978-1987 Regular 6.5' Standard Bed,0,1964-1972/1978-1987,Chevrolet El Camino 1964-1972/1978-1987,1,1,10,1964,1987,5016.5,5257.799999999999,241.29999999999927,1826.26,1925.3199999999997,99.05999999999972,1353.82,1435.1,81.27999999999997,46.2,183.4,696259.0,0.1336,LOW,False,ACCEPT,19,19,0,19,0,0,,0,0,PK-M,,ACCEPT,19,0,0,
PK-XXL-FULLSIZE-SRW-Toyota-Tundra,PK-XXL,FULLSIZE,CREW,LONG,SRW,Toyota Tundra 2007-2026 Double 8.1' Bed,Toyota Tundra 2007-2026 Double 8.1' Long Bed,0,2007-2026,Toyota Tundra 2007-2026,1,1,2,2007,2026,6294.12,6413.5,119.38000000000011,2029.46,2037.08,7.619999999999891,1935.48,1981.1999999999998,45.7199999999998,37.5,97.2,686424.0,0.1238,LOW,False,ACCEPT,20,20,0,20,0,0,,0,0,PK-XXL,,ACCEPT,20,0,0,
PK-M+-MIDSIZE-SRW-Chevrolet-Colorado__M01,PK-M+,MIDSIZE,CREW,SHORT,SRW,Chevrolet Colorado 2015-2026 Crew 5.0' Bed ZR2 Included,Chevrolet Colorado 2015-2026 Crew 5.0' Short Bed ZR2 Included,0,2015-2026,Chevrolet Colorado 2015-2026,1,1,5,2015,2026,5402.579999999999,5415.28,12.700000000000728,1887.2199999999998,1983.7399999999998,96.51999999999998,1793.2399999999998,2077.72,284.48,216.7,229.4,794539.0,0.1194,LOW,False,ACCEPT,21,24,3,21,0,3,PK-M+-MIDSIZE-SRW-Chevrolet-Colorado__M01,0,0,PK-M+,,ACCEPT,24,3,0,
PK-M+-MIDSIZE-SRW-Chevrolet-Colorado__M02,PK-M+,MIDSIZE,EXTENDED,STANDARD,SRW,Chevrolet Colorado 2015/2018-2020 Extended 6.0' Bed,Chevrolet Colorado 2015-2020 Extended 6.0' Standard Bed,1,2015/2018-2020,Chevrolet Colorado 2015/2018-2020,1,1,2,2015,2020,5402.579999999999,5402.579999999999,0.0,1887.2199999999998,1887.2199999999998,0.0,1793.2399999999998,1793.2399999999998,0.0,229.4,229.4,126680.0,0.1194,LOW,False,ACCEPT,4,4,0,4,0,0,,0,0,PK-M+,,ACCEPT,6,2,0,
PK-M+-FULLSIZE-SRW-Chevrolet-Avalanche,PK-M+,FULLSIZE,CREW,SHORT,SRW,Chevrolet Avalanche 2002-2013 Crew 5.3' Bed,Chevrolet Avalanche 2002-2013 Crew 5.3' Short Bed,0,2002-2013,Chevrolet Avalanche 2002-2013,1,1,5,2002,2013,5621.0199999999995,5631.179999999999,10.159999999999854,2009.1399999999996,2026.9199999999998,17.7800000000002,1861.82,1945.6399999999996,83.81999999999971,0.8,3.4,572251.0,0.1118,LOW,False,ACCEPT,17,24,7,17,0,7,PK-M+-FULLSIZE-SRW-Chevrolet-Avalanche,0,0,PK-M+,,ACCEPT,24,7,0,
PK-WXXL-DRW-DRW-Chevrolet-Silverado-2500HD-3500HD,PK-WXXL,DRW,CREW,LONG,DRW,Chevrolet Silverado 2500HD/3500HD DRW 2015-2026 Crew 8.0' Bed,Chevrolet Silverado 2500HD/3500HD DRW 2015-2026 Crew 8.0' Long Bed,0,2015-2026,Chevrolet Silverado 2500HD/3500HD 2015-2026,1,1,12,2015,2026,6563.359999999999,6756.4,193.04000000000087,2438.3999999999996,2458.72,20.320000000000164,1976.12,2049.7799999999997,73.65999999999985,43.6,43.6,372170.0,0.108,LOW,False,ACCEPT,12,12,0,12,0,0,,0,0,PK-WXXL,,ACCEPT,12,0,0,
PK-M-MIDSIZE-SRW-Chevrolet-Colorado__M01,PK-M,MIDSIZE,CREW,SHORT,SRW,Chevrolet Colorado 2004-2005/2008/2012 Crew 5.0' Bed,Chevrolet Colorado 2004-2012 Crew 5.0' Short Bed,1,2004-2005/2008/2012,Chevrolet Colorado 2004-2005/2008/2012,1,1,3,2004,2012,5260.339999999999,5260.339999999999,0.0,1717.0399999999997,1742.4399999999998,25.40000000000009,1656.08,1724.66,68.58000000000015,43.7,43.7,112342.0,0.1039,LOW,False,ACCEPT,4,4,0,4,0,0,,0,0,PK-M,,ACCEPT,9,5,0,
PK-M-MIDSIZE-SRW-Chevrolet-Colorado__M02,PK-M,MIDSIZE,MIXED,STANDARD,SRW,Chevrolet Colorado 2004-2012 Extended/Regular 6.0' Bed,Chevrolet Colorado 2004-2012 Extended/Regular 6.0' Standard Bed,0,2004-2012,Chevrolet Colorado 2004-2012,1,1,2,2004,2012,4897.12,5260.339999999999,363.21999999999935,1742.4399999999998,1742.4399999999998,0.0,1717.0399999999997,1717.0399999999997,0.0,43.7,225.29999999999998,482351.0,0.1039,LOW,False,ACCEPT,18,18,0,18,0,0,,0,0,PK-M,,ACCEPT,18,0,0,
PK-M+-MIDSIZE-SRW-GMC-Canyon__M01,PK-M+,MIDSIZE,CREW,SHORT,SRW,GMC Canyon 2015-2018/2020-2026 Crew 5.0' Bed AT4X Included,GMC Canyon 2015-2026 Crew 5.0' Short Bed AT4X Included,1,2015-2018/2020-2026,GMC Canyon 2015-2018/2020-2026,1,1,4,2015,2026,5402.579999999999,5415.28,12.700000000000728,1838.96,1887.2199999999998,48.25999999999976,1793.2399999999998,2072.64,279.4000000000001,216.7,223.05,209787.0,0.0966,LOW,False,ACCEPT,15,22,7,15,0,7,PK-M+-MIDSIZE-SRW-GMC-Canyon__M01,0,0,PK-M+,,ACCEPT,24,9,0,
PK-M+-MIDSIZE-SRW-GMC-Canyon__M02,PK-M+,MIDSIZE,EXTENDED,STANDARD,SRW,GMC Canyon 2015/2018-2020 Extended 6.0' Bed,GMC Canyon 2015-2020 Extended 6.0' Standard Bed,1,2015/2018-2020,GMC Canyon 2015/2018-2020,1,1,2,2015,2020,5402.579999999999,5402.579999999999,0.0,1887.2199999999998,1887.2199999999998,0.0,1793.2399999999998,1793.2399999999998,0.0,229.4,229.4,45997.0,0.0966,LOW,False,ACCEPT,4,4,0,4,0,0,,0,0,PK-M+,,ACCEPT,6,2,0,
PK-M-MIDSIZE-SRW-GMC-Canyon__M01,PK-M,MIDSIZE,CREW,SHORT,SRW,GMC Canyon 2004-2005/2008/2012 Crew 5.0' Bed,GMC Canyon 2004-2012 Crew 5.0' Short Bed,1,2004-2005/2008/2012,GMC Canyon 2004-2005/2008/2012,1,1,3,2004,2012,5260.339999999999,5260.339999999999,0.0,1742.4399999999998,1742.4399999999998,0.0,1656.08,1724.66,68.58000000000015,43.7,43.7,30040.0,0.0831,LOW,False,ACCEPT,4,4,0,4,0,0,,0,0,PK-M,,ACCEPT,9,5,0,
PK-M-MIDSIZE-SRW-GMC-Canyon__M02,PK-M,MIDSIZE,MIXED,STANDARD,SRW,GMC Canyon 2004-2012 Extended/Regular 6.0' Bed,GMC Canyon 2004-2012 Extended/Regular 6.0' Standard Bed,0,2004-2012,GMC Canyon 2004-2012,1,1,4,2004,2012,4897.12,5260.339999999999,363.21999999999935,1717.0399999999997,1742.4399999999998,25.40000000000009,1663.6999999999998,1717.0399999999997,53.33999999999992,43.7,43.7,128263.0,0.0831,LOW,False,ACCEPT,16,18,2,16,0,2,PK-M-MIDSIZE-SRW-GMC-Canyon__M02,0,0,PK-M,,ACCEPT,18,2,0,
